Person_ID,split,cv_fold
P00001,development,4
P00002,development,1
P00003,development,2
P00004,development,2
P00005,development,2
P00006,development,2
P00007,holdout,-1
P00008,development,2
P00009,holdout,-1
P00010,development,0
P00011,development,2
P00012,development,2
P00013,development,1
P00014,development,2
P00015,holdout,-1
P00016,development,1
P00017,holdout,-1
P00018,development,4
P00019,development,0
P00020,development,2
P00021,development,1
P00022,development,2
P00023,holdout,-1
P00024,development,0
P00025,development,1
P00026,development,1
P00027,holdout,-1
P00028,development,0
P00029,development,0
P00030,development,1
P00031,development,3
P00032,development,3
P00033,development,0
P00034,holdout,-1
P00035,development,1
P00036,development,4
P00037,development,1
P00038,development,0
P00039,development,0
P00040,development,3
P00041,development,0
P00042,development,2
P00043,development,2
P00044,development,4
P00045,development,2
P00046,development,4
P00047,development,0
P00048,development,3
P00049,development,1
P00050,development,1
P00051,development,3
P00052,development,2
P00053,development,3
P00054,development,1
P00055,holdout,-1
P00056,development,4
P00057,development,3
P00058,development,4
P00059,development,0
P00060,development,2
P00061,holdout,-1
P00062,development,3
P00063,holdout,-1
P00064,development,4
P00065,development,2
P00066,development,3
P00067,development,2
P00068,development,4
P00069,development,1
P00070,development,2
P00071,development,0
P00072,development,2
P00073,development,0
P00074,development,1
P00075,development,2
P00076,development,3
P00077,development,4
P00078,holdout,-1
P00079,holdout,-1
P00080,development,3
P00081,development,4
P00082,development,4
P00083,holdout,-1
P00084,development,4
P00085,holdout,-1
P00086,development,0
P00087,development,3
P00088,development,4
P00089,development,3
P00090,holdout,-1
P00091,holdout,-1
P00092,development,4
P00093,holdout,-1
P00094,development,4
P00095,holdout,-1
P00096,holdout,-1
P00097,holdout,-1
P00098,development,0
P00099,development,4
P00100,development,2
P00101,development,1
P00102,development,3
P00103,development,0
P00104,holdout,-1
P00105,development,3
P00106,development,0
P00107,development,4
P00108,development,4
P00109,development,0
P00110,development,3
P00111,development,0
P00112,development,0
P00113,development,2
P00114,holdout,-1
P00115,development,0
P00116,development,2
P00117,holdout,-1
P00118,development,0
P00119,development,1
P00120,development,2
P00121,holdout,-1
P00122,development,4
P00123,development,3
P00124,development,1
P00125,development,3
P00126,development,3
P00127,development,3
P00128,development,0
P00129,development,4
P00130,development,0
P00131,development,2
P00132,holdout,-1
P00133,development,4
P00134,development,1
P00135,holdout,-1
P00136,development,2
P00137,development,0
P00138,holdout,-1
P00139,development,3
P00140,development,3
P00141,development,0
P00142,development,2
P00143,development,1
P00144,holdout,-1
P00145,development,4
P00146,development,1
P00147,holdout,-1
P00148,development,3
P00149,development,3
P00150,development,0
P00151,development,0
P00152,development,3
P00153,development,0
P00154,development,1
P00155,development,3
P00156,development,0
P00157,development,4
P00158,development,4
P00159,development,2
P00160,development,3
P00161,holdout,-1
P00162,development,3
P00163,development,3
P00164,development,0
P00165,development,0
P00166,development,2
P00167,development,2
P00168,development,1
P00169,development,3
P00170,development,4
P00171,development,2
P00172,development,1
P00173,development,3
P00174,development,4
P00175,development,0
P00176,holdout,-1
P00177,development,1
P00178,development,0
P00179,development,3
P00180,development,2
P00181,development,3
P00182,development,2
P00183,development,3
P00184,development,3
P00185,development,2
P00186,development,4
P00187,holdout,-1
P00188,holdout,-1
P00189,development,2
P00190,development,0
P00191,development,0
P00192,development,4
P00193,development,4
P00194,development,2
P00195,holdout,-1
P00196,holdout,-1
P00197,development,3
P00198,development,0
P00199,development,2
P00200,development,3
P00201,holdout,-1
P00202,development,0
P00203,holdout,-1
P00204,development,2
P00205,development,1
P00206,development,4
P00207,development,2
P00208,holdout,-1
P00209,holdout,-1
P00210,development,2
P00211,development,1
P00212,development,1
P00213,holdout,-1
P00214,development,0
P00215,development,2
P00216,development,0
P00217,development,4
P00218,development,4
P00219,development,4
P00220,development,2
P00221,holdout,-1
P00222,development,1
P00223,development,2
P00224,development,4
P00225,holdout,-1
P00226,development,2
P00227,holdout,-1
P00228,development,2
P00229,holdout,-1
P00230,development,4
P00231,holdout,-1
P00232,development,1
P00233,holdout,-1
P00234,holdout,-1
P00235,holdout,-1
P00236,development,0
P00237,development,1
P00238,development,1
P00239,development,1
P00240,holdout,-1
P00241,holdout,-1
P00242,development,2
P00243,development,3
P00244,development,4
P00245,development,0
P00246,development,1
P00247,holdout,-1
P00248,development,3
P00249,development,3
P00250,development,1
P00251,development,2
P00252,development,4
P00253,development,4
P00254,development,4
P00255,development,2
P00256,development,1
P00257,development,1
P00258,development,4
P00259,holdout,-1
P00260,development,0
P00261,holdout,-1
P00262,development,0
P00263,development,4
P00264,development,4
P00265,development,1
P00266,development,0
P00267,development,4
P00268,holdout,-1
P00269,holdout,-1
P00270,development,3
P00271,development,4
P00272,development,2
P00273,development,0
P00274,development,3
P00275,development,3
P00276,development,1
P00277,development,4
P00278,holdout,-1
P00279,development,4
P00280,development,2
P00281,development,2
P00282,holdout,-1
P00283,development,3
P00284,development,0
P00285,development,0
P00286,development,4
P00287,development,4
P00288,development,4
P00289,development,4
P00290,development,3
P00291,development,0
P00292,development,0
P00293,development,0
P00294,development,1
P00295,development,2
P00296,development,4
P00297,holdout,-1
P00298,development,0
P00299,development,1
P00300,development,1
P00301,development,2
P00302,development,0
P00303,development,3
P00304,holdout,-1
P00305,development,3
P00306,holdout,-1
P00307,development,0
P00308,holdout,-1
P00309,development,1
P00310,holdout,-1
P00311,holdout,-1
P00312,development,4
P00313,development,4
P00314,development,0
P00315,development,3
P00316,development,2
P00317,development,0
P00318,holdout,-1
P00319,development,3
P00320,development,0
P00321,development,4
P00322,development,2
P00323,development,2
P00324,holdout,-1
P00325,development,4
P00326,development,0
P00327,development,4
P00328,development,2
P00329,holdout,-1
P00330,development,4
P00331,development,4
P00332,holdout,-1
P00333,development,0
P00334,development,4
P00335,holdout,-1
P00336,development,1
P00337,holdout,-1
P00338,development,0
P00339,development,1
P00340,development,2
P00341,development,4
P00342,holdout,-1
P00343,development,3
P00344,development,2
P00345,holdout,-1
P00346,holdout,-1
P00347,holdout,-1
P00348,development,1
P00349,development,1
P00350,holdout,-1
P00351,holdout,-1
P00352,development,2
P00353,development,0
P00354,development,3
P00355,development,4
P00356,development,3
P00357,development,0
P00358,holdout,-1
P00359,development,3
P00360,holdout,-1
P00361,holdout,-1
P00362,development,3
P00363,development,3
P00364,development,3
P00365,development,2
P00366,development,3
P00367,development,0
P00368,development,1
P00369,development,2
P00370,development,4
P00371,development,0
P00372,development,0
P00373,development,1
P00374,development,3
P00375,development,1
P00376,holdout,-1
P00377,development,4
P00378,holdout,-1
P00379,development,1
P00380,development,2
P00381,holdout,-1
P00382,development,2
P00383,development,1
P00384,development,3
P00385,development,0
P00386,development,3
P00387,development,0
P00388,development,4
P00389,holdout,-1
P00390,holdout,-1
P00391,development,0
P00392,development,1
P00393,development,4
P00394,development,2
P00395,development,1
P00396,development,2
P00397,holdout,-1
P00398,holdout,-1
P00399,development,2
P00400,development,4
P00401,development,2
P00402,development,4
P00403,development,0
P00404,development,0
P00405,holdout,-1
P00406,development,1
P00407,development,3
P00408,holdout,-1
P00409,development,4
P00410,development,2
P00411,development,0
P00412,development,0
P00413,development,4
P00414,development,4
P00415,development,3
P00416,development,1
P00417,development,4
P00418,development,4
P00419,development,1
P00420,development,0
P00421,development,4
P00422,development,0
P00423,development,1
P00424,development,0
P00425,development,3
P00426,development,3
P00427,development,0
P00428,development,0
P00429,development,1
P00430,development,2
P00431,development,0
P00432,development,1
P00433,development,0
P00434,development,0
P00435,holdout,-1
P00436,development,4
P00437,development,2
P00438,development,0
P00439,development,0
P00440,development,1
P00441,development,3
P00442,development,2
P00443,development,2
P00444,holdout,-1
P00445,development,4
P00446,development,2
P00447,holdout,-1
P00448,development,0
P00449,development,2
P00450,development,1
P00451,development,0
P00452,development,2
P00453,development,2
P00454,development,4
P00455,development,4
P00456,development,4
P00457,development,2
P00458,development,1
P00459,development,4
P00460,development,4
P00461,development,2
P00462,development,4
P00463,holdout,-1
P00464,holdout,-1
P00465,holdout,-1
P00466,holdout,-1
P00467,development,2
P00468,holdout,-1
P00469,development,3
P00470,development,4
P00471,development,1
P00472,development,1
P00473,development,0
P00474,development,4
P00475,holdout,-1
P00476,development,2
P00477,holdout,-1
P00478,development,0
P00479,development,3
P00480,development,4
P00481,holdout,-1
P00482,development,1
P00483,development,1
P00484,development,3
P00485,holdout,-1
P00486,development,0
P00487,holdout,-1
P00488,development,1
P00489,development,1
P00490,development,0
P00491,development,2
P00492,development,4
P00493,development,2
P00494,development,1
P00495,development,3
P00496,development,2
P00497,development,3
P00498,holdout,-1
P00499,development,0
P00500,development,2
P00501,development,4
P00502,development,1
P00503,development,1
P00504,holdout,-1
P00505,holdout,-1
P00506,development,4
P00507,holdout,-1
P00508,holdout,-1
P00509,development,3
P00510,development,0
P00511,development,0
P00512,development,2
P00513,holdout,-1
P00514,development,0
P00515,development,2
P00516,development,2
P00517,development,0
P00518,holdout,-1
P00519,development,3
P00520,development,4
P00521,development,2
P00522,development,3
P00523,development,0
P00524,development,4
P00525,holdout,-1
P00526,development,4
P00527,holdout,-1
P00528,development,4
P00529,development,3
P00530,holdout,-1
P00531,holdout,-1
P00532,development,4
P00533,development,1
P00534,development,4
P00535,development,3
P00536,development,0
P00537,development,3
P00538,development,1
P00539,development,3
P00540,development,3
P00541,development,3
P00542,development,1
P00543,development,2
P00544,development,3
P00545,development,3
P00546,development,0
P00547,development,1
P00548,development,2
P00549,development,4
P00550,development,3
P00551,development,3
P00552,development,3
P00553,development,2
P00554,development,2
P00555,development,0
P00556,development,1
P00557,development,4
P00558,development,0
P00559,development,0
P00560,development,3
P00561,development,1
P00562,holdout,-1
P00563,development,4
P00564,development,1
P00565,holdout,-1
P00566,development,2
P00567,holdout,-1
P00568,development,2
P00569,development,4
P00570,development,1
P00571,development,3
P00572,development,4
P00573,development,1
P00574,development,1
P00575,development,1
P00576,development,2
P00577,development,0
P00578,development,2
P00579,development,0
P00580,development,1
P00581,holdout,-1
P00582,holdout,-1
P00583,development,3
P00584,development,1
P00585,holdout,-1
P00586,development,3
P00587,development,3
P00588,holdout,-1
P00589,development,4
P00590,development,1
P00591,holdout,-1
P00592,development,1
P00593,development,1
P00594,development,0
P00595,development,4
P00596,development,1
P00597,development,2
P00598,development,4
P00599,development,3
P00600,development,1
P00601,development,0
P00602,holdout,-1
P00603,development,2
P00604,development,1
P00605,holdout,-1
P00606,development,0
P00607,development,1
P00608,development,0
P00609,development,3
P00610,development,4
P00611,development,0
P00612,holdout,-1
P00613,development,3
P00614,development,3
P00615,development,2
P00616,development,1
P00617,development,3
P00618,development,2
P00619,development,2
P00620,holdout,-1
P00621,development,1
P00622,development,4
P00623,development,4
P00624,development,3
P00625,development,3
P00626,development,2
P00627,holdout,-1
P00628,development,0
P00629,development,1
P00630,development,0
P00631,development,0
P00632,holdout,-1
P00633,development,1
P00634,holdout,-1
P00635,development,2
P00636,development,1
P00637,development,2
P00638,development,0
P00639,development,2
P00640,development,3
P00641,development,3
P00642,development,3
P00643,holdout,-1
P00644,development,4
P00645,development,3
P00646,development,3
P00647,development,3
P00648,development,2
P00649,development,4
P00650,holdout,-1
P00651,development,3
P00652,development,2
P00653,development,0
P00654,holdout,-1
P00655,development,0
P00656,development,3
P00657,development,4
P00658,holdout,-1
P00659,development,0
P00660,development,0
P00661,development,4
P00662,development,2
P00663,holdout,-1
P00664,development,0
P00665,development,3
P00666,development,4
P00667,development,1
P00668,development,3
P00669,development,3
P00670,holdout,-1
P00671,development,2
P00672,development,4
P00673,development,1
P00674,development,1
P00675,development,2
P00676,development,2
P00677,development,1
P00678,development,4
P00679,development,1
P00680,holdout,-1
P00681,development,2
P00682,development,2
P00683,development,3
P00684,development,4
P00685,development,4
P00686,development,1
P00687,development,1
P00688,holdout,-1
P00689,development,3
P00690,development,4
P00691,development,3
P00692,holdout,-1
P00693,development,2
P00694,development,1
P00695,development,1
P00696,holdout,-1
P00697,development,0
P00698,holdout,-1
P00699,development,1
P00700,holdout,-1
P00701,development,0
P00702,development,1
P00703,development,0
P00704,development,1
P00705,holdout,-1
P00706,development,0
P00707,development,1
P00708,holdout,-1
P00709,development,2
P00710,holdout,-1
P00711,development,2
P00712,development,1
P00713,development,3
P00714,development,1
P00715,development,0
P00716,development,3
P00717,development,4
P00718,holdout,-1
P00719,holdout,-1
P00720,development,2
P00721,development,4
P00722,development,1
P00723,development,1
P00724,development,0
P00725,development,1
P00726,development,3
P00727,development,0
P00728,development,4
P00729,holdout,-1
P00730,development,3
P00731,development,4
P00732,development,0
P00733,holdout,-1
P00734,development,0
P00735,development,4
P00736,development,0
P00737,development,3
P00738,holdout,-1
P00739,holdout,-1
P00740,development,0
P00741,development,2
P00742,development,2
P00743,development,2
P00744,development,2
P00745,development,2
P00746,development,0
P00747,development,3
P00748,development,3
P00749,development,0
P00750,development,4
P00751,development,0
P00752,development,0
P00753,holdout,-1
P00754,development,1
P00755,development,1
P00756,development,3
P00757,holdout,-1
P00758,development,4
P00759,development,0
P00760,development,2
P00761,development,2
P00762,development,0
P00763,holdout,-1
P00764,development,0
P00765,development,2
P00766,development,1
P00767,development,0
P00768,development,2
P00769,holdout,-1
P00770,development,4
P00771,development,0
P00772,holdout,-1
P00773,development,4
P00774,development,3
P00775,development,3
P00776,development,1
P00777,development,2
P00778,development,2
P00779,development,2
P00780,holdout,-1
P00781,development,2
P00782,development,4
P00783,development,1
P00784,development,0
P00785,development,1
P00786,development,2
P00787,development,3
P00788,development,2
P00789,development,1
P00790,development,1
P00791,development,1
P00792,development,3
P00793,development,4
P00794,development,0
P00795,development,3
P00796,development,2
P00797,development,4
P00798,development,3
P00799,development,3
P00800,development,4
P00801,holdout,-1
P00802,development,4
P00803,development,2
P00804,holdout,-1
P00805,development,1
P00806,development,2
P00807,development,0
P00808,holdout,-1
P00809,development,3
P00810,development,0
P00811,development,2
P00812,holdout,-1
P00813,development,0
P00814,development,3
P00815,development,4
P00816,development,2
P00817,development,4
P00818,development,0
P00819,holdout,-1
P00820,holdout,-1
P00821,development,3
P00822,holdout,-1
P00823,holdout,-1
P00824,development,2
P00825,holdout,-1
P00826,development,1
P00827,development,1
P00828,development,0
P00829,development,1
P00830,holdout,-1
P00831,holdout,-1
P00832,development,4
P00833,development,1
P00834,development,0
P00835,holdout,-1
P00836,development,2
P00837,development,2
P00838,development,1
P00839,development,3
P00840,development,0
P00841,development,2
P00842,development,0
P00843,development,3
P00844,development,2
P00845,development,0
P00846,development,3
P00847,development,1
P00848,holdout,-1
P00849,development,3
P00850,development,1
P00851,development,2
P00852,holdout,-1
P00853,holdout,-1
P00854,development,1
P00855,development,4
P00856,development,0
P00857,development,3
P00858,holdout,-1
P00859,development,2
P00860,development,2
P00861,holdout,-1
P00862,development,0
P00863,development,1
P00864,development,3
P00865,development,1
P00866,development,0
P00867,development,3
P00868,development,3
P00869,development,2
P00870,development,0
P00871,development,3
P00872,development,4
P00873,development,1
P00874,development,4
P00875,development,0
P00876,holdout,-1
P00877,development,4
P00878,holdout,-1
P00879,holdout,-1
P00880,development,0
P00881,holdout,-1
P00882,development,0
P00883,development,3
P00884,development,1
P00885,development,4
P00886,development,2
P00887,development,0
P00888,development,2
P00889,development,2
P00890,development,0
P00891,development,0
P00892,development,0
P00893,development,0
P00894,development,2
P00895,development,2
P00896,development,4
P00897,development,4
P00898,development,0
P00899,development,4
P00900,development,4
P00901,development,3
P00902,development,3
P00903,development,3
P00904,development,1
P00905,development,4
P00906,development,2
P00907,development,0
P00908,development,1
P00909,development,3
P00910,development,1
P00911,development,2
P00912,development,2
P00913,development,0
P00914,development,1
P00915,development,1
P00916,holdout,-1
P00917,development,4
P00918,development,1
P00919,development,4
P00920,holdout,-1
P00921,development,4
P00922,development,1
P00923,development,0
P00924,development,2
P00925,holdout,-1
P00926,development,2
P00927,development,2
P00928,development,1
P00929,development,1
P00930,holdout,-1
P00931,development,0
P00932,development,2
P00933,holdout,-1
P00934,development,1
P00935,development,2
P00936,development,0
P00937,development,3
P00938,development,4
P00939,development,1
P00940,development,3
P00941,development,0
P00942,holdout,-1
P00943,development,4
P00944,development,1
P00945,development,2
P00946,development,1
P00947,development,4
P00948,development,0
P00949,development,4
P00950,holdout,-1
P00951,development,2
P00952,development,0
P00953,holdout,-1
P00954,development,0
P00955,holdout,-1
P00956,development,2
P00957,development,3
P00958,development,4
P00959,holdout,-1
P00960,development,0
P00961,development,2
P00962,holdout,-1
P00963,development,1
P00964,development,4
P00965,holdout,-1
P00966,development,0
P00967,holdout,-1
P00968,development,2
P00969,development,4
P00970,development,4
P00971,development,3
P00972,development,2
P00973,holdout,-1
P00974,development,4
P00975,development,4
P00976,development,0
P00977,holdout,-1
P00978,development,4
P00979,development,4
P00980,development,2
P00981,development,4
P00982,development,3
P00983,development,2
P00984,development,4
P00985,development,2
P00986,holdout,-1
P00987,development,1
P00988,development,2
P00989,development,1
P00990,development,2
P00991,development,1
P00992,holdout,-1
P00993,development,3
P00994,development,2
P00995,development,1
P00996,development,3
P00997,development,1
P00998,development,0
P00999,holdout,-1
P01000,development,0
P01001,development,0
P01002,development,0
P01003,development,4
P01004,development,1
P01005,development,3
P01006,development,4
P01007,development,3
P01008,holdout,-1
P01009,development,2
P01010,development,4
P01011,development,2
P01012,development,0
P01013,development,0
P01014,development,1
P01015,development,1
P01016,development,1
P01017,holdout,-1
P01018,development,4
P01019,development,2
P01020,development,4
P01021,holdout,-1
P01022,development,3
P01023,development,3
P01024,development,1
P01025,holdout,-1
P01026,development,1
P01027,development,2
P01028,holdout,-1
P01029,development,0
P01030,development,1
P01031,development,1
P01032,development,1
P01033,development,4
P01034,development,2
P01035,development,0
P01036,development,3
P01037,development,2
P01038,holdout,-1
P01039,holdout,-1
P01040,development,4
P01041,development,2
P01042,holdout,-1
P01043,development,0
P01044,development,1
P01045,development,4
P01046,development,0
P01047,development,3
P01048,development,0
P01049,holdout,-1
P01050,development,2
P01051,holdout,-1
P01052,development,1
P01053,holdout,-1
P01054,development,0
P01055,holdout,-1
P01056,development,0
P01057,development,0
P01058,development,1
P01059,development,4
P01060,development,3
P01061,development,1
P01062,development,0
P01063,development,0
P01064,development,1
P01065,development,0
P01066,development,3
P01067,development,2
P01068,development,4
P01069,development,1
P01070,development,1
P01071,development,3
P01072,development,4
P01073,development,3
P01074,development,1
P01075,development,4
P01076,development,4
P01077,development,4
P01078,development,0
P01079,development,3
P01080,development,3
P01081,development,1
P01082,development,1
P01083,development,0
P01084,development,2
P01085,holdout,-1
P01086,development,0
P01087,development,2
P01088,development,1
P01089,development,2
P01090,holdout,-1
P01091,development,2
P01092,development,4
P01093,development,3
P01094,development,1
P01095,development,4
P01096,holdout,-1
P01097,development,1
P01098,development,3
P01099,development,1
P01100,development,2
P01101,development,1
P01102,development,4
P01103,development,2
P01104,development,4
P01105,development,2
P01106,development,4
P01107,development,0
P01108,holdout,-1
P01109,development,4
P01110,development,0
P01111,development,3
P01112,holdout,-1
P01113,development,0
P01114,holdout,-1
P01115,development,2
P01116,development,1
P01117,holdout,-1
P01118,development,2
P01119,development,3
P01120,development,4
P01121,holdout,-1
P01122,development,2
P01123,development,4
P01124,holdout,-1
P01125,development,1
P01126,development,3
P01127,development,4
P01128,development,2
P01129,development,0
P01130,holdout,-1
P01131,development,4
P01132,holdout,-1
P01133,holdout,-1
P01134,development,4
P01135,development,3
P01136,development,2
P01137,development,3
P01138,holdout,-1
P01139,development,2
P01140,development,3
P01141,development,4
P01142,development,1
P01143,development,3
P01144,development,1
P01145,development,3
P01146,holdout,-1
P01147,holdout,-1
P01148,holdout,-1
P01149,development,0
P01150,holdout,-1
P01151,development,0
P01152,holdout,-1
P01153,development,2
P01154,holdout,-1
P01155,development,1
P01156,development,2
P01157,development,4
P01158,development,3
P01159,development,2
P01160,development,1
P01161,development,4
P01162,development,2
P01163,development,1
P01164,development,0
P01165,development,1
P01166,development,3
P01167,development,1
P01168,holdout,-1
P01169,development,0
P01170,development,0
P01171,holdout,-1
P01172,development,1
P01173,development,2
P01174,development,3
P01175,development,3
P01176,development,2
P01177,development,3
P01178,development,0
P01179,development,1
P01180,development,1
P01181,development,3
P01182,development,4
P01183,development,0
P01184,development,2
P01185,development,4
P01186,development,1
P01187,holdout,-1
P01188,development,2
P01189,development,4
P01190,holdout,-1
P01191,development,2
P01192,development,0
P01193,development,4
P01194,development,0
P01195,development,4
P01196,development,4
P01197,holdout,-1
P01198,development,4
P01199,development,1
P01200,development,3
P01201,holdout,-1
P01202,development,3
P01203,development,1
P01204,holdout,-1
P01205,development,0
P01206,development,4
P01207,holdout,-1
P01208,holdout,-1
P01209,development,3
P01210,development,2
P01211,holdout,-1
P01212,development,2
P01213,development,1
P01214,holdout,-1
P01215,development,0
P01216,development,3
P01217,development,3
P01218,holdout,-1
P01219,development,3
P01220,development,0
P01221,holdout,-1
P01222,development,0
P01223,development,2
P01224,development,4
P01225,development,0
P01226,development,0
P01227,development,4
P01228,development,0
P01229,development,2
P01230,development,3
P01231,development,2
P01232,holdout,-1
P01233,development,0
P01234,holdout,-1
P01235,development,3
P01236,holdout,-1
P01237,development,4
P01238,development,2
P01239,holdout,-1
P01240,development,4
P01241,development,2
P01242,development,1
P01243,holdout,-1
P01244,development,1
P01245,development,4
P01246,development,4
P01247,holdout,-1
P01248,development,2
P01249,holdout,-1
P01250,development,4
P01251,development,0
P01252,holdout,-1
P01253,development,2
P01254,development,1
P01255,development,3
P01256,development,4
P01257,development,1
P01258,development,1
P01259,development,1
P01260,development,3
P01261,holdout,-1
P01262,development,0
P01263,development,3
P01264,development,2
P01265,development,4
P01266,development,1
P01267,development,1
P01268,holdout,-1
P01269,holdout,-1
P01270,development,4
P01271,holdout,-1
P01272,development,3
P01273,development,0
P01274,development,3
P01275,development,2
P01276,holdout,-1
P01277,development,1
P01278,development,4
P01279,development,4
P01280,development,3
P01281,development,3
P01282,development,2
P01283,development,3
P01284,holdout,-1
P01285,development,0
P01286,development,3
P01287,development,4
P01288,holdout,-1
P01289,development,1
P01290,holdout,-1
P01291,development,4
P01292,development,1
P01293,development,2
P01294,development,0
P01295,development,3
P01296,development,4
P01297,development,2
P01298,development,2
P01299,development,4
P01300,development,4
P01301,development,0
P01302,development,3
P01303,development,2
P01304,development,4
P01305,development,0
P01306,development,0
P01307,development,2
P01308,holdout,-1
P01309,development,3
P01310,holdout,-1
P01311,development,4
P01312,holdout,-1
P01313,development,1
P01314,development,4
P01315,holdout,-1
P01316,development,1
P01317,development,4
P01318,development,4
P01319,development,0
P01320,development,3
P01321,development,2
P01322,development,4
P01323,development,4
P01324,development,3
P01325,development,3
P01326,development,4
P01327,holdout,-1
P01328,development,0
P01329,development,1
P01330,development,1
P01331,development,1
P01332,holdout,-1
P01333,holdout,-1
P01334,development,2
P01335,development,2
P01336,development,4
P01337,development,3
P01338,development,4
P01339,holdout,-1
P01340,development,0
P01341,holdout,-1
P01342,development,1
P01343,holdout,-1
P01344,development,3
P01345,development,4
P01346,holdout,-1
P01347,development,2
P01348,development,2
P01349,development,4
P01350,development,2
P01351,development,4
P01352,development,0
P01353,development,3
P01354,development,1
P01355,development,3
P01356,holdout,-1
P01357,holdout,-1
P01358,development,1
P01359,development,3
P01360,development,0
P01361,development,1
P01362,holdout,-1
P01363,holdout,-1
P01364,development,3
P01365,development,0
P01366,development,4
P01367,development,3
P01368,development,4
P01369,development,0
P01370,holdout,-1
P01371,development,2
P01372,development,4
P01373,development,2
P01374,development,2
P01375,development,1
P01376,holdout,-1
P01377,development,1
P01378,holdout,-1
P01379,development,3
P01380,development,2
P01381,holdout,-1
P01382,development,0
P01383,development,0
P01384,holdout,-1
P01385,development,2
P01386,development,0
P01387,development,0
P01388,development,2
P01389,development,0
P01390,development,4
P01391,development,0
P01392,development,4
P01393,development,1
P01394,development,4
P01395,development,4
P01396,development,0
P01397,holdout,-1
P01398,development,1
P01399,development,3
P01400,development,2
P01401,holdout,-1
P01402,development,3
P01403,holdout,-1
P01404,holdout,-1
P01405,development,4
P01406,development,1
P01407,development,1
P01408,development,0
P01409,development,2
P01410,development,3
P01411,development,3
P01412,development,1
P01413,development,4
P01414,development,0
P01415,development,0
P01416,development,1
P01417,holdout,-1
P01418,holdout,-1
P01419,development,4
P01420,development,1
P01421,holdout,-1
P01422,development,4
P01423,development,4
P01424,development,2
P01425,development,0
P01426,development,4
P01427,development,1
P01428,development,2
P01429,development,0
P01430,development,4
P01431,development,0
P01432,development,1
P01433,development,0
P01434,development,3
P01435,development,1
P01436,development,3
P01437,holdout,-1
P01438,development,3
P01439,development,0
P01440,development,4
P01441,development,1
P01442,holdout,-1
P01443,development,2
P01444,development,2
P01445,development,1
P01446,development,4
P01447,development,0
P01448,holdout,-1
P01449,development,2
P01450,development,0
P01451,development,4
P01452,development,1
P01453,development,1
P01454,development,0
P01455,development,0
P01456,development,0
P01457,holdout,-1
P01458,holdout,-1
P01459,development,0
P01460,holdout,-1
P01461,development,4
P01462,development,2
P01463,development,3
P01464,development,1
P01465,development,3
P01466,development,3
P01467,development,2
P01468,development,0
P01469,holdout,-1
P01470,development,0
P01471,development,1
P01472,holdout,-1
P01473,development,4
P01474,development,1
P01475,holdout,-1
P01476,holdout,-1
P01477,development,3
P01478,development,2
P01479,development,0
P01480,development,1
P01481,holdout,-1
P01482,development,0
P01483,holdout,-1
P01484,holdout,-1
P01485,holdout,-1
P01486,development,1
P01487,holdout,-1
P01488,development,4
P01489,development,1
P01490,holdout,-1
P01491,development,3
P01492,development,0
P01493,development,1
P01494,development,4
P01495,development,4
P01496,development,0
P01497,development,2
P01498,development,3
P01499,development,0
P01500,development,4
P01501,holdout,-1
P01502,holdout,-1
P01503,development,3
P01504,development,1
P01505,development,1
P01506,development,1
P01507,development,0
P01508,development,0
P01509,holdout,-1
P01510,holdout,-1
P01511,development,1
P01512,development,1
P01513,development,1
P01514,development,2
P01515,holdout,-1
P01516,development,0
P01517,development,1
P01518,development,2
P01519,development,4
P01520,development,1
P01521,development,1
P01522,development,2
P01523,holdout,-1
P01524,development,3
P01525,holdout,-1
P01526,development,2
P01527,development,3
P01528,development,1
P01529,development,0
P01530,holdout,-1
P01531,development,1
P01532,holdout,-1
P01533,development,4
P01534,holdout,-1
P01535,development,0
P01536,development,1
P01537,development,2
P01538,development,1
P01539,development,0
P01540,development,4
P01541,development,0
P01542,development,2
P01543,development,1
P01544,development,1
P01545,development,4
P01546,holdout,-1
P01547,development,4
P01548,development,4
P01549,development,0
P01550,holdout,-1
P01551,development,4
P01552,development,3
P01553,development,3
P01554,development,0
P01555,development,2
P01556,development,4
P01557,development,4
P01558,holdout,-1
P01559,holdout,-1
P01560,development,3
P01561,development,0
P01562,development,1
P01563,development,4
P01564,development,0
P01565,holdout,-1
P01566,development,2
P01567,development,1
P01568,development,0
P01569,development,2
P01570,development,0
P01571,development,2
P01572,development,4
P01573,development,4
P01574,development,2
P01575,development,2
P01576,development,2
P01577,development,4
P01578,development,3
P01579,development,1
P01580,development,4
P01581,development,1
P01582,development,1
P01583,development,3
P01584,development,4
P01585,development,3
P01586,holdout,-1
P01587,development,0
P01588,development,0
P01589,holdout,-1
P01590,development,1
P01591,development,4
P01592,development,4
P01593,development,4
P01594,development,2
P01595,development,1
P01596,development,1
P01597,development,4
P01598,holdout,-1
P01599,development,3
P01600,development,3
P01601,development,0
P01602,holdout,-1
P01603,development,4
P01604,holdout,-1
P01605,holdout,-1
P01606,development,0
P01607,development,4
P01608,development,2
P01609,holdout,-1
P01610,development,1
P01611,holdout,-1
P01612,development,4
P01613,development,4
P01614,development,3
P01615,development,3
P01616,development,3
P01617,development,1
P01618,development,0
P01619,development,3
P01620,development,3
P01621,holdout,-1
P01622,holdout,-1
P01623,development,0
P01624,development,0
P01625,development,3
P01626,development,3
P01627,development,1
P01628,development,0
P01629,development,4
P01630,development,0
P01631,development,2
P01632,holdout,-1
P01633,development,4
P01634,development,4
P01635,holdout,-1
P01636,development,0
P01637,development,3
P01638,development,3
P01639,development,3
P01640,development,2
P01641,development,4
P01642,development,4
P01643,development,3
P01644,development,2
P01645,development,0
P01646,development,4
P01647,development,1
P01648,development,2
P01649,development,2
P01650,development,1
P01651,development,0
P01652,development,0
P01653,development,0
P01654,development,0
P01655,development,1
P01656,development,4
P01657,development,4
P01658,development,4
P01659,development,0
P01660,development,1
P01661,development,4
P01662,development,3
P01663,development,0
P01664,development,2
P01665,development,0
P01666,development,1
P01667,development,2
P01668,development,0
P01669,development,2
P01670,development,4
P01671,development,2
P01672,development,3
P01673,development,1
P01674,development,4
P01675,development,4
P01676,development,2
P01677,development,1
P01678,development,0
P01679,development,3
P01680,development,1
P01681,holdout,-1
P01682,development,4
P01683,development,3
P01684,development,3
P01685,development,0
P01686,development,0
P01687,development,4
P01688,development,4
P01689,development,1
P01690,development,2
P01691,development,4
P01692,development,4
P01693,development,2
P01694,holdout,-1
P01695,holdout,-1
P01696,holdout,-1
P01697,development,3
P01698,holdout,-1
P01699,development,1
P01700,holdout,-1
P01701,holdout,-1
P01702,development,2
P01703,holdout,-1
P01704,development,2
P01705,development,4
P01706,development,0
P01707,development,3
P01708,development,1
P01709,development,2
P01710,development,3
P01711,development,0
P01712,holdout,-1
P01713,development,4
P01714,development,3
P01715,development,0
P01716,development,0
P01717,holdout,-1
P01718,development,3
P01719,development,2
P01720,development,3
P01721,development,1
P01722,development,0
P01723,development,1
P01724,development,4
P01725,holdout,-1
P01726,development,1
P01727,development,2
P01728,development,2
P01729,development,0
P01730,development,2
P01731,development,4
P01732,development,0
P01733,development,1
P01734,development,1
P01735,development,4
P01736,development,2
P01737,development,0
P01738,development,4
P01739,holdout,-1
P01740,holdout,-1
P01741,holdout,-1
P01742,development,3
P01743,development,3
P01744,development,2
P01745,development,2
P01746,holdout,-1
P01747,development,4
P01748,holdout,-1
P01749,development,3
P01750,development,3
P01751,development,3
P01752,holdout,-1
P01753,development,3
P01754,development,2
P01755,holdout,-1
P01756,development,2
P01757,holdout,-1
P01758,development,3
P01759,development,4
P01760,holdout,-1
P01761,development,2
P01762,development,3
P01763,holdout,-1
P01764,development,1
P01765,development,4
P01766,development,1
P01767,development,0
P01768,development,4
P01769,development,3
P01770,development,3
P01771,development,3
P01772,development,3
P01773,development,2
P01774,development,4
P01775,development,3
P01776,development,0
P01777,development,4
P01778,development,0
P01779,development,2
P01780,development,1
P01781,development,4
P01782,development,3
P01783,development,2
P01784,development,3
P01785,development,4
P01786,development,1
P01787,development,0
P01788,development,3
P01789,development,0
P01790,development,4
P01791,development,1
P01792,development,0
P01793,development,4
P01794,development,1
P01795,development,4
P01796,development,1
P01797,development,2
P01798,holdout,-1
P01799,development,3
P01800,development,3
P01801,holdout,-1
P01802,development,1
P01803,development,0
P01804,holdout,-1
P01805,development,0
P01806,development,4
P01807,development,3
P01808,development,2
P01809,development,2
P01810,holdout,-1
P01811,development,0
P01812,development,1
P01813,development,2
P01814,holdout,-1
P01815,holdout,-1
P01816,development,3
P01817,development,4
P01818,development,1
P01819,holdout,-1
P01820,development,3
P01821,development,4
P01822,development,0
P01823,development,0
P01824,holdout,-1
P01825,holdout,-1
P01826,development,0
P01827,development,3
P01828,development,3
P01829,development,2
P01830,development,1
P01831,holdout,-1
P01832,development,0
P01833,development,1
P01834,development,1
P01835,development,4
P01836,holdout,-1
P01837,development,0
P01838,development,4
P01839,holdout,-1
P01840,development,0
P01841,development,0
P01842,holdout,-1
P01843,development,4
P01844,development,4
P01845,development,4
P01846,development,1
P01847,development,1
P01848,development,4
P01849,development,2
P01850,development,3
P01851,development,2
P01852,development,2
P01853,development,2
P01854,development,4
P01855,development,3
P01856,development,2
P01857,development,1
P01858,development,0
P01859,development,1
P01860,development,0
P01861,development,4
P01862,development,1
P01863,development,2
P01864,development,0
P01865,development,0
P01866,holdout,-1
P01867,holdout,-1
P01868,development,1
P01869,development,3
P01870,development,2
P01871,holdout,-1
P01872,development,3
P01873,development,4
P01874,development,2
P01875,development,0
P01876,holdout,-1
P01877,development,4
P01878,development,1
P01879,holdout,-1
P01880,development,3
P01881,development,4
P01882,development,3
P01883,development,3
P01884,development,4
P01885,holdout,-1
P01886,holdout,-1
P01887,development,4
P01888,development,4
P01889,development,3
P01890,holdout,-1
P01891,development,4
P01892,development,2
P01893,development,0
P01894,development,2
P01895,development,1
P01896,development,2
P01897,development,3
P01898,holdout,-1
P01899,development,0
P01900,development,2
P01901,holdout,-1
P01902,development,0
P01903,development,1
P01904,development,3
P01905,development,0
P01906,development,4
P01907,development,3
P01908,development,1
P01909,holdout,-1
P01910,development,2
P01911,development,1
P01912,development,4
P01913,development,4
P01914,development,2
P01915,development,2
P01916,development,3
P01917,development,4
P01918,development,4
P01919,development,0
P01920,development,0
P01921,development,4
P01922,development,0
P01923,development,3
P01924,development,3
P01925,holdout,-1
P01926,development,0
P01927,holdout,-1
P01928,development,4
P01929,development,2
P01930,development,2
P01931,development,2
P01932,holdout,-1
P01933,development,3
P01934,development,4
P01935,development,0
P01936,development,3
P01937,holdout,-1
P01938,holdout,-1
P01939,development,2
P01940,development,1
P01941,development,2
P01942,development,0
P01943,holdout,-1
P01944,development,4
P01945,development,2
P01946,development,3
P01947,development,2
P01948,development,3
P01949,development,2
P01950,development,2
P01951,development,3
P01952,development,4
P01953,development,1
P01954,holdout,-1
P01955,development,2
P01956,development,4
P01957,development,1
P01958,development,3
P01959,holdout,-1
P01960,development,3
P01961,holdout,-1
P01962,development,2
P01963,development,2
P01964,development,0
P01965,development,2
P01966,development,3
P01967,development,3
P01968,development,4
P01969,development,3
P01970,development,2
P01971,development,0
P01972,development,1
P01973,development,2
P01974,development,1
P01975,holdout,-1
P01976,development,3
P01977,development,0
P01978,holdout,-1
P01979,development,3
P01980,development,3
P01981,development,2
P01982,holdout,-1
P01983,development,2
P01984,development,1
P01985,development,3
P01986,development,2
P01987,development,2
P01988,development,1
P01989,holdout,-1
P01990,development,0
P01991,development,1
P01992,development,2
P01993,development,3
P01994,development,3
P01995,development,1
P01996,development,2
P01997,holdout,-1
P01998,holdout,-1
P01999,development,3
P02000,development,2
P02001,development,4
P02002,development,3
P02003,development,0
P02004,development,1
P02005,development,2
P02006,holdout,-1
P02007,holdout,-1
P02008,development,3
P02009,development,4
P02010,development,2
P02011,development,2
P02012,development,4
P02013,development,2
P02014,holdout,-1
P02015,holdout,-1
P02016,development,3
P02017,development,3
P02018,development,0
P02019,development,1
P02020,development,3
P02021,development,0
P02022,development,3
P02023,holdout,-1
P02024,development,2
P02025,development,3
P02026,development,0
P02027,development,2
P02028,development,1
P02029,holdout,-1
P02030,development,4
P02031,holdout,-1
P02032,development,4
P02033,development,2
P02034,development,1
P02035,development,0
P02036,development,3
P02037,development,2
P02038,development,2
P02039,development,4
P02040,development,2
P02041,development,4
P02042,development,1
P02043,development,3
P02044,development,0
P02045,holdout,-1
P02046,development,1
P02047,development,1
P02048,development,0
P02049,development,2
P02050,holdout,-1
P02051,development,3
P02052,holdout,-1
P02053,development,1
P02054,development,2
P02055,development,1
P02056,development,4
P02057,development,2
P02058,development,4
P02059,development,2
P02060,development,2
P02061,development,3
P02062,development,3
P02063,development,0
P02064,development,0
P02065,development,2
P02066,development,3
P02067,development,3
P02068,development,2
P02069,development,2
P02070,development,3
P02071,development,2
P02072,development,3
P02073,development,0
P02074,development,3
P02075,development,4
P02076,development,2
P02077,development,1
P02078,development,1
P02079,development,4
P02080,development,1
P02081,development,1
P02082,development,3
P02083,development,0
P02084,development,4
P02085,development,2
P02086,development,0
P02087,development,4
P02088,development,1
P02089,development,2
P02090,holdout,-1
P02091,development,1
P02092,holdout,-1
P02093,holdout,-1
P02094,holdout,-1
P02095,development,4
P02096,development,0
P02097,development,0
P02098,development,0
P02099,development,4
P02100,development,1
P02101,development,0
P02102,development,3
P02103,development,3
P02104,development,2
P02105,development,1
P02106,development,2
P02107,development,3
P02108,holdout,-1
P02109,development,0
P02110,development,2
P02111,development,1
P02112,development,4
P02113,development,2
P02114,development,1
P02115,development,3
P02116,development,2
P02117,development,2
P02118,development,1
P02119,development,0
P02120,holdout,-1
P02121,development,4
P02122,development,3
P02123,development,0
P02124,development,2
P02125,development,2
P02126,development,4
P02127,development,4
P02128,development,2
P02129,holdout,-1
P02130,development,2
P02131,holdout,-1
P02132,development,3
P02133,development,4
P02134,holdout,-1
P02135,development,0
P02136,development,2
P02137,development,2
P02138,development,4
P02139,development,3
P02140,development,0
P02141,development,3
P02142,development,0
P02143,development,2
P02144,development,3
P02145,holdout,-1
P02146,development,1
P02147,development,0
P02148,development,3
P02149,development,4
P02150,holdout,-1
P02151,development,2
P02152,development,0
P02153,development,4
P02154,holdout,-1
P02155,holdout,-1
P02156,development,1
P02157,development,4
P02158,development,2
P02159,development,1
P02160,holdout,-1
P02161,development,2
P02162,holdout,-1
P02163,holdout,-1
P02164,development,3
P02165,development,2
P02166,holdout,-1
P02167,development,4
P02168,development,1
P02169,development,2
P02170,development,4
P02171,development,2
P02172,development,4
P02173,development,2
P02174,development,1
P02175,development,2
P02176,holdout,-1
P02177,development,4
P02178,development,4
P02179,development,3
P02180,development,3
P02181,development,2
P02182,holdout,-1
P02183,holdout,-1
P02184,holdout,-1
P02185,development,4
P02186,development,0
P02187,development,2
P02188,development,0
P02189,development,3
P02190,development,3
P02191,development,4
P02192,development,3
P02193,holdout,-1
P02194,development,3
P02195,development,4
P02196,development,2
P02197,development,1
P02198,development,2
P02199,development,3
P02200,development,0
P02201,development,4
P02202,development,3
P02203,holdout,-1
P02204,development,4
P02205,development,0
P02206,development,0
P02207,development,4
P02208,development,2
P02209,development,2
P02210,holdout,-1
P02211,development,2
P02212,holdout,-1
P02213,development,3
P02214,development,2
P02215,development,1
P02216,development,2
P02217,development,3
P02218,development,0
P02219,development,3
P02220,development,4
P02221,development,4
P02222,development,1
P02223,development,3
P02224,development,3
P02225,development,0
P02226,development,3
P02227,development,3
P02228,development,2
P02229,development,3
P02230,development,4
P02231,holdout,-1
P02232,holdout,-1
P02233,holdout,-1
P02234,holdout,-1
P02235,holdout,-1
P02236,development,1
P02237,holdout,-1
P02238,development,1
P02239,development,2
P02240,development,3
P02241,development,0
P02242,holdout,-1
P02243,development,1
P02244,development,2
P02245,development,1
P02246,development,4
P02247,development,4
P02248,development,4
P02249,development,0
P02250,holdout,-1
P02251,development,2
P02252,development,2
P02253,development,2
P02254,development,3
P02255,development,2
P02256,development,1
P02257,development,0
P02258,development,1
P02259,holdout,-1
P02260,development,2
P02261,development,2
P02262,development,1
P02263,holdout,-1
P02264,holdout,-1
P02265,development,2
P02266,development,4
P02267,development,2
P02268,development,2
P02269,holdout,-1
P02270,holdout,-1
P02271,development,3
P02272,holdout,-1
P02273,development,4
P02274,development,1
P02275,development,1
P02276,development,0
P02277,development,3
P02278,development,4
P02279,holdout,-1
P02280,holdout,-1
P02281,development,1
P02282,development,0
P02283,holdout,-1
P02284,development,0
P02285,development,1
P02286,development,2
P02287,development,4
P02288,holdout,-1
P02289,development,2
P02290,development,4
P02291,development,2
P02292,holdout,-1
P02293,development,1
P02294,development,0
P02295,development,2
P02296,development,1
P02297,holdout,-1
P02298,development,2
P02299,development,0
P02300,development,4
P02301,development,0
P02302,holdout,-1
P02303,development,3
P02304,development,3
P02305,holdout,-1
P02306,development,3
P02307,development,3
P02308,development,2
P02309,development,4
P02310,holdout,-1
P02311,development,1
P02312,development,1
P02313,holdout,-1
P02314,development,1
P02315,development,2
P02316,development,2
P02317,development,0
P02318,holdout,-1
P02319,development,3
P02320,development,4
P02321,development,0
P02322,development,1
P02323,development,4
P02324,development,3
P02325,development,1
P02326,development,1
P02327,development,0
P02328,development,0
P02329,holdout,-1
P02330,holdout,-1
P02331,development,4
P02332,development,4
P02333,development,1
P02334,development,0
P02335,development,3
P02336,development,4
P02337,development,1
P02338,development,2
P02339,holdout,-1
P02340,development,1
P02341,development,3
P02342,development,1
P02343,development,2
P02344,holdout,-1
P02345,development,1
P02346,development,0
P02347,holdout,-1
P02348,holdout,-1
P02349,development,1
P02350,development,1
P02351,development,4
P02352,development,3
P02353,development,4
P02354,development,4
P02355,development,2
P02356,development,4
P02357,development,1
P02358,holdout,-1
P02359,development,1
P02360,holdout,-1
P02361,development,2
P02362,holdout,-1
P02363,development,4
P02364,holdout,-1
P02365,holdout,-1
P02366,holdout,-1
P02367,holdout,-1
P02368,development,1
P02369,development,4
P02370,development,3
P02371,development,2
P02372,development,4
P02373,holdout,-1
P02374,development,4
P02375,holdout,-1
P02376,development,2
P02377,development,3
P02378,development,0
P02379,holdout,-1
P02380,development,2
P02381,development,2
P02382,development,4
P02383,development,1
P02384,development,0
P02385,holdout,-1
P02386,development,1
P02387,development,0
P02388,development,4
P02389,holdout,-1
P02390,development,3
P02391,development,4
P02392,development,3
P02393,development,1
P02394,development,2
P02395,development,2
P02396,development,1
P02397,development,0
P02398,development,1
P02399,development,1
P02400,development,2
P02401,development,4
P02402,holdout,-1
P02403,development,2
P02404,development,2
P02405,development,0
P02406,development,1
P02407,holdout,-1
P02408,holdout,-1
P02409,development,4
P02410,development,4
P02411,development,1
P02412,holdout,-1
P02413,development,3
P02414,holdout,-1
P02415,development,3
P02416,holdout,-1
P02417,development,3
P02418,holdout,-1
P02419,holdout,-1
P02420,development,0
P02421,development,3
P02422,development,0
P02423,development,3
P02424,holdout,-1
P02425,development,4
P02426,development,1
P02427,development,4
P02428,development,1
P02429,development,4
P02430,development,0
P02431,development,3
P02432,development,2
P02433,development,3
P02434,holdout,-1
P02435,development,0
P02436,development,2
P02437,development,1
P02438,development,0
P02439,development,0
P02440,development,4
P02441,development,3
P02442,development,2
P02443,holdout,-1
P02444,development,1
P02445,development,3
P02446,development,0
P02447,development,1
P02448,development,4
P02449,development,1
P02450,holdout,-1
P02451,development,1
P02452,development,3
P02453,holdout,-1
P02454,development,0
P02455,development,0
P02456,holdout,-1
P02457,development,2
P02458,development,3
P02459,development,4
P02460,development,4
P02461,holdout,-1
P02462,development,2
P02463,development,0
P02464,holdout,-1
P02465,development,0
P02466,holdout,-1
P02467,holdout,-1
P02468,development,4
P02469,development,0
P02470,holdout,-1
P02471,development,0
P02472,development,2
P02473,development,0
P02474,development,4
P02475,development,2
P02476,holdout,-1
P02477,development,0
P02478,holdout,-1
P02479,development,1
P02480,holdout,-1
P02481,development,1
P02482,holdout,-1
P02483,development,3
P02484,development,2
P02485,development,3
P02486,development,0
P02487,holdout,-1
P02488,holdout,-1
P02489,development,0
P02490,development,1
P02491,development,1
P02492,holdout,-1
P02493,development,0
P02494,development,3
P02495,development,3
P02496,development,0
P02497,development,3
P02498,development,4
P02499,development,1
P02500,development,4
P02501,development,2
P02502,development,1
P02503,development,2
P02504,holdout,-1
P02505,holdout,-1
P02506,development,2
P02507,holdout,-1
P02508,development,1
P02509,development,2
P02510,development,4
P02511,development,1
P02512,holdout,-1
P02513,holdout,-1
P02514,development,0
P02515,development,2
P02516,development,2
P02517,development,3
P02518,development,4
P02519,development,3
P02520,holdout,-1
P02521,development,0
P02522,development,1
P02523,holdout,-1
P02524,development,3
P02525,development,1
P02526,development,2
P02527,development,3
P02528,development,2
P02529,development,1
P02530,development,2
P02531,development,2
P02532,development,0
P02533,development,4
P02534,holdout,-1
P02535,development,4
P02536,development,0
P02537,holdout,-1
P02538,development,2
P02539,holdout,-1
P02540,holdout,-1
P02541,development,4
P02542,development,1
P02543,development,2
P02544,development,3
P02545,holdout,-1
P02546,development,2
P02547,development,3
P02548,development,0
P02549,development,4
P02550,development,0
P02551,holdout,-1
P02552,development,1
P02553,holdout,-1
P02554,development,3
P02555,development,1
P02556,development,3
P02557,development,4
P02558,development,3
P02559,holdout,-1
P02560,development,3
P02561,development,1
P02562,holdout,-1
P02563,development,4
P02564,development,3
P02565,holdout,-1
P02566,holdout,-1
P02567,holdout,-1
P02568,development,3
P02569,development,3
P02570,development,3
P02571,development,3
P02572,development,2
P02573,development,2
P02574,development,4
P02575,development,2
P02576,development,3
P02577,development,2
P02578,development,4
P02579,development,3
P02580,development,0
P02581,development,2
P02582,holdout,-1
P02583,development,2
P02584,development,4
P02585,holdout,-1
P02586,development,3
P02587,holdout,-1
P02588,development,2
P02589,development,4
P02590,development,3
P02591,development,3
P02592,holdout,-1
P02593,development,4
P02594,development,1
P02595,development,3
P02596,development,4
P02597,holdout,-1
P02598,development,1
P02599,holdout,-1
P02600,development,2
P02601,development,0
P02602,development,3
P02603,holdout,-1
P02604,development,1
P02605,holdout,-1
P02606,development,0
P02607,development,3
P02608,development,1
P02609,development,1
P02610,development,2
P02611,holdout,-1
P02612,development,4
P02613,holdout,-1
P02614,development,3
P02615,development,2
P02616,development,3
P02617,development,3
P02618,development,3
P02619,development,1
P02620,development,1
P02621,development,2
P02622,development,0
P02623,development,0
P02624,development,3
P02625,development,3
P02626,holdout,-1
P02627,development,3
P02628,holdout,-1
P02629,development,2
P02630,holdout,-1
P02631,development,0
P02632,development,3
P02633,holdout,-1
P02634,development,3
P02635,development,3
P02636,development,4
P02637,development,1
P02638,development,0
P02639,development,0
P02640,development,3
P02641,development,1
P02642,holdout,-1
P02643,holdout,-1
P02644,development,2
P02645,development,3
P02646,development,4
P02647,holdout,-1
P02648,development,4
P02649,development,3
P02650,development,1
P02651,development,1
P02652,development,3
P02653,development,1
P02654,development,1
P02655,development,2
P02656,development,1
P02657,development,2
P02658,development,0
P02659,development,2
P02660,development,4
P02661,development,2
P02662,holdout,-1
P02663,development,3
P02664,holdout,-1
P02665,holdout,-1
P02666,development,1
P02667,development,0
P02668,development,1
P02669,development,2
P02670,development,1
P02671,development,2
P02672,development,3
P02673,development,3
P02674,development,0
P02675,development,0
P02676,holdout,-1
P02677,holdout,-1
P02678,development,2
P02679,development,2
P02680,development,3
P02681,development,3
P02682,development,1
P02683,development,1
P02684,development,0
P02685,development,2
P02686,development,4
P02687,development,3
P02688,development,0
P02689,holdout,-1
P02690,development,1
P02691,development,0
P02692,holdout,-1
P02693,development,2
P02694,development,4
P02695,development,0
P02696,development,3
P02697,holdout,-1
P02698,development,1
P02699,holdout,-1
P02700,development,4
P02701,development,3
P02702,development,0
P02703,development,3
P02704,development,3
P02705,development,2
P02706,development,3
P02707,development,0
P02708,development,1
P02709,development,4
P02710,development,0
P02711,development,2
P02712,development,3
P02713,development,0
P02714,development,1
P02715,development,1
P02716,development,2
P02717,development,3
P02718,development,4
P02719,development,3
P02720,development,4
P02721,development,2
P02722,development,4
P02723,development,1
P02724,development,0
P02725,development,3
P02726,development,0
P02727,development,3
P02728,holdout,-1
P02729,development,2
P02730,holdout,-1
P02731,development,2
P02732,development,3
P02733,development,3
P02734,development,2
P02735,development,4
P02736,holdout,-1
P02737,development,1
P02738,development,4
P02739,holdout,-1
P02740,development,3
P02741,development,1
P02742,development,0
P02743,development,1
P02744,development,3
P02745,development,2
P02746,development,3
P02747,development,0
P02748,development,4
P02749,development,1
P02750,development,4
P02751,development,2
P02752,development,4
P02753,development,3
P02754,development,3
P02755,holdout,-1
P02756,development,0
P02757,holdout,-1
P02758,development,3
P02759,development,4
P02760,development,2
P02761,development,0
P02762,development,3
P02763,development,1
P02764,holdout,-1
P02765,development,4
P02766,development,2
P02767,development,4
P02768,development,4
P02769,holdout,-1
P02770,holdout,-1
P02771,development,0
P02772,development,2
P02773,holdout,-1
P02774,development,1
P02775,development,1
P02776,development,2
P02777,development,4
P02778,development,0
P02779,development,4
P02780,development,4
P02781,development,2
P02782,development,2
P02783,development,0
P02784,development,4
P02785,development,3
P02786,development,4
P02787,holdout,-1
P02788,development,0
P02789,development,3
P02790,development,2
P02791,development,3
P02792,development,0
P02793,development,3
P02794,holdout,-1
P02795,development,3
P02796,development,2
P02797,development,4
P02798,development,3
P02799,development,1
P02800,development,2
P02801,development,3
P02802,development,1
P02803,development,3
P02804,holdout,-1
P02805,holdout,-1
P02806,development,3
P02807,development,0
P02808,development,4
P02809,development,0
P02810,development,3
P02811,holdout,-1
P02812,development,1
P02813,development,4
P02814,development,4
P02815,development,4
P02816,holdout,-1
P02817,development,0
P02818,development,3
P02819,development,4
P02820,development,3
P02821,development,3
P02822,holdout,-1
P02823,development,4
P02824,development,0
P02825,development,0
P02826,development,4
P02827,holdout,-1
P02828,development,4
P02829,development,3
P02830,development,0
P02831,development,0
P02832,holdout,-1
P02833,development,0
P02834,development,4
P02835,development,3
P02836,development,2
P02837,development,1
P02838,development,4
P02839,development,0
P02840,development,4
P02841,development,0
P02842,development,0
P02843,development,0
P02844,development,3
P02845,holdout,-1
P02846,development,2
P02847,development,2
P02848,development,0
P02849,development,3
P02850,development,0
P02851,development,0
P02852,development,4
P02853,development,0
P02854,development,2
P02855,development,2
P02856,development,1
P02857,development,4
P02858,development,0
P02859,development,2
P02860,development,4
P02861,holdout,-1
P02862,development,1
P02863,development,2
P02864,development,2
P02865,development,1
P02866,development,1
P02867,development,3
P02868,development,1
P02869,development,3
P02870,development,0
P02871,holdout,-1
P02872,development,2
P02873,development,1
P02874,development,4
P02875,holdout,-1
P02876,development,2
P02877,development,0
P02878,development,2
P02879,development,2
P02880,holdout,-1
P02881,development,4
P02882,holdout,-1
P02883,development,3
P02884,development,2
P02885,holdout,-1
P02886,holdout,-1
P02887,development,4
P02888,holdout,-1
P02889,holdout,-1
P02890,development,1
P02891,development,2
P02892,development,4
P02893,development,2
P02894,development,4
P02895,development,1
P02896,development,4
P02897,development,4
P02898,development,1
P02899,holdout,-1
P02900,development,3
P02901,development,3
P02902,development,1
P02903,development,3
P02904,development,0
P02905,development,1
P02906,development,2
P02907,development,0
P02908,development,3
P02909,development,3
P02910,development,0
P02911,holdout,-1
P02912,development,4
P02913,development,0
P02914,development,0
P02915,development,0
P02916,development,0
P02917,development,2
P02918,development,1
P02919,development,4
P02920,development,1
P02921,development,0
P02922,development,0
P02923,holdout,-1
P02924,development,1
P02925,holdout,-1
P02926,development,0
P02927,development,2
P02928,development,1
P02929,development,0
P02930,development,1
P02931,development,0
P02932,development,4
P02933,holdout,-1
P02934,development,4
P02935,development,0
P02936,development,4
P02937,holdout,-1
P02938,development,1
P02939,development,0
P02940,development,2
P02941,development,3
P02942,development,4
P02943,development,4
P02944,development,3
P02945,development,1
P02946,development,0
P02947,development,3
P02948,development,1
P02949,development,0
P02950,development,3
P02951,development,1
P02952,development,3
P02953,development,1
P02954,development,4
P02955,development,0
P02956,development,1
P02957,development,4
P02958,development,2
P02959,development,0
P02960,holdout,-1
P02961,development,0
P02962,development,3
P02963,development,2
P02964,development,2
P02965,development,1
P02966,development,3
P02967,development,2
P02968,development,2
P02969,development,4
P02970,development,3
P02971,development,4
P02972,development,3
P02973,development,4
P02974,development,1
P02975,development,1
P02976,development,4
P02977,holdout,-1
P02978,development,4
P02979,development,2
P02980,holdout,-1
P02981,development,4
P02982,development,3
P02983,development,0
P02984,holdout,-1
P02985,development,0
P02986,development,1
P02987,development,3
P02988,development,1
P02989,development,3
P02990,development,3
P02991,development,1
P02992,development,4
P02993,development,4
P02994,holdout,-1
P02995,holdout,-1
P02996,development,0
P02997,development,1
P02998,development,1
P02999,development,0
P03000,development,0
P03001,development,3
P03002,development,3
P03003,development,1
P03004,development,3
P03005,development,0
P03006,development,0
P03007,holdout,-1
P03008,holdout,-1
P03009,development,2
P03010,development,2
P03011,development,1
P03012,holdout,-1
P03013,development,2
P03014,development,2
P03015,holdout,-1
P03016,development,3
P03017,development,0
P03018,development,1
P03019,development,1
P03020,development,3
P03021,development,3
P03022,development,2
P03023,development,1
P03024,holdout,-1
P03025,development,4
P03026,development,3
P03027,development,4
P03028,development,0
P03029,development,4
P03030,holdout,-1
P03031,holdout,-1
P03032,development,1
P03033,development,4
P03034,development,2
P03035,development,1
P03036,development,3
P03037,holdout,-1
P03038,development,2
P03039,development,0
P03040,development,1
P03041,development,1
P03042,development,0
P03043,development,0
P03044,holdout,-1
P03045,development,1
P03046,development,4
P03047,development,2
P03048,development,4
P03049,holdout,-1
P03050,development,0
P03051,development,3
P03052,development,3
P03053,development,3
P03054,development,1
P03055,development,0
P03056,development,3
P03057,holdout,-1
P03058,holdout,-1
P03059,development,0
P03060,holdout,-1
P03061,development,1
P03062,development,3
P03063,development,0
P03064,development,3
P03065,development,0
P03066,development,4
P03067,development,1
P03068,holdout,-1
P03069,development,2
P03070,development,3
P03071,development,0
P03072,development,4
P03073,holdout,-1
P03074,development,0
P03075,development,1
P03076,holdout,-1
P03077,development,4
P03078,development,3
P03079,holdout,-1
P03080,development,3
P03081,holdout,-1
P03082,holdout,-1
P03083,development,3
P03084,development,2
P03085,development,1
P03086,development,0
P03087,holdout,-1
P03088,development,2
P03089,holdout,-1
P03090,development,4
P03091,development,3
P03092,holdout,-1
P03093,development,4
P03094,development,4
P03095,development,2
P03096,development,0
P03097,development,2
P03098,development,4
P03099,development,1
P03100,development,0
P03101,development,0
P03102,holdout,-1
P03103,development,2
P03104,development,3
P03105,development,0
P03106,development,3
P03107,holdout,-1
P03108,holdout,-1
P03109,development,3
P03110,holdout,-1
P03111,development,0
P03112,development,1
P03113,development,3
P03114,development,2
P03115,development,1
P03116,development,4
P03117,holdout,-1
P03118,development,0
P03119,development,1
P03120,development,2
P03121,development,1
P03122,development,0
P03123,development,1
P03124,development,2
P03125,development,1
P03126,development,4
P03127,development,2
P03128,development,4
P03129,development,4
P03130,development,3
P03131,development,3
P03132,development,2
P03133,development,2
P03134,development,0
P03135,holdout,-1
P03136,development,0
P03137,development,0
P03138,development,1
P03139,development,4
P03140,development,3
P03141,development,1
P03142,development,3
P03143,development,1
P03144,development,2
P03145,development,4
P03146,holdout,-1
P03147,holdout,-1
P03148,holdout,-1
P03149,development,4
P03150,development,0
P03151,development,0
P03152,holdout,-1
P03153,development,4
P03154,development,3
P03155,development,0
P03156,development,0
P03157,holdout,-1
P03158,development,0
P03159,development,2
P03160,holdout,-1
P03161,development,2
P03162,development,2
P03163,development,1
P03164,development,2
P03165,holdout,-1
P03166,development,0
P03167,development,4
P03168,holdout,-1
P03169,development,3
P03170,development,0
P03171,development,4
P03172,holdout,-1
P03173,development,4
P03174,development,4
P03175,holdout,-1
P03176,development,1
P03177,development,0
P03178,development,2
P03179,development,3
P03180,development,4
P03181,development,0
P03182,holdout,-1
P03183,development,4
P03184,development,4
P03185,development,0
P03186,development,3
P03187,development,4
P03188,development,2
P03189,development,0
P03190,development,0
P03191,development,2
P03192,development,3
P03193,holdout,-1
P03194,holdout,-1
P03195,development,0
P03196,development,3
P03197,development,1
P03198,holdout,-1
P03199,holdout,-1
P03200,development,0
P03201,holdout,-1
P03202,development,2
P03203,holdout,-1
P03204,development,1
P03205,development,4
P03206,development,2
P03207,development,3
P03208,development,0
P03209,development,4
P03210,development,1
P03211,development,0
P03212,development,4
P03213,holdout,-1
P03214,holdout,-1
P03215,development,4
P03216,development,1
P03217,holdout,-1
P03218,development,4
P03219,holdout,-1
P03220,development,3
P03221,development,2
P03222,development,1
P03223,holdout,-1
P03224,holdout,-1
P03225,development,3
P03226,development,0
P03227,holdout,-1
P03228,development,0
P03229,development,1
P03230,development,4
P03231,development,1
P03232,development,4
P03233,holdout,-1
P03234,development,0
P03235,development,0
P03236,development,1
P03237,development,3
P03238,development,1
P03239,development,3
P03240,holdout,-1
P03241,development,4
P03242,development,4
P03243,development,4
P03244,development,3
P03245,development,1
P03246,development,2
P03247,development,2
P03248,holdout,-1
P03249,development,1
P03250,development,1
P03251,development,4
P03252,development,3
P03253,development,4
P03254,holdout,-1
P03255,development,1
P03256,holdout,-1
P03257,development,0
P03258,holdout,-1
P03259,development,2
P03260,development,1
P03261,holdout,-1
P03262,development,0
P03263,development,4
P03264,development,0
P03265,development,4
P03266,holdout,-1
P03267,holdout,-1
P03268,development,3
P03269,development,3
P03270,development,3
P03271,development,3
P03272,development,4
P03273,development,3
P03274,development,2
P03275,development,0
P03276,holdout,-1
P03277,development,1
P03278,development,3
P03279,development,3
P03280,development,2
P03281,development,1
P03282,development,4
P03283,development,3
P03284,development,4
P03285,development,0
P03286,development,4
P03287,development,3
P03288,development,3
P03289,development,1
P03290,development,0
P03291,development,4
P03292,holdout,-1
P03293,holdout,-1
P03294,development,1
P03295,development,3
P03296,holdout,-1
P03297,holdout,-1
P03298,holdout,-1
P03299,holdout,-1
P03300,development,3
P03301,development,3
P03302,development,1
P03303,development,1
P03304,holdout,-1
P03305,development,0
P03306,development,1
P03307,development,1
P03308,holdout,-1
P03309,development,2
P03310,holdout,-1
P03311,development,3
P03312,development,4
P03313,development,3
P03314,development,1
P03315,development,1
P03316,holdout,-1
P03317,development,4
P03318,development,3
P03319,development,4
P03320,holdout,-1
P03321,development,0
P03322,development,0
P03323,development,2
P03324,holdout,-1
P03325,development,0
P03326,holdout,-1
P03327,holdout,-1
P03328,development,0
P03329,development,0
P03330,development,2
P03331,development,1
P03332,development,4
P03333,development,3
P03334,development,4
P03335,development,2
P03336,development,4
P03337,development,4
P03338,development,2
P03339,development,4
P03340,development,0
P03341,development,4
P03342,development,2
P03343,development,3
P03344,holdout,-1
P03345,development,3
P03346,holdout,-1
P03347,holdout,-1
P03348,holdout,-1
P03349,development,1
P03350,development,0
P03351,development,4
P03352,development,0
P03353,holdout,-1
P03354,development,4
P03355,development,1
P03356,development,0
P03357,development,2
P03358,holdout,-1
P03359,development,2
P03360,development,2
P03361,development,0
P03362,development,0
P03363,development,1
P03364,development,1
P03365,development,1
P03366,holdout,-1
P03367,development,3
P03368,development,0
P03369,holdout,-1
P03370,development,0
P03371,development,4
P03372,development,4
P03373,development,2
P03374,holdout,-1
P03375,development,2
P03376,holdout,-1
P03377,development,1
P03378,development,3
P03379,holdout,-1
P03380,development,3
P03381,development,2
P03382,development,2
P03383,development,2
P03384,development,3
P03385,development,1
P03386,development,0
P03387,development,1
P03388,development,2
P03389,development,0
P03390,development,1
P03391,holdout,-1
P03392,development,2
P03393,holdout,-1
P03394,development,1
P03395,holdout,-1
P03396,development,1
P03397,development,0
P03398,development,4
P03399,holdout,-1
P03400,holdout,-1
P03401,holdout,-1
P03402,holdout,-1
P03403,development,2
P03404,development,1
P03405,development,4
P03406,development,2
P03407,holdout,-1
P03408,development,0
P03409,holdout,-1
P03410,development,2
P03411,development,2
P03412,development,4
P03413,holdout,-1
P03414,development,2
P03415,development,4
P03416,development,4
P03417,development,1
P03418,development,1
P03419,development,3
P03420,development,1
P03421,development,4
P03422,development,1
P03423,development,2
P03424,development,0
P03425,development,1
P03426,holdout,-1
P03427,development,0
P03428,development,1
P03429,development,3
P03430,development,2
P03431,development,0
P03432,development,3
P03433,development,2
P03434,development,1
P03435,holdout,-1
P03436,development,2
P03437,development,3
P03438,development,1
P03439,holdout,-1
P03440,development,2
P03441,development,3
P03442,holdout,-1
P03443,development,1
P03444,development,4
P03445,development,1
P03446,development,1
P03447,development,2
P03448,development,4
P03449,development,1
P03450,development,2
P03451,development,4
P03452,development,3
P03453,development,4
P03454,development,2
P03455,development,2
P03456,development,4
P03457,development,3
P03458,holdout,-1
P03459,development,3
P03460,development,0
P03461,development,0
P03462,development,4
P03463,development,4
P03464,development,2
P03465,holdout,-1
P03466,development,3
P03467,development,2
P03468,development,1
P03469,holdout,-1
P03470,development,0
P03471,development,2
P03472,holdout,-1
P03473,development,1
P03474,development,2
P03475,development,3
P03476,holdout,-1
P03477,development,4
P03478,holdout,-1
P03479,development,0
P03480,development,4
P03481,development,1
P03482,holdout,-1
P03483,development,1
P03484,development,0
P03485,development,1
P03486,development,1
P03487,development,4
P03488,holdout,-1
P03489,development,2
P03490,holdout,-1
P03491,development,4
P03492,development,2
P03493,development,0
P03494,development,4
P03495,holdout,-1
P03496,holdout,-1
P03497,holdout,-1
P03498,holdout,-1
P03499,development,0
P03500,development,3
P03501,development,2
P03502,holdout,-1
P03503,development,0
P03504,development,2
P03505,development,3
P03506,development,2
P03507,development,4
P03508,development,2
P03509,holdout,-1
P03510,development,1
P03511,holdout,-1
P03512,development,1
P03513,development,2
P03514,development,0
P03515,development,2
P03516,development,0
P03517,holdout,-1
P03518,development,4
P03519,development,3
P03520,holdout,-1
P03521,development,0
P03522,holdout,-1
P03523,development,4
P03524,holdout,-1
P03525,development,0
P03526,holdout,-1
P03527,development,1
P03528,development,0
P03529,holdout,-1
P03530,development,0
P03531,development,4
P03532,development,2
P03533,development,2
P03534,development,4
P03535,development,2
P03536,development,1
P03537,development,3
P03538,development,4
P03539,holdout,-1
P03540,development,4
P03541,holdout,-1
P03542,development,0
P03543,development,1
P03544,development,3
P03545,development,3
P03546,development,3
P03547,development,4
P03548,development,1
P03549,development,1
P03550,development,3
P03551,development,2
P03552,development,0
P03553,holdout,-1
P03554,development,2
P03555,development,2
P03556,holdout,-1
P03557,development,0
P03558,development,0
P03559,development,1
P03560,development,0
P03561,development,3
P03562,development,2
P03563,development,4
P03564,development,1
P03565,holdout,-1
P03566,development,3
P03567,holdout,-1
P03568,holdout,-1
P03569,development,4
P03570,development,1
P03571,holdout,-1
P03572,development,1
P03573,holdout,-1
P03574,development,2
P03575,holdout,-1
P03576,development,0
P03577,development,4
P03578,development,1
P03579,development,3
P03580,development,1
P03581,development,0
P03582,holdout,-1
P03583,development,3
P03584,development,3
P03585,development,2
P03586,development,0
P03587,development,3
P03588,development,1
P03589,holdout,-1
P03590,development,1
P03591,development,3
P03592,development,2
P03593,development,0
P03594,development,0
P03595,development,0
P03596,development,0
P03597,development,0
P03598,development,4
P03599,development,2
P03600,development,2
P03601,holdout,-1
P03602,development,4
P03603,development,2
P03604,development,2
P03605,development,3
P03606,development,1
P03607,holdout,-1
P03608,holdout,-1
P03609,development,0
P03610,development,1
P03611,development,3
P03612,development,3
P03613,development,3
P03614,holdout,-1
P03615,development,4
P03616,development,1
P03617,development,2
P03618,development,3
P03619,development,1
P03620,development,4
P03621,development,1
P03622,development,0
P03623,development,3
P03624,holdout,-1
P03625,holdout,-1
P03626,development,4
P03627,development,1
P03628,development,3
P03629,development,0
P03630,development,4
P03631,development,4
P03632,development,1
P03633,development,1
P03634,holdout,-1
P03635,development,0
P03636,holdout,-1
P03637,development,3
P03638,development,2
P03639,development,4
P03640,development,1
P03641,development,3
P03642,holdout,-1
P03643,development,3
P03644,holdout,-1
P03645,development,2
P03646,development,2
P03647,holdout,-1
P03648,holdout,-1
P03649,development,0
P03650,development,3
P03651,development,2
P03652,development,3
P03653,development,3
P03654,development,3
P03655,development,4
P03656,development,0
P03657,development,3
P03658,development,4
P03659,holdout,-1
P03660,development,4
P03661,development,2
P03662,development,4
P03663,development,0
P03664,development,0
P03665,development,0
P03666,holdout,-1
P03667,development,2
P03668,development,2
P03669,holdout,-1
P03670,holdout,-1
P03671,development,2
P03672,development,4
P03673,development,1
P03674,development,0
P03675,development,3
P03676,holdout,-1
P03677,holdout,-1
P03678,development,3
P03679,development,2
P03680,development,4
P03681,development,3
P03682,holdout,-1
P03683,development,4
P03684,development,2
P03685,development,4
P03686,development,1
P03687,holdout,-1
P03688,development,3
P03689,development,3
P03690,development,3
P03691,development,4
P03692,development,1
P03693,development,3
P03694,development,2
P03695,development,3
P03696,development,3
P03697,holdout,-1
P03698,development,3
P03699,development,2
P03700,development,4
P03701,holdout,-1
P03702,development,4
P03703,development,0
P03704,development,0
P03705,development,1
P03706,development,1
P03707,development,2
P03708,development,3
P03709,development,0
P03710,development,1
P03711,development,4
P03712,development,3
P03713,development,1
P03714,holdout,-1
P03715,development,3
P03716,development,4
P03717,development,4
P03718,development,2
P03719,development,0
P03720,holdout,-1
P03721,holdout,-1
P03722,development,3
P03723,development,3
P03724,holdout,-1
P03725,holdout,-1
P03726,development,0
P03727,development,1
P03728,holdout,-1
P03729,development,1
P03730,development,4
P03731,development,1
P03732,development,3
P03733,development,3
P03734,holdout,-1
P03735,holdout,-1
P03736,development,3
P03737,development,1
P03738,development,2
P03739,development,3
P03740,development,4
P03741,development,1
P03742,development,1
P03743,development,3
P03744,development,2
P03745,development,0
P03746,development,2
P03747,development,4
P03748,holdout,-1
P03749,development,0
P03750,development,0
P03751,development,2
P03752,development,3
P03753,holdout,-1
P03754,development,1
P03755,development,2
P03756,development,0
P03757,development,1
P03758,development,2
P03759,development,0
P03760,development,4
P03761,development,0
P03762,development,3
P03763,development,2
P03764,development,2
P03765,development,1
P03766,development,1
P03767,development,1
P03768,development,4
P03769,development,1
P03770,development,0
P03771,development,2
P03772,development,0
P03773,development,2
P03774,holdout,-1
P03775,development,3
P03776,development,2
P03777,holdout,-1
P03778,development,2
P03779,development,2
P03780,development,3
P03781,development,3
P03782,development,3
P03783,development,0
P03784,development,1
P03785,development,0
P03786,development,3
P03787,holdout,-1
P03788,holdout,-1
P03789,development,2
P03790,development,4
P03791,holdout,-1
P03792,development,1
P03793,development,2
P03794,holdout,-1
P03795,development,3
P03796,development,2
P03797,development,1
P03798,development,2
P03799,holdout,-1
P03800,development,2
P03801,development,0
P03802,development,4
P03803,development,3
P03804,development,2
P03805,development,3
P03806,development,2
P03807,development,3
P03808,development,3
P03809,holdout,-1
P03810,development,1
P03811,development,3
P03812,development,4
P03813,development,1
P03814,development,1
P03815,development,4
P03816,development,0
P03817,development,1
P03818,development,2
P03819,holdout,-1
P03820,development,2
P03821,development,1
P03822,development,2
P03823,development,1
P03824,development,1
P03825,development,1
P03826,development,3
P03827,development,1
P03828,development,2
P03829,development,3
P03830,development,4
P03831,development,4
P03832,development,4
P03833,development,2
P03834,development,1
P03835,development,1
P03836,development,0
P03837,development,0
P03838,development,1
P03839,holdout,-1
P03840,development,1
P03841,development,1
P03842,development,1
P03843,development,1
P03844,development,3
P03845,development,1
P03846,development,3
P03847,holdout,-1
P03848,development,4
P03849,development,0
P03850,development,2
P03851,development,0
P03852,development,0
P03853,development,2
P03854,development,3
P03855,development,1
P03856,holdout,-1
P03857,development,0
P03858,development,0
P03859,development,1
P03860,holdout,-1
P03861,development,3
P03862,development,2
P03863,development,3
P03864,development,2
P03865,development,3
P03866,development,4
P03867,development,2
P03868,development,4
P03869,development,1
P03870,development,4
P03871,development,4
P03872,holdout,-1
P03873,holdout,-1
P03874,development,4
P03875,development,4
P03876,development,3
P03877,development,2
P03878,development,3
P03879,development,2
P03880,development,4
P03881,holdout,-1
P03882,development,2
P03883,development,3
P03884,development,2
P03885,development,2
P03886,development,1
P03887,development,0
P03888,holdout,-1
P03889,development,0
P03890,holdout,-1
P03891,holdout,-1
P03892,development,2
P03893,development,1
P03894,development,4
P03895,development,3
P03896,holdout,-1
P03897,development,1
P03898,development,4
P03899,development,4
P03900,holdout,-1
P03901,development,3
P03902,development,4
P03903,development,3
P03904,development,1
P03905,development,3
P03906,development,0
P03907,holdout,-1
P03908,holdout,-1
P03909,development,1
P03910,development,4
P03911,development,3
P03912,holdout,-1
P03913,development,3
P03914,development,3
P03915,development,1
P03916,development,0
P03917,development,0
P03918,holdout,-1
P03919,development,3
P03920,development,4
P03921,development,1
P03922,holdout,-1
P03923,development,2
P03924,development,3
P03925,development,0
P03926,development,2
P03927,development,3
P03928,development,1
P03929,development,4
P03930,development,1
P03931,development,0
P03932,development,4
P03933,development,0
P03934,development,1
P03935,development,3
P03936,development,4
P03937,development,1
P03938,development,1
P03939,development,2
P03940,development,0
P03941,development,0
P03942,development,4
P03943,holdout,-1
P03944,development,0
P03945,holdout,-1
P03946,development,2
P03947,holdout,-1
P03948,development,4
P03949,development,2
P03950,holdout,-1
P03951,development,4
P03952,development,2
P03953,development,2
P03954,holdout,-1
P03955,development,3
P03956,development,1
P03957,holdout,-1
P03958,development,4
P03959,development,0
P03960,development,4
P03961,development,3
P03962,development,3
P03963,development,3
P03964,development,4
P03965,development,3
P03966,development,0
P03967,development,3
P03968,development,1
P03969,development,2
P03970,development,0
P03971,development,3
P03972,holdout,-1
P03973,holdout,-1
P03974,development,2
P03975,development,3
P03976,holdout,-1
P03977,development,4
P03978,development,4
P03979,development,2
P03980,development,3
P03981,development,1
P03982,development,1
P03983,development,0
P03984,development,0
P03985,holdout,-1
P03986,development,1
P03987,development,0
P03988,holdout,-1
P03989,development,0
P03990,holdout,-1
P03991,development,0
P03992,development,0
P03993,development,2
P03994,development,1
P03995,development,2
P03996,development,0
P03997,holdout,-1
P03998,development,0
P03999,development,1
P04000,development,1
P04001,holdout,-1
P04002,development,0
P04003,development,2
P04004,development,3
P04005,development,2
P04006,development,0
P04007,development,2
P04008,development,4
P04009,holdout,-1
P04010,holdout,-1
P04011,holdout,-1
P04012,development,1
P04013,development,2
P04014,development,2
P04015,development,0
P04016,holdout,-1
P04017,development,2
P04018,development,4
P04019,development,2
P04020,holdout,-1
P04021,development,3
P04022,development,2
P04023,development,2
P04024,development,0
P04025,development,1
P04026,development,2
P04027,development,2
P04028,development,2
P04029,holdout,-1
P04030,development,4
P04031,development,4
P04032,development,4
P04033,development,0
P04034,development,4
P04035,holdout,-1
P04036,development,1
P04037,development,4
P04038,development,1
P04039,holdout,-1
P04040,holdout,-1
P04041,development,2
P04042,development,3
P04043,holdout,-1
P04044,development,4
P04045,development,3
P04046,development,1
P04047,development,4
P04048,development,3
P04049,development,3
P04050,development,0
P04051,development,3
P04052,holdout,-1
P04053,development,3
P04054,development,2
P04055,development,0
P04056,development,1
P04057,development,1
P04058,development,3
P04059,development,2
P04060,development,1
P04061,development,3
P04062,holdout,-1
P04063,development,2
P04064,development,2
P04065,development,2
P04066,development,1
P04067,development,0
P04068,development,1
P04069,holdout,-1
P04070,development,4
P04071,development,2
P04072,holdout,-1
P04073,development,4
P04074,development,3
P04075,development,4
P04076,development,3
P04077,development,2
P04078,development,3
P04079,development,2
P04080,development,4
P04081,development,3
P04082,development,4
P04083,development,4
P04084,development,4
P04085,development,0
P04086,development,4
P04087,holdout,-1
P04088,development,2
P04089,development,2
P04090,development,0
P04091,development,0
P04092,development,0
P04093,holdout,-1
P04094,development,1
P04095,development,0
P04096,development,0
P04097,development,4
P04098,holdout,-1
P04099,holdout,-1
P04100,development,1
P04101,development,4
P04102,development,2
P04103,development,2
P04104,development,1
P04105,development,1
P04106,development,1
P04107,development,0
P04108,development,2
P04109,holdout,-1
P04110,development,0
P04111,holdout,-1
P04112,development,4
P04113,development,4
P04114,development,1
P04115,holdout,-1
P04116,development,4
P04117,development,4
P04118,holdout,-1
P04119,development,4
P04120,development,1
P04121,development,0
P04122,development,4
P04123,development,1
P04124,development,1
P04125,development,1
P04126,development,2
P04127,development,2
P04128,holdout,-1
P04129,development,0
P04130,holdout,-1
P04131,holdout,-1
P04132,development,4
P04133,development,0
P04134,development,2
P04135,development,2
P04136,development,2
P04137,development,4
P04138,development,1
P04139,development,3
P04140,development,3
P04141,development,3
P04142,development,0
P04143,development,4
P04144,development,4
P04145,development,1
P04146,holdout,-1
P04147,development,1
P04148,development,2
P04149,development,2
P04150,holdout,-1
P04151,development,3
P04152,development,1
P04153,development,0
P04154,development,1
P04155,development,3
P04156,holdout,-1
P04157,holdout,-1
P04158,development,1
P04159,development,1
P04160,development,1
P04161,development,0
P04162,development,2
P04163,development,3
P04164,holdout,-1
P04165,development,3
P04166,development,0
P04167,development,1
P04168,holdout,-1
P04169,development,4
P04170,development,0
P04171,holdout,-1
P04172,holdout,-1
P04173,holdout,-1
P04174,holdout,-1
P04175,development,3
P04176,development,1
P04177,development,2
P04178,holdout,-1
P04179,holdout,-1
P04180,holdout,-1
P04181,development,0
P04182,development,0
P04183,development,2
P04184,development,4
P04185,development,2
P04186,development,0
P04187,holdout,-1
P04188,development,2
P04189,development,4
P04190,development,0
P04191,holdout,-1
P04192,development,2
P04193,development,4
P04194,development,4
P04195,development,3
P04196,holdout,-1
P04197,development,0
P04198,holdout,-1
P04199,development,1
P04200,development,1
P04201,holdout,-1
P04202,holdout,-1
P04203,development,4
P04204,development,2
P04205,development,0
P04206,development,3
P04207,development,1
P04208,development,2
P04209,development,3
P04210,holdout,-1
P04211,development,4
P04212,development,2
P04213,development,3
P04214,development,3
P04215,development,4
P04216,development,3
P04217,development,2
P04218,development,1
P04219,development,1
P04220,holdout,-1
P04221,development,4
P04222,development,4
P04223,development,0
P04224,development,0
P04225,development,0
P04226,development,0
P04227,development,2
P04228,development,3
P04229,holdout,-1
P04230,development,2
P04231,development,4
P04232,development,4
P04233,development,0
P04234,development,4
P04235,holdout,-1
P04236,development,1
P04237,development,4
P04238,development,1
P04239,development,3
P04240,development,4
P04241,development,0
P04242,development,4
P04243,development,4
P04244,development,2
P04245,development,4
P04246,development,3
P04247,development,4
P04248,holdout,-1
P04249,holdout,-1
P04250,development,1
P04251,development,3
P04252,development,4
P04253,holdout,-1
P04254,development,4
P04255,holdout,-1
P04256,development,2
P04257,development,0
P04258,development,3
P04259,development,2
P04260,development,4
P04261,development,1
P04262,development,3
P04263,development,4
P04264,development,1
P04265,holdout,-1
P04266,development,0
P04267,development,1
P04268,development,3
P04269,development,2
P04270,development,2
P04271,development,0
P04272,development,4
P04273,development,1
P04274,development,1
P04275,holdout,-1
P04276,development,3
P04277,development,2
P04278,development,3
P04279,development,1
P04280,development,4
P04281,development,2
P04282,development,1
P04283,holdout,-1
P04284,development,3
P04285,development,4
P04286,development,3
P04287,development,1
P04288,development,2
P04289,development,0
P04290,development,2
P04291,holdout,-1
P04292,development,2
P04293,holdout,-1
P04294,development,3
P04295,development,3
P04296,development,0
P04297,development,2
P04298,development,1
P04299,development,3
P04300,development,4
P04301,holdout,-1
P04302,development,1
P04303,development,4
P04304,development,1
P04305,development,0
P04306,development,1
P04307,holdout,-1
P04308,development,1
P04309,development,3
P04310,holdout,-1
P04311,development,2
P04312,holdout,-1
P04313,development,2
P04314,development,4
P04315,development,1
P04316,development,1
P04317,development,2
P04318,development,1
P04319,holdout,-1
P04320,development,1
P04321,development,0
P04322,development,1
P04323,development,0
P04324,holdout,-1
P04325,development,0
P04326,development,4
P04327,development,3
P04328,development,2
P04329,development,2
P04330,holdout,-1
P04331,development,0
P04332,development,2
P04333,holdout,-1
P04334,development,4
P04335,holdout,-1
P04336,development,3
P04337,holdout,-1
P04338,development,3
P04339,development,0
P04340,holdout,-1
P04341,holdout,-1
P04342,holdout,-1
P04343,development,3
P04344,development,1
P04345,development,1
P04346,development,3
P04347,development,0
P04348,development,3
P04349,holdout,-1
P04350,holdout,-1
P04351,holdout,-1
P04352,holdout,-1
P04353,holdout,-1
P04354,holdout,-1
P04355,development,3
P04356,development,4
P04357,holdout,-1
P04358,holdout,-1
P04359,development,0
P04360,development,1
P04361,development,3
P04362,development,3
P04363,development,1
P04364,development,4
P04365,development,4
P04366,development,1
P04367,development,2
P04368,development,0
P04369,development,0
P04370,development,3
P04371,development,3
P04372,development,0
P04373,development,2
P04374,development,1
P04375,development,0
P04376,development,4
P04377,holdout,-1
P04378,development,0
P04379,development,2
P04380,development,1
P04381,development,0
P04382,development,0
P04383,development,3
P04384,development,0
P04385,holdout,-1
P04386,development,0
P04387,development,1
P04388,development,1
P04389,development,4
P04390,development,4
P04391,holdout,-1
P04392,development,3
P04393,development,3
P04394,development,3
P04395,development,4
P04396,holdout,-1
P04397,development,2
P04398,development,4
P04399,development,2
P04400,development,1
P04401,development,3
P04402,development,0
P04403,development,4
P04404,development,4
P04405,development,2
P04406,holdout,-1
P04407,development,1
P04408,development,3
P04409,development,0
P04410,development,3
P04411,development,4
P04412,holdout,-1
P04413,development,2
P04414,holdout,-1
P04415,development,2
P04416,development,1
P04417,development,3
P04418,development,1
P04419,development,3
P04420,development,0
P04421,development,2
P04422,development,2
P04423,development,4
P04424,holdout,-1
P04425,development,4
P04426,development,2
P04427,holdout,-1
P04428,development,3
P04429,development,1
P04430,development,1
P04431,development,4
P04432,development,4
P04433,development,3
P04434,development,1
P04435,development,0
P04436,development,2
P04437,development,1
P04438,development,2
P04439,development,0
P04440,holdout,-1
P04441,development,3
P04442,development,3
P04443,holdout,-1
P04444,holdout,-1
P04445,development,1
P04446,development,3
P04447,development,4
P04448,development,2
P04449,development,2
P04450,development,0
P04451,development,0
P04452,development,2
P04453,development,4
P04454,development,3
P04455,development,3
P04456,development,4
P04457,development,4
P04458,development,1
P04459,holdout,-1
P04460,development,2
P04461,development,3
P04462,development,3
P04463,development,3
P04464,development,1
P04465,development,3
P04466,development,0
P04467,holdout,-1
P04468,development,1
P04469,development,3
P04470,holdout,-1
P04471,development,2
P04472,holdout,-1
P04473,development,2
P04474,holdout,-1
P04475,development,3
P04476,development,3
P04477,holdout,-1
P04478,holdout,-1
P04479,development,2
P04480,development,4
P04481,development,1
P04482,development,1
P04483,development,0
P04484,development,1
P04485,development,3
P04486,holdout,-1
P04487,development,2
P04488,development,2
P04489,development,1
P04490,development,2
P04491,development,0
P04492,development,1
P04493,development,4
P04494,holdout,-1
P04495,development,1
P04496,holdout,-1
P04497,holdout,-1
P04498,development,3
P04499,development,4
P04500,development,0
P04501,holdout,-1
P04502,development,2
P04503,development,1
P04504,holdout,-1
P04505,development,0
P04506,holdout,-1
P04507,holdout,-1
P04508,development,0
P04509,holdout,-1
P04510,development,1
P04511,development,2
P04512,holdout,-1
P04513,development,4
P04514,development,4
P04515,development,2
P04516,development,1
P04517,development,1
P04518,development,3
P04519,development,2
P04520,development,4
P04521,development,4
P04522,development,0
P04523,development,4
P04524,development,4
P04525,holdout,-1
P04526,development,1
P04527,holdout,-1
P04528,development,0
P04529,development,0
P04530,development,2
P04531,development,0
P04532,development,1
P04533,development,0
P04534,development,2
P04535,development,0
P04536,holdout,-1
P04537,holdout,-1
P04538,development,0
P04539,development,0
P04540,holdout,-1
P04541,development,1
P04542,development,3
P04543,development,0
P04544,development,2
P04545,development,2
P04546,holdout,-1
P04547,holdout,-1
P04548,development,2
P04549,development,1
P04550,development,2
P04551,development,0
P04552,development,1
P04553,development,3
P04554,development,2
P04555,development,4
P04556,development,0
P04557,development,4
P04558,development,1
P04559,development,4
P04560,development,3
P04561,development,1
P04562,development,0
P04563,development,1
P04564,development,3
P04565,development,4
P04566,development,3
P04567,holdout,-1
P04568,development,4
P04569,holdout,-1
P04570,development,4
P04571,development,1
P04572,development,2
P04573,development,2
P04574,development,3
P04575,development,2
P04576,development,3
P04577,development,2
P04578,holdout,-1
P04579,development,1
P04580,development,3
P04581,development,1
P04582,development,3
P04583,development,1
P04584,development,1
P04585,development,1
P04586,holdout,-1
P04587,development,4
P04588,development,2
P04589,development,0
P04590,development,3
P04591,development,0
P04592,development,2
P04593,holdout,-1
P04594,development,2
P04595,development,3
P04596,development,3
P04597,holdout,-1
P04598,development,4
P04599,development,4
P04600,development,4
P04601,development,1
P04602,development,4
P04603,holdout,-1
P04604,holdout,-1
P04605,development,0
P04606,holdout,-1
P04607,development,3
P04608,development,1
P04609,development,4
P04610,development,3
P04611,development,4
P04612,development,3
P04613,development,1
P04614,development,4
P04615,development,1
P04616,holdout,-1
P04617,development,3
P04618,development,1
P04619,development,3
P04620,holdout,-1
P04621,development,3
P04622,development,3
P04623,holdout,-1
P04624,holdout,-1
P04625,development,3
P04626,holdout,-1
P04627,development,0
P04628,development,2
P04629,holdout,-1
P04630,development,4
P04631,development,0
P04632,development,2
P04633,development,1
P04634,development,4
P04635,development,0
P04636,development,1
P04637,development,2
P04638,development,3
P04639,development,4
P04640,development,2
P04641,development,4
P04642,development,3
P04643,development,1
P04644,development,1
P04645,development,2
P04646,development,2
P04647,development,4
P04648,development,4
P04649,development,3
P04650,development,0
P04651,development,2
P04652,development,1
P04653,development,4
P04654,development,1
P04655,holdout,-1
P04656,development,3
P04657,holdout,-1
P04658,development,2
P04659,development,3
P04660,development,2
P04661,development,0
P04662,development,3
P04663,holdout,-1
P04664,development,4
P04665,development,3
P04666,development,4
P04667,development,0
P04668,development,4
P04669,development,2
P04670,development,4
P04671,development,2
P04672,development,3
P04673,development,1
P04674,development,4
P04675,holdout,-1
P04676,holdout,-1
P04677,development,4
P04678,development,2
P04679,development,4
P04680,development,2
P04681,development,3
P04682,holdout,-1
P04683,holdout,-1
P04684,development,0
P04685,development,1
P04686,development,2
P04687,holdout,-1
P04688,holdout,-1
P04689,development,4
P04690,development,3
P04691,development,2
P04692,development,1
P04693,holdout,-1
P04694,development,2
P04695,development,1
P04696,development,2
P04697,development,4
P04698,holdout,-1
P04699,holdout,-1
P04700,development,3
P04701,holdout,-1
P04702,development,1
P04703,holdout,-1
P04704,holdout,-1
P04705,development,0
P04706,holdout,-1
P04707,development,4
P04708,development,0
P04709,development,1
P04710,development,0
P04711,development,4
P04712,development,2
P04713,development,3
P04714,holdout,-1
P04715,development,3
P04716,holdout,-1
P04717,development,0
P04718,development,2
P04719,development,4
P04720,development,0
P04721,development,0
P04722,development,3
P04723,development,0
P04724,development,4
P04725,development,1
P04726,development,3
P04727,development,3
P04728,development,1
P04729,development,0
P04730,development,1
P04731,development,3
P04732,development,1
P04733,development,2
P04734,development,2
P04735,holdout,-1
P04736,development,3
P04737,development,3
P04738,development,0
P04739,development,4
P04740,development,1
P04741,holdout,-1
P04742,development,0
P04743,development,1
P04744,holdout,-1
P04745,development,2
P04746,development,2
P04747,development,3
P04748,development,0
P04749,development,2
P04750,holdout,-1
P04751,development,1
P04752,development,0
P04753,development,2
P04754,development,4
P04755,development,2
P04756,development,0
P04757,development,3
P04758,development,4
P04759,development,2
P04760,development,0
P04761,development,4
P04762,holdout,-1
P04763,development,2
P04764,development,2
P04765,holdout,-1
P04766,development,2
P04767,development,1
P04768,development,2
P04769,holdout,-1
P04770,development,1
P04771,development,0
P04772,holdout,-1
P04773,development,1
P04774,development,2
P04775,development,4
P04776,development,2
P04777,development,2
P04778,development,3
P04779,development,3
P04780,holdout,-1
P04781,development,4
P04782,development,0
P04783,development,0
P04784,development,4
P04785,development,3
P04786,development,0
P04787,development,4
P04788,development,3
P04789,holdout,-1
P04790,holdout,-1
P04791,holdout,-1
P04792,development,0
P04793,development,4
P04794,development,1
P04795,development,3
P04796,development,1
P04797,development,2
P04798,development,1
P04799,development,4
P04800,development,4
P04801,development,0
P04802,development,3
P04803,development,3
P04804,development,2
P04805,development,3
P04806,holdout,-1
P04807,development,0
P04808,development,2
P04809,holdout,-1
P04810,holdout,-1
P04811,development,2
P04812,development,1
P04813,development,0
P04814,development,4
P04815,development,2
P04816,holdout,-1
P04817,development,0
P04818,development,3
P04819,development,1
P04820,holdout,-1
P04821,development,3
P04822,holdout,-1
P04823,holdout,-1
P04824,holdout,-1
P04825,development,4
P04826,development,1
P04827,development,1
P04828,development,0
P04829,development,3
P04830,development,2
P04831,development,2
P04832,development,2
P04833,development,4
P04834,development,1
P04835,holdout,-1
P04836,development,3
P04837,development,1
P04838,development,0
P04839,development,0
P04840,development,4
P04841,development,2
P04842,development,3
P04843,development,1
P04844,holdout,-1
P04845,holdout,-1
P04846,holdout,-1
P04847,development,1
P04848,development,3
P04849,holdout,-1
P04850,development,3
P04851,holdout,-1
P04852,development,1
P04853,development,1
P04854,development,4
P04855,development,2
P04856,development,3
P04857,development,4
P04858,development,1
P04859,development,4
P04860,development,1
P04861,development,4
P04862,development,3
P04863,holdout,-1
P04864,holdout,-1
P04865,development,4
P04866,holdout,-1
P04867,development,2
P04868,development,3
P04869,holdout,-1
P04870,holdout,-1
P04871,development,3
P04872,development,3
P04873,development,1
P04874,development,0
P04875,development,2
P04876,development,3
P04877,development,1
P04878,development,0
P04879,development,2
P04880,development,4
P04881,development,0
P04882,development,1
P04883,holdout,-1
P04884,development,1
P04885,development,4
P04886,holdout,-1
P04887,development,3
P04888,development,3
P04889,holdout,-1
P04890,development,2
P04891,development,4
P04892,development,3
P04893,development,0
P04894,development,3
P04895,development,0
P04896,holdout,-1
P04897,holdout,-1
P04898,development,4
P04899,development,0
P04900,development,0
P04901,holdout,-1
P04902,development,0
P04903,development,4
P04904,holdout,-1
P04905,development,0
P04906,development,1
P04907,development,2
P04908,development,1
P04909,development,2
P04910,development,1
P04911,holdout,-1
P04912,holdout,-1
P04913,development,0
P04914,holdout,-1
P04915,development,1
P04916,development,1
P04917,development,1
P04918,development,3
P04919,holdout,-1
P04920,development,0
P04921,development,1
P04922,development,0
P04923,holdout,-1
P04924,holdout,-1
P04925,development,1
P04926,development,1
P04927,development,0
P04928,holdout,-1
P04929,development,0
P04930,development,2
P04931,development,2
P04932,development,2
P04933,development,2
P04934,development,3
P04935,development,2
P04936,development,1
P04937,development,1
P04938,development,2
P04939,holdout,-1
P04940,development,4
P04941,development,4
P04942,development,2
P04943,development,3
P04944,holdout,-1
P04945,development,2
P04946,holdout,-1
P04947,development,1
P04948,development,1
P04949,development,2
P04950,development,4
P04951,development,0
P04952,development,4
P04953,holdout,-1
P04954,holdout,-1
P04955,holdout,-1
P04956,development,2
P04957,development,3
P04958,development,4
P04959,holdout,-1
P04960,development,3
P04961,holdout,-1
P04962,development,2
P04963,development,2
P04964,holdout,-1
P04965,development,0
P04966,development,4
P04967,holdout,-1
P04968,development,2
P04969,holdout,-1
P04970,development,1
P04971,development,1
P04972,development,1
P04973,development,2
P04974,development,4
P04975,development,0
P04976,development,0
P04977,development,3
P04978,development,2
P04979,development,1
P04980,development,3
P04981,development,2
P04982,development,2
P04983,holdout,-1
P04984,development,1
P04985,development,0
P04986,holdout,-1
P04987,development,3
P04988,development,0
P04989,holdout,-1
P04990,development,0
P04991,development,4
P04992,development,4
P04993,development,4
P04994,holdout,-1
P04995,development,3
P04996,development,1
P04997,development,0
P04998,development,1
P04999,development,2
P05000,development,4
P05001,holdout,-1
P05002,development,1
P05003,development,2
P05004,holdout,-1
P05005,development,0
P05006,development,2
P05007,development,1
P05008,development,1
P05009,holdout,-1
P05010,development,2
P05011,development,4
P05012,development,4
P05013,development,4
P05014,holdout,-1
P05015,holdout,-1
P05016,development,0
P05017,development,2
P05018,development,0
P05019,development,2
P05020,holdout,-1
P05021,development,0
P05022,development,2
P05023,development,2
P05024,development,4
P05025,development,1
P05026,development,2
P05027,holdout,-1
P05028,development,0
P05029,development,4
P05030,development,3
P05031,development,2
P05032,holdout,-1
P05033,development,4
P05034,development,0
P05035,development,3
P05036,development,4
P05037,development,1
P05038,development,3
P05039,development,3
P05040,holdout,-1
P05041,development,4
P05042,development,4
P05043,development,2
P05044,development,4
P05045,development,1
P05046,development,2
P05047,development,4
P05048,development,0
P05049,development,3
P05050,development,0
P05051,development,3
P05052,development,2
P05053,development,1
P05054,holdout,-1
P05055,development,4
P05056,development,4
P05057,development,2
P05058,development,4
P05059,holdout,-1
P05060,development,2
P05061,development,4
P05062,holdout,-1
P05063,development,4
P05064,development,3
P05065,development,1
P05066,development,3
P05067,holdout,-1
P05068,holdout,-1
P05069,development,0
P05070,development,1
P05071,development,4
P05072,development,0
P05073,development,2
P05074,development,1
P05075,holdout,-1
P05076,development,0
P05077,holdout,-1
P05078,development,2
P05079,holdout,-1
P05080,holdout,-1
P05081,development,2
P05082,holdout,-1
P05083,development,4
P05084,development,0
P05085,development,0
P05086,development,3
P05087,development,3
P05088,development,3
P05089,development,0
P05090,development,3
P05091,holdout,-1
P05092,holdout,-1
P05093,development,4
P05094,development,1
P05095,development,4
P05096,holdout,-1
P05097,development,2
P05098,development,4
P05099,development,3
P05100,development,4
P05101,holdout,-1
P05102,development,2
P05103,holdout,-1
P05104,development,0
P05105,development,3
P05106,development,3
P05107,development,2
P05108,development,2
P05109,holdout,-1
P05110,development,0
P05111,development,4
P05112,development,4
P05113,development,3
P05114,development,4
P05115,development,2
P05116,development,2
P05117,development,3
P05118,holdout,-1
P05119,development,4
P05120,development,2
P05121,development,4
P05122,holdout,-1
P05123,holdout,-1
P05124,development,2
P05125,development,1
P05126,development,1
P05127,development,1
P05128,development,1
P05129,development,2
P05130,development,0
P05131,development,2
P05132,development,1
P05133,development,4
P05134,development,4
P05135,development,2
P05136,development,3
P05137,holdout,-1
P05138,development,0
P05139,development,1
P05140,development,4
P05141,development,1
P05142,holdout,-1
P05143,holdout,-1
P05144,development,0
P05145,development,1
P05146,development,2
P05147,development,0
P05148,development,0
P05149,development,2
P05150,development,3
P05151,development,2
P05152,development,2
P05153,holdout,-1
P05154,development,3
P05155,development,3
P05156,development,1
P05157,development,0
P05158,development,3
P05159,development,3
P05160,holdout,-1
P05161,development,3
P05162,development,4
P05163,development,1
P05164,development,2
P05165,development,1
P05166,development,4
P05167,development,4
P05168,holdout,-1
P05169,holdout,-1
P05170,development,4
P05171,development,1
P05172,development,2
P05173,holdout,-1
P05174,development,3
P05175,holdout,-1
P05176,holdout,-1
P05177,development,2
P05178,development,2
P05179,holdout,-1
P05180,development,1
P05181,development,1
P05182,development,1
P05183,development,3
P05184,development,3
P05185,development,3
P05186,holdout,-1
P05187,holdout,-1
P05188,holdout,-1
P05189,holdout,-1
P05190,development,4
P05191,development,1
P05192,development,3
P05193,development,0
P05194,development,3
P05195,development,4
P05196,development,0
P05197,development,0
P05198,development,4
P05199,development,1
P05200,development,0
P05201,development,4
P05202,development,2
P05203,development,4
P05204,development,0
P05205,development,4
P05206,development,1
P05207,development,1
P05208,development,1
P05209,holdout,-1
P05210,development,1
P05211,development,0
P05212,development,4
P05213,holdout,-1
P05214,development,0
P05215,development,2
P05216,development,0
P05217,development,4
P05218,development,1
P05219,holdout,-1
P05220,development,2
P05221,development,3
P05222,holdout,-1
P05223,development,4
P05224,development,1
P05225,holdout,-1
P05226,development,4
P05227,development,2
P05228,development,3
P05229,development,4
P05230,development,1
P05231,development,4
P05232,development,2
P05233,development,1
P05234,development,3
P05235,development,2
P05236,holdout,-1
P05237,holdout,-1
P05238,development,2
P05239,development,0
P05240,development,4
P05241,development,1
P05242,holdout,-1
P05243,development,1
P05244,development,3
P05245,holdout,-1
P05246,development,0
P05247,development,0
P05248,development,3
P05249,development,3
P05250,development,3
P05251,development,2
P05252,holdout,-1
P05253,development,2
P05254,development,0
P05255,development,0
P05256,development,3
P05257,development,3
P05258,development,3
P05259,development,2
P05260,holdout,-1
P05261,holdout,-1
P05262,holdout,-1
P05263,development,0
P05264,holdout,-1
P05265,holdout,-1
P05266,holdout,-1
P05267,development,3
P05268,development,1
P05269,development,2
P05270,holdout,-1
P05271,development,1
P05272,development,3
P05273,development,0
P05274,development,1
P05275,development,2
P05276,development,4
P05277,development,3
P05278,development,3
P05279,development,1
P05280,development,2
P05281,development,1
P05282,development,0
P05283,development,4
P05284,development,2
P05285,development,4
P05286,development,0
P05287,development,2
P05288,holdout,-1
P05289,holdout,-1
P05290,development,1
P05291,development,2
P05292,development,3
P05293,development,4
P05294,development,1
P05295,development,3
P05296,development,2
P05297,development,0
P05298,holdout,-1
P05299,development,3
P05300,holdout,-1
P05301,development,1
P05302,development,3
P05303,development,2
P05304,development,1
P05305,development,0
P05306,holdout,-1
P05307,development,3
P05308,development,0
P05309,development,2
P05310,development,0
P05311,development,2
P05312,development,0
P05313,development,4
P05314,development,4
P05315,development,2
P05316,holdout,-1
P05317,development,2
P05318,development,0
P05319,development,0
P05320,development,0
P05321,holdout,-1
P05322,development,1
P05323,development,3
P05324,development,2
P05325,development,4
P05326,development,4
P05327,development,4
P05328,development,3
P05329,development,0
P05330,development,2
P05331,development,3
P05332,development,2
P05333,holdout,-1
P05334,development,4
P05335,development,4
P05336,development,3
P05337,holdout,-1
P05338,development,0
P05339,holdout,-1
P05340,development,1
P05341,development,4
P05342,development,4
P05343,development,2
P05344,development,4
P05345,development,2
P05346,development,3
P05347,development,0
P05348,development,4
P05349,development,0
P05350,holdout,-1
P05351,development,0
P05352,development,3
P05353,development,4
P05354,development,0
P05355,development,2
P05356,development,4
P05357,development,0
P05358,development,0
P05359,development,1
P05360,development,4
P05361,development,0
P05362,development,3
P05363,development,4
P05364,development,4
P05365,development,2
P05366,development,1
P05367,holdout,-1
P05368,development,2
P05369,development,4
P05370,development,0
P05371,development,4
P05372,development,0
P05373,holdout,-1
P05374,development,0
P05375,development,2
P05376,development,1
P05377,development,2
P05378,development,2
P05379,development,1
P05380,development,4
P05381,development,3
P05382,development,3
P05383,development,2
P05384,development,3
P05385,holdout,-1
P05386,development,4
P05387,development,0
P05388,development,0
P05389,development,0
P05390,holdout,-1
P05391,development,0
P05392,development,4
P05393,development,1
P05394,development,1
P05395,development,3
P05396,development,3
P05397,development,3
P05398,development,0
P05399,development,3
P05400,development,3
P05401,development,1
P05402,development,2
P05403,development,0
P05404,development,2
P05405,holdout,-1
P05406,development,3
P05407,development,1
P05408,development,0
P05409,development,3
P05410,development,0
P05411,development,1
P05412,development,2
P05413,development,0
P05414,holdout,-1
P05415,development,1
P05416,holdout,-1
P05417,development,2
P05418,development,1
P05419,holdout,-1
P05420,holdout,-1
P05421,development,0
P05422,development,2
P05423,development,2
P05424,development,4
P05425,development,4
P05426,development,2
P05427,development,4
P05428,development,4
P05429,development,0
P05430,development,4
P05431,development,0
P05432,development,2
P05433,development,3
P05434,holdout,-1
P05435,development,1
P05436,development,3
P05437,development,3
P05438,development,3
P05439,development,2
P05440,holdout,-1
P05441,development,4
P05442,development,2
P05443,development,3
P05444,holdout,-1
P05445,development,0
P05446,holdout,-1
P05447,development,0
P05448,development,3
P05449,development,4
P05450,development,1
P05451,development,3
P05452,development,2
P05453,development,2
P05454,development,0
P05455,development,1
P05456,holdout,-1
P05457,development,4
P05458,development,3
P05459,development,4
P05460,development,4
P05461,holdout,-1
P05462,development,1
P05463,development,0
P05464,development,2
P05465,development,4
P05466,development,0
P05467,holdout,-1
P05468,development,1
P05469,holdout,-1
P05470,development,0
P05471,holdout,-1
P05472,development,4
P05473,development,3
P05474,development,3
P05475,development,2
P05476,development,3
P05477,development,1
P05478,development,2
P05479,development,2
P05480,development,3
P05481,development,3
P05482,development,1
P05483,development,2
P05484,development,2
P05485,development,3
P05486,development,1
P05487,development,1
P05488,holdout,-1
P05489,holdout,-1
P05490,development,4
P05491,development,1
P05492,development,4
P05493,development,0
P05494,development,4
P05495,development,2
P05496,development,3
P05497,development,1
P05498,development,4
P05499,development,1
P05500,development,2
P05501,development,0
P05502,holdout,-1
P05503,holdout,-1
P05504,development,3
P05505,development,4
P05506,development,2
P05507,development,4
P05508,development,3
P05509,development,3
P05510,development,4
P05511,development,0
P05512,development,2
P05513,development,3
P05514,holdout,-1
P05515,development,2
P05516,development,1
P05517,development,2
P05518,development,1
P05519,development,1
P05520,development,1
P05521,development,3
P05522,holdout,-1
P05523,development,3
P05524,development,1
P05525,development,1
P05526,development,1
P05527,development,3
P05528,holdout,-1
P05529,development,2
P05530,development,3
P05531,development,3
P05532,development,2
P05533,development,0
P05534,development,0
P05535,development,2
P05536,development,1
P05537,development,2
P05538,development,1
P05539,holdout,-1
P05540,development,2
P05541,holdout,-1
P05542,development,1
P05543,development,1
P05544,holdout,-1
P05545,development,3
P05546,development,3
P05547,development,0
P05548,development,4
P05549,development,1
P05550,development,3
P05551,development,1
P05552,holdout,-1
P05553,development,0
P05554,holdout,-1
P05555,development,0
P05556,development,0
P05557,development,2
P05558,development,1
P05559,development,1
P05560,development,4
P05561,development,0
P05562,development,0
P05563,development,2
P05564,development,2
P05565,development,1
P05566,development,3
P05567,development,3
P05568,development,0
P05569,development,2
P05570,development,4
P05571,holdout,-1
P05572,development,3
P05573,development,4
P05574,development,2
P05575,development,1
P05576,development,0
P05577,development,3
P05578,development,4
P05579,development,2
P05580,development,4
P05581,development,3
P05582,development,4
P05583,holdout,-1
P05584,development,1
P05585,development,0
P05586,development,1
P05587,development,4
P05588,development,4
P05589,development,1
P05590,development,0
P05591,development,2
P05592,development,3
P05593,development,3
P05594,development,3
P05595,development,0
P05596,development,4
P05597,development,0
P05598,development,0
P05599,development,3
P05600,development,3
P05601,holdout,-1
P05602,development,1
P05603,development,3
P05604,development,4
P05605,development,0
P05606,holdout,-1
P05607,development,4
P05608,development,4
P05609,development,4
P05610,holdout,-1
P05611,development,1
P05612,development,0
P05613,development,4
P05614,holdout,-1
P05615,development,3
P05616,development,1
P05617,development,1
P05618,development,3
P05619,holdout,-1
P05620,holdout,-1
P05621,development,1
P05622,holdout,-1
P05623,development,1
P05624,development,1
P05625,development,4
P05626,development,0
P05627,development,4
P05628,development,2
P05629,holdout,-1
P05630,development,3
P05631,holdout,-1
P05632,development,4
P05633,holdout,-1
P05634,development,4
P05635,development,0
P05636,development,1
P05637,development,3
P05638,development,3
P05639,development,3
P05640,development,1
P05641,development,1
P05642,development,1
P05643,development,4
P05644,development,0
P05645,development,4
P05646,development,0
P05647,development,4
P05648,development,4
P05649,development,1
P05650,development,4
P05651,holdout,-1
P05652,development,4
P05653,development,1
P05654,development,2
P05655,development,1
P05656,development,2
P05657,development,1
P05658,development,2
P05659,development,4
P05660,development,0
P05661,development,2
P05662,development,3
P05663,development,0
P05664,development,1
P05665,development,2
P05666,holdout,-1
P05667,development,3
P05668,development,1
P05669,development,3
P05670,development,1
P05671,development,3
P05672,development,2
P05673,development,3
P05674,development,3
P05675,development,2
P05676,development,3
P05677,development,1
P05678,development,4
P05679,development,2
P05680,development,2
P05681,development,3
P05682,development,0
P05683,development,3
P05684,development,3
P05685,development,1
P05686,development,4
P05687,development,4
P05688,holdout,-1
P05689,development,2
P05690,development,4
P05691,development,0
P05692,holdout,-1
P05693,development,2
P05694,development,4
P05695,development,1
P05696,development,1
P05697,development,3
P05698,holdout,-1
P05699,development,1
P05700,holdout,-1
P05701,development,3
P05702,development,2
P05703,development,0
P05704,holdout,-1
P05705,holdout,-1
P05706,development,1
P05707,development,4
P05708,development,4
P05709,development,2
P05710,development,3
P05711,development,0
P05712,development,4
P05713,development,1
P05714,development,2
P05715,development,3
P05716,holdout,-1
P05717,development,0
P05718,development,2
P05719,development,0
P05720,development,1
P05721,holdout,-1
P05722,development,2
P05723,holdout,-1
P05724,development,2
P05725,development,1
P05726,development,0
P05727,development,1
P05728,development,1
P05729,development,0
P05730,holdout,-1
P05731,holdout,-1
P05732,development,1
P05733,holdout,-1
P05734,development,1
P05735,holdout,-1
P05736,holdout,-1
P05737,holdout,-1
P05738,development,1
P05739,development,3
P05740,development,1
P05741,development,1
P05742,development,0
P05743,development,2
P05744,development,3
P05745,development,3
P05746,development,3
P05747,holdout,-1
P05748,holdout,-1
P05749,holdout,-1
P05750,development,0
P05751,development,1
P05752,development,4
P05753,holdout,-1
P05754,development,1
P05755,development,1
P05756,holdout,-1
P05757,development,0
P05758,development,2
P05759,holdout,-1
P05760,development,4
P05761,holdout,-1
P05762,development,0
P05763,holdout,-1
P05764,development,2
P05765,development,4
P05766,development,0
P05767,development,3
P05768,development,4
P05769,development,0
P05770,development,4
P05771,development,2
P05772,development,3
P05773,development,1
P05774,development,1
P05775,development,3
P05776,development,4
P05777,development,0
P05778,development,3
P05779,development,1
P05780,development,4
P05781,development,2
P05782,development,0
P05783,development,3
P05784,development,3
P05785,development,4
P05786,development,4
P05787,development,1
P05788,development,0
P05789,development,2
P05790,development,2
P05791,development,2
P05792,development,3
P05793,holdout,-1
P05794,development,0
P05795,development,3
P05796,development,1
P05797,development,0
P05798,development,4
P05799,development,2
P05800,development,2
P05801,holdout,-1
P05802,development,3
P05803,development,0
P05804,development,2
P05805,development,3
P05806,development,2
P05807,holdout,-1
P05808,development,3
P05809,development,2
P05810,holdout,-1
P05811,development,0
P05812,development,4
P05813,development,2
P05814,holdout,-1
P05815,development,3
P05816,development,0
P05817,development,1
P05818,development,4
P05819,development,0
P05820,holdout,-1
P05821,development,3
P05822,development,2
P05823,development,2
P05824,development,2
P05825,holdout,-1
P05826,development,3
P05827,development,2
P05828,holdout,-1
P05829,development,4
P05830,development,4
P05831,development,0
P05832,development,0
P05833,holdout,-1
P05834,holdout,-1
P05835,development,2
P05836,development,4
P05837,development,0
P05838,development,1
P05839,development,0
P05840,development,0
P05841,development,2
P05842,development,0
P05843,development,1
P05844,development,2
P05845,development,4
P05846,development,2
P05847,development,2
P05848,holdout,-1
P05849,holdout,-1
P05850,holdout,-1
P05851,development,1
P05852,development,0
P05853,holdout,-1
P05854,development,1
P05855,holdout,-1
P05856,development,3
P05857,development,1
P05858,development,4
P05859,holdout,-1
P05860,development,4
P05861,development,4
P05862,holdout,-1
P05863,holdout,-1
P05864,development,3
P05865,development,2
P05866,holdout,-1
P05867,development,4
P05868,development,3
P05869,holdout,-1
P05870,development,3
P05871,development,0
P05872,holdout,-1
P05873,holdout,-1
P05874,development,4
P05875,development,4
P05876,development,0
P05877,development,4
P05878,development,0
P05879,development,2
P05880,development,0
P05881,development,1
P05882,development,3
P05883,development,4
P05884,holdout,-1
P05885,development,1
P05886,development,0
P05887,development,3
P05888,development,2
P05889,development,2
P05890,development,0
P05891,holdout,-1
P05892,development,2
P05893,development,4
P05894,development,1
P05895,development,0
P05896,development,4
P05897,holdout,-1
P05898,development,3
P05899,development,1
P05900,development,1
P05901,holdout,-1
P05902,development,4
P05903,development,1
P05904,development,1
P05905,development,3
P05906,holdout,-1
P05907,development,4
P05908,holdout,-1
P05909,holdout,-1
P05910,development,4
P05911,holdout,-1
P05912,holdout,-1
P05913,development,1
P05914,development,3
P05915,development,2
P05916,development,4
P05917,holdout,-1
P05918,holdout,-1
P05919,development,0
P05920,development,3
P05921,development,4
P05922,development,2
P05923,development,4
P05924,holdout,-1
P05925,development,3
P05926,development,2
P05927,development,0
P05928,holdout,-1
P05929,development,3
P05930,development,1
P05931,development,0
P05932,holdout,-1
P05933,development,0
P05934,development,4
P05935,development,1
P05936,development,4
P05937,development,3
P05938,holdout,-1
P05939,development,0
P05940,development,4
P05941,development,0
P05942,development,4
P05943,development,2
P05944,holdout,-1
P05945,holdout,-1
P05946,development,0
P05947,development,2
P05948,development,2
P05949,development,1
P05950,development,2
P05951,development,4
P05952,development,1
P05953,development,0
P05954,development,1
P05955,holdout,-1
P05956,holdout,-1
P05957,development,2
P05958,development,1
P05959,holdout,-1
P05960,holdout,-1
P05961,development,0
P05962,development,2
P05963,development,3
P05964,holdout,-1
P05965,development,0
P05966,development,1
P05967,holdout,-1
P05968,holdout,-1
P05969,holdout,-1
P05970,development,1
P05971,development,4
P05972,development,0
P05973,development,1
P05974,holdout,-1
P05975,development,3
P05976,development,3
P05977,holdout,-1
P05978,development,0
P05979,development,4
P05980,development,4
P05981,development,0
P05982,development,1
P05983,development,0
P05984,development,2
P05985,holdout,-1
P05986,development,3
P05987,development,4
P05988,development,3
P05989,development,0
P05990,development,0
P05991,development,2
P05992,development,1
P05993,development,1
P05994,development,2
P05995,development,2
P05996,development,1
P05997,development,2
P05998,development,2
P05999,development,4
P06000,development,3
P06001,development,1
P06002,development,3
P06003,development,0
P06004,development,4
P06005,development,0
P06006,development,0
P06007,development,2
P06008,development,4
P06009,development,2
P06010,development,0
P06011,holdout,-1
P06012,development,4
P06013,development,4
P06014,development,3
P06015,development,4
P06016,holdout,-1
P06017,holdout,-1
P06018,development,1
P06019,development,3
P06020,development,2
P06021,development,0
P06022,development,3
P06023,holdout,-1
P06024,development,4
P06025,development,1
P06026,development,1
P06027,development,2
P06028,development,2
P06029,development,1
P06030,development,1
P06031,development,1
P06032,development,1
P06033,development,2
P06034,development,0
P06035,holdout,-1
P06036,development,0
P06037,development,4
P06038,development,4
P06039,development,3
P06040,development,0
P06041,development,4
P06042,development,2
P06043,development,1
P06044,development,4
P06045,development,1
P06046,development,3
P06047,development,4
P06048,holdout,-1
P06049,development,0
P06050,development,3
P06051,development,0
P06052,development,1
P06053,holdout,-1
P06054,development,2
P06055,development,0
P06056,development,3
P06057,holdout,-1
P06058,development,4
P06059,holdout,-1
P06060,development,1
P06061,holdout,-1
P06062,development,0
P06063,holdout,-1
P06064,development,0
P06065,holdout,-1
P06066,development,0
P06067,holdout,-1
P06068,holdout,-1
P06069,holdout,-1
P06070,development,1
P06071,development,4
P06072,development,0
P06073,development,2
P06074,development,4
P06075,holdout,-1
P06076,development,0
P06077,holdout,-1
P06078,development,1
P06079,development,4
P06080,development,1
P06081,development,2
P06082,development,2
P06083,holdout,-1
P06084,holdout,-1
P06085,holdout,-1
P06086,development,2
P06087,development,1
P06088,development,0
P06089,development,3
P06090,development,4
P06091,development,2
P06092,development,0
P06093,development,2
P06094,development,3
P06095,development,2
P06096,development,4
P06097,holdout,-1
P06098,development,3
P06099,development,0
P06100,development,0
P06101,holdout,-1
P06102,development,2
P06103,development,4
P06104,holdout,-1
P06105,development,3
P06106,development,4
P06107,development,3
P06108,development,1
P06109,development,0
P06110,development,0
P06111,development,2
P06112,development,1
P06113,development,0
P06114,development,2
P06115,development,1
P06116,development,3
P06117,development,0
P06118,development,0
P06119,holdout,-1
P06120,development,0
P06121,development,2
P06122,development,4
P06123,holdout,-1
P06124,development,1
P06125,holdout,-1
P06126,development,2
P06127,development,1
P06128,development,1
P06129,development,1
P06130,development,3
P06131,development,3
P06132,development,0
P06133,development,3
P06134,development,3
P06135,holdout,-1
P06136,development,4
P06137,development,2
P06138,development,0
P06139,holdout,-1
P06140,holdout,-1
P06141,holdout,-1
P06142,development,4
P06143,development,1
P06144,development,3
P06145,development,3
P06146,development,3
P06147,development,4
P06148,development,0
P06149,development,3
P06150,development,1
P06151,development,4
P06152,holdout,-1
P06153,development,0
P06154,development,1
P06155,holdout,-1
P06156,development,4
P06157,development,2
P06158,development,4
P06159,holdout,-1
P06160,development,4
P06161,holdout,-1
P06162,development,0
P06163,development,0
P06164,development,2
P06165,development,3
P06166,development,0
P06167,development,4
P06168,development,3
P06169,development,0
P06170,holdout,-1
P06171,holdout,-1
P06172,development,0
P06173,development,0
P06174,development,0
P06175,development,3
P06176,holdout,-1
P06177,development,0
P06178,development,2
P06179,development,1
P06180,development,1
P06181,development,1
P06182,development,4
P06183,development,2
P06184,development,2
P06185,development,1
P06186,development,1
P06187,development,4
P06188,development,1
P06189,development,1
P06190,development,0
P06191,development,3
P06192,development,1
P06193,development,1
P06194,development,0
P06195,development,2
P06196,holdout,-1
P06197,development,3
P06198,holdout,-1
P06199,development,1
P06200,development,4
P06201,development,4
P06202,holdout,-1
P06203,development,0
P06204,development,4
P06205,development,0
P06206,holdout,-1
P06207,holdout,-1
P06208,development,2
P06209,development,0
P06210,development,2
P06211,development,0
P06212,development,3
P06213,development,0
P06214,development,4
P06215,holdout,-1
P06216,development,1
P06217,development,2
P06218,development,2
P06219,development,0
P06220,development,1
P06221,holdout,-1
P06222,development,0
P06223,development,0
P06224,development,0
P06225,development,4
P06226,development,0
P06227,development,0
P06228,development,4
P06229,development,1
P06230,holdout,-1
P06231,development,0
P06232,development,2
P06233,holdout,-1
P06234,development,1
P06235,development,3
P06236,development,4
P06237,development,3
P06238,development,4
P06239,holdout,-1
P06240,development,4
P06241,development,2
P06242,development,2
P06243,holdout,-1
P06244,development,3
P06245,holdout,-1
P06246,development,0
P06247,development,1
P06248,holdout,-1
P06249,development,0
P06250,development,3
P06251,holdout,-1
P06252,development,2
P06253,holdout,-1
P06254,holdout,-1
P06255,development,4
P06256,development,3
P06257,development,1
P06258,development,0
P06259,development,2
P06260,development,3
P06261,development,2
P06262,holdout,-1
P06263,development,0
P06264,holdout,-1
P06265,holdout,-1
P06266,development,3
P06267,holdout,-1
P06268,holdout,-1
P06269,development,3
P06270,development,0
P06271,development,0
P06272,holdout,-1
P06273,development,1
P06274,holdout,-1
P06275,development,3
P06276,development,3
P06277,development,2
P06278,development,3
P06279,holdout,-1
P06280,development,4
P06281,development,0
P06282,development,0
P06283,holdout,-1
P06284,holdout,-1
P06285,development,3
P06286,development,4
P06287,development,1
P06288,holdout,-1
P06289,development,1
P06290,development,2
P06291,development,4
P06292,development,4
P06293,development,4
P06294,holdout,-1
P06295,development,3
P06296,development,4
P06297,development,3
P06298,holdout,-1
P06299,development,3
P06300,development,1
P06301,development,2
P06302,development,0
P06303,development,0
P06304,holdout,-1
P06305,development,1
P06306,development,0
P06307,development,0
P06308,holdout,-1
P06309,development,0
P06310,development,0
P06311,holdout,-1
P06312,holdout,-1
P06313,development,2
P06314,development,2
P06315,development,2
P06316,development,2
P06317,development,0
P06318,development,0
P06319,development,4
P06320,development,3
P06321,development,2
P06322,development,1
P06323,development,0
P06324,development,2
P06325,development,4
P06326,development,3
P06327,development,4
P06328,holdout,-1
P06329,development,1
P06330,development,4
P06331,development,4
P06332,development,4
P06333,development,0
P06334,development,0
P06335,development,4
P06336,development,2
P06337,development,2
P06338,development,3
P06339,development,3
P06340,development,1
P06341,holdout,-1
P06342,holdout,-1
P06343,development,2
P06344,development,2
P06345,holdout,-1
P06346,development,1
P06347,development,3
P06348,development,1
P06349,holdout,-1
P06350,development,1
P06351,development,1
P06352,development,0
P06353,development,1
P06354,development,3
P06355,development,1
P06356,holdout,-1
P06357,development,2
P06358,holdout,-1
P06359,development,4
P06360,development,3
P06361,development,3
P06362,development,0
P06363,holdout,-1
P06364,development,0
P06365,development,2
P06366,development,1
P06367,holdout,-1
P06368,development,3
P06369,holdout,-1
P06370,development,1
P06371,development,1
P06372,development,0
P06373,development,4
P06374,development,2
P06375,development,2
P06376,development,1
P06377,development,2
P06378,development,2
P06379,holdout,-1
P06380,holdout,-1
P06381,holdout,-1
P06382,development,3
P06383,development,0
P06384,holdout,-1
P06385,development,1
P06386,development,0
P06387,development,3
P06388,holdout,-1
P06389,holdout,-1
P06390,holdout,-1
P06391,holdout,-1
P06392,development,2
P06393,holdout,-1
P06394,development,1
P06395,development,1
P06396,development,3
P06397,development,3
P06398,development,4
P06399,holdout,-1
P06400,development,0
P06401,development,4
P06402,development,1
P06403,development,1
P06404,development,2
P06405,development,2
P06406,development,1
P06407,development,0
P06408,development,1
P06409,holdout,-1
P06410,development,3
P06411,holdout,-1
P06412,development,4
P06413,holdout,-1
P06414,development,2
P06415,development,2
P06416,development,4
P06417,development,0
P06418,holdout,-1
P06419,development,2
P06420,development,2
P06421,development,1
P06422,development,3
P06423,development,3
P06424,development,2
P06425,development,2
P06426,development,2
P06427,holdout,-1
P06428,holdout,-1
P06429,development,1
P06430,development,1
P06431,development,4
P06432,development,3
P06433,development,2
P06434,development,3
P06435,development,2
P06436,holdout,-1
P06437,development,4
P06438,holdout,-1
P06439,development,3
P06440,development,0
P06441,development,0
P06442,development,4
P06443,development,2
P06444,development,2
P06445,development,3
P06446,development,3
P06447,development,1
P06448,development,0
P06449,development,2
P06450,development,4
P06451,development,2
P06452,holdout,-1
P06453,development,0
P06454,development,4
P06455,development,4
P06456,holdout,-1
P06457,development,3
P06458,development,3
P06459,development,0
P06460,development,3
P06461,development,3
P06462,development,0
P06463,development,2
P06464,development,0
P06465,development,4
P06466,development,1
P06467,development,3
P06468,development,2
P06469,development,1
P06470,holdout,-1
P06471,development,4
P06472,development,2
P06473,development,2
P06474,development,3
P06475,development,4
P06476,development,1
P06477,development,4
P06478,development,3
P06479,holdout,-1
P06480,development,3
P06481,development,3
P06482,development,2
P06483,holdout,-1
P06484,development,3
P06485,development,2
P06486,development,0
P06487,holdout,-1
P06488,holdout,-1
P06489,development,1
P06490,development,4
P06491,development,3
P06492,development,3
P06493,development,3
P06494,holdout,-1
P06495,development,0
P06496,development,4
P06497,development,1
P06498,development,4
P06499,development,0
P06500,development,4
P06501,development,1
P06502,development,1
P06503,development,1
P06504,development,1
P06505,development,3
P06506,development,0
P06507,development,4
P06508,holdout,-1
P06509,holdout,-1
P06510,development,2
P06511,holdout,-1
P06512,development,4
P06513,development,1
P06514,development,4
P06515,development,4
P06516,development,3
P06517,holdout,-1
P06518,development,3
P06519,development,2
P06520,development,1
P06521,development,1
P06522,holdout,-1
P06523,development,2
P06524,development,2
P06525,holdout,-1
P06526,holdout,-1
P06527,development,0
P06528,holdout,-1
P06529,development,0
P06530,development,2
P06531,development,0
P06532,holdout,-1
P06533,development,0
P06534,holdout,-1
P06535,development,0
P06536,development,3
P06537,development,1
P06538,holdout,-1
P06539,holdout,-1
P06540,holdout,-1
P06541,development,2
P06542,holdout,-1
P06543,development,0
P06544,development,4
P06545,development,0
P06546,development,0
P06547,development,3
P06548,holdout,-1
P06549,holdout,-1
P06550,development,3
P06551,development,0
P06552,development,1
P06553,holdout,-1
P06554,holdout,-1
P06555,development,3
P06556,development,4
P06557,development,4
P06558,development,0
P06559,development,2
P06560,development,3
P06561,development,0
P06562,development,1
P06563,development,1
P06564,development,1
P06565,holdout,-1
P06566,holdout,-1
P06567,development,2
P06568,development,3
P06569,development,3
P06570,development,2
P06571,development,0
P06572,development,0
P06573,development,1
P06574,holdout,-1
P06575,development,3
P06576,development,2
P06577,development,1
P06578,development,2
P06579,development,1
P06580,development,0
P06581,development,0
P06582,development,4
P06583,development,1
P06584,development,2
P06585,development,4
P06586,holdout,-1
P06587,development,2
P06588,holdout,-1
P06589,development,0
P06590,development,1
P06591,development,2
P06592,holdout,-1
P06593,development,0
P06594,holdout,-1
P06595,holdout,-1
P06596,development,2
P06597,development,4
P06598,development,3
P06599,holdout,-1
P06600,development,2
P06601,development,1
P06602,development,3
P06603,holdout,-1
P06604,development,4
P06605,development,3
P06606,development,3
P06607,development,2
P06608,development,1
P06609,holdout,-1
P06610,development,0
P06611,holdout,-1
P06612,development,4
P06613,development,2
P06614,development,2
P06615,holdout,-1
P06616,development,2
P06617,development,1
P06618,development,1
P06619,holdout,-1
P06620,development,2
P06621,holdout,-1
P06622,development,0
P06623,development,2
P06624,development,1
P06625,development,0
P06626,development,0
P06627,development,4
P06628,development,0
P06629,development,2
P06630,development,0
P06631,holdout,-1
P06632,development,0
P06633,development,3
P06634,holdout,-1
P06635,development,0
P06636,holdout,-1
P06637,holdout,-1
P06638,development,0
P06639,development,4
P06640,development,1
P06641,development,1
P06642,development,3
P06643,development,3
P06644,development,4
P06645,development,1
P06646,development,1
P06647,holdout,-1
P06648,development,2
P06649,development,1
P06650,development,3
P06651,development,0
P06652,development,1
P06653,development,3
P06654,development,4
P06655,development,1
P06656,development,2
P06657,holdout,-1
P06658,holdout,-1
P06659,development,2
P06660,development,1
P06661,development,3
P06662,holdout,-1
P06663,development,3
P06664,development,1
P06665,development,1
P06666,development,0
P06667,development,4
P06668,development,0
P06669,development,3
P06670,development,4
P06671,development,1
P06672,development,0
P06673,development,4
P06674,development,3
P06675,development,4
P06676,holdout,-1
P06677,development,1
P06678,development,1
P06679,development,2
P06680,development,4
P06681,development,0
P06682,development,3
P06683,holdout,-1
P06684,development,2
P06685,holdout,-1
P06686,development,0
P06687,holdout,-1
P06688,development,0
P06689,development,3
P06690,development,0
P06691,development,4
P06692,development,0
P06693,development,1
P06694,development,0
P06695,development,2
P06696,development,0
P06697,development,3
P06698,development,1
P06699,development,1
P06700,development,1
P06701,development,0
P06702,development,1
P06703,development,2
P06704,development,4
P06705,development,2
P06706,development,1
P06707,holdout,-1
P06708,development,2
P06709,holdout,-1
P06710,development,2
P06711,development,0
P06712,development,4
P06713,development,4
P06714,development,0
P06715,development,4
P06716,development,0
P06717,development,4
P06718,development,0
P06719,development,2
P06720,development,1
P06721,development,0
P06722,development,3
P06723,development,3
P06724,holdout,-1
P06725,development,4
P06726,development,4
P06727,development,4
P06728,development,4
P06729,development,4
P06730,development,3
P06731,development,3
P06732,holdout,-1
P06733,development,2
P06734,development,1
P06735,development,1
P06736,holdout,-1
P06737,development,1
P06738,holdout,-1
P06739,development,3
P06740,development,4
P06741,holdout,-1
P06742,development,4
P06743,development,1
P06744,development,3
P06745,development,4
P06746,holdout,-1
P06747,development,0
P06748,holdout,-1
P06749,development,4
P06750,development,0
P06751,development,3
P06752,development,2
P06753,development,0
P06754,development,0
P06755,holdout,-1
P06756,development,2
P06757,development,3
P06758,development,0
P06759,development,2
P06760,development,0
P06761,development,4
P06762,holdout,-1
P06763,holdout,-1
P06764,development,2
P06765,development,4
P06766,holdout,-1
P06767,holdout,-1
P06768,holdout,-1
P06769,development,0
P06770,holdout,-1
P06771,development,4
P06772,development,1
P06773,development,3
P06774,development,1
P06775,holdout,-1
P06776,development,3
P06777,development,0
P06778,development,1
P06779,holdout,-1
P06780,development,3
P06781,development,1
P06782,development,3
P06783,development,3
P06784,holdout,-1
P06785,development,0
P06786,development,2
P06787,development,1
P06788,development,0
P06789,development,2
P06790,development,3
P06791,development,4
P06792,development,3
P06793,holdout,-1
P06794,development,3
P06795,development,2
P06796,development,1
P06797,development,3
P06798,development,0
P06799,development,0
P06800,development,4
P06801,development,2
P06802,holdout,-1
P06803,development,0
P06804,development,2
P06805,development,3
P06806,holdout,-1
P06807,development,1
P06808,development,2
P06809,holdout,-1
P06810,holdout,-1
P06811,holdout,-1
P06812,development,4
P06813,holdout,-1
P06814,development,0
P06815,development,3
P06816,development,2
P06817,development,4
P06818,development,4
P06819,development,1
P06820,holdout,-1
P06821,holdout,-1
P06822,development,1
P06823,development,3
P06824,development,2
P06825,development,1
P06826,development,1
P06827,development,1
P06828,development,0
P06829,development,1
P06830,development,0
P06831,development,1
P06832,development,2
P06833,development,0
P06834,development,1
P06835,development,2
P06836,holdout,-1
P06837,development,3
P06838,development,1
P06839,development,0
P06840,development,2
P06841,holdout,-1
P06842,holdout,-1
P06843,development,1
P06844,development,1
P06845,holdout,-1
P06846,development,2
P06847,development,3
P06848,development,4
P06849,development,2
P06850,development,0
P06851,development,1
P06852,development,4
P06853,development,2
P06854,development,3
P06855,holdout,-1
P06856,development,3
P06857,development,0
P06858,development,2
P06859,holdout,-1
P06860,development,1
P06861,development,3
P06862,development,0
P06863,development,2
P06864,development,4
P06865,development,0
P06866,development,1
P06867,development,2
P06868,development,1
P06869,development,2
P06870,development,2
P06871,development,3
P06872,development,1
P06873,development,2
P06874,development,3
P06875,development,3
P06876,development,2
P06877,development,3
P06878,development,3
P06879,holdout,-1
P06880,development,2
P06881,holdout,-1
P06882,development,4
P06883,development,1
P06884,holdout,-1
P06885,development,1
P06886,development,2
P06887,holdout,-1
P06888,development,0
P06889,development,0
P06890,holdout,-1
P06891,development,2
P06892,development,3
P06893,holdout,-1
P06894,holdout,-1
P06895,development,2
P06896,development,0
P06897,holdout,-1
P06898,development,3
P06899,development,2
P06900,development,3
P06901,development,4
P06902,development,0
P06903,development,4
P06904,development,1
P06905,development,4
P06906,development,4
P06907,development,2
P06908,development,3
P06909,development,4
P06910,development,1
P06911,development,0
P06912,development,0
P06913,development,1
P06914,holdout,-1
P06915,development,4
P06916,development,3
P06917,holdout,-1
P06918,development,3
P06919,development,2
P06920,development,4
P06921,development,0
P06922,holdout,-1
P06923,development,4
P06924,development,2
P06925,development,2
P06926,holdout,-1
P06927,holdout,-1
P06928,development,1
P06929,development,0
P06930,development,3
P06931,development,3
P06932,development,2
P06933,development,2
P06934,development,3
P06935,development,4
P06936,holdout,-1
P06937,development,0
P06938,development,4
P06939,holdout,-1
P06940,development,0
P06941,development,4
P06942,development,0
P06943,development,2
P06944,development,1
P06945,development,2
P06946,development,0
P06947,development,0
P06948,development,4
P06949,development,3
P06950,development,4
P06951,development,1
P06952,development,2
P06953,development,1
P06954,development,4
P06955,development,1
P06956,holdout,-1
P06957,development,4
P06958,development,0
P06959,development,3
P06960,development,4
P06961,holdout,-1
P06962,development,0
P06963,holdout,-1
P06964,development,3
P06965,development,1
P06966,holdout,-1
P06967,development,0
P06968,development,3
P06969,development,1
P06970,development,1
P06971,development,0
P06972,development,2
P06973,development,4
P06974,holdout,-1
P06975,development,2
P06976,holdout,-1
P06977,development,4
P06978,development,3
P06979,development,3
P06980,holdout,-1
P06981,development,0
P06982,holdout,-1
P06983,development,3
P06984,holdout,-1
P06985,development,2
P06986,development,1
P06987,development,3
P06988,development,2
P06989,development,2
P06990,development,0
P06991,development,0
P06992,holdout,-1
P06993,development,1
P06994,development,2
P06995,development,0
P06996,holdout,-1
P06997,development,1
P06998,development,3
P06999,development,1
P07000,development,3
P07001,development,3
P07002,holdout,-1
P07003,development,2
P07004,development,3
P07005,development,3
P07006,development,3
P07007,holdout,-1
P07008,development,0
P07009,development,2
P07010,development,4
P07011,development,3
P07012,development,4
P07013,development,1
P07014,development,3
P07015,development,3
P07016,development,3
P07017,development,4
P07018,development,2
P07019,development,0
P07020,development,0
P07021,development,4
P07022,development,0
P07023,development,4
P07024,development,2
P07025,development,3
P07026,development,3
P07027,holdout,-1
P07028,development,0
P07029,development,3
P07030,development,4
P07031,development,3
P07032,development,3
P07033,development,3
P07034,development,4
P07035,development,1
P07036,development,2
P07037,holdout,-1
P07038,development,1
P07039,development,0
P07040,holdout,-1
P07041,development,1
P07042,development,1
P07043,development,2
P07044,holdout,-1
P07045,holdout,-1
P07046,holdout,-1
P07047,holdout,-1
P07048,development,4
P07049,development,2
P07050,development,2
P07051,development,3
P07052,development,3
P07053,holdout,-1
P07054,holdout,-1
P07055,development,0
P07056,holdout,-1
P07057,development,0
P07058,development,3
P07059,development,4
P07060,holdout,-1
P07061,development,4
P07062,development,1
P07063,development,1
P07064,development,4
P07065,development,0
P07066,development,0
P07067,development,1
P07068,development,3
P07069,development,0
P07070,development,3
P07071,development,2
P07072,holdout,-1
P07073,holdout,-1
P07074,holdout,-1
P07075,development,4
P07076,development,3
P07077,development,2
P07078,development,0
P07079,development,0
P07080,development,4
P07081,development,2
P07082,development,3
P07083,development,1
P07084,development,1
P07085,development,4
P07086,development,0
P07087,development,1
P07088,development,2
P07089,development,3
P07090,development,1
P07091,development,1
P07092,holdout,-1
P07093,development,2
P07094,development,1
P07095,development,1
P07096,development,3
P07097,holdout,-1
P07098,holdout,-1
P07099,development,2
P07100,development,4
P07101,development,4
P07102,development,4
P07103,development,3
P07104,development,1
P07105,development,4
P07106,development,4
P07107,development,2
P07108,development,3
P07109,development,0
P07110,development,1
P07111,holdout,-1
P07112,development,0
P07113,development,1
P07114,development,1
P07115,development,1
P07116,holdout,-1
P07117,development,2
P07118,holdout,-1
P07119,holdout,-1
P07120,development,1
P07121,development,0
P07122,development,4
P07123,development,0
P07124,holdout,-1
P07125,development,3
P07126,development,4
P07127,development,1
P07128,development,2
P07129,development,0
P07130,development,0
P07131,development,4
P07132,development,0
P07133,development,4
P07134,development,4
P07135,development,0
P07136,development,1
P07137,development,0
P07138,development,1
P07139,development,3
P07140,development,0
P07141,development,2
P07142,development,2
P07143,development,2
P07144,development,3
P07145,development,3
P07146,development,1
P07147,development,0
P07148,development,4
P07149,development,2
P07150,development,4
P07151,development,4
P07152,development,1
P07153,development,0
P07154,development,4
P07155,holdout,-1
P07156,development,2
P07157,development,0
P07158,development,3
P07159,development,1
P07160,development,0
P07161,development,2
P07162,development,4
P07163,development,0
P07164,development,3
P07165,development,1
P07166,development,0
P07167,development,0
P07168,development,1
P07169,development,1
P07170,development,3
P07171,development,0
P07172,holdout,-1
P07173,development,2
P07174,holdout,-1
P07175,development,1
P07176,development,1
P07177,development,4
P07178,development,3
P07179,holdout,-1
P07180,holdout,-1
P07181,holdout,-1
P07182,holdout,-1
P07183,holdout,-1
P07184,development,2
P07185,holdout,-1
P07186,development,2
P07187,development,4
P07188,holdout,-1
P07189,development,0
P07190,development,3
P07191,holdout,-1
P07192,development,3
P07193,development,1
P07194,development,4
P07195,holdout,-1
P07196,development,3
P07197,development,3
P07198,development,0
P07199,development,2
P07200,holdout,-1
P07201,development,3
P07202,development,0
P07203,holdout,-1
P07204,development,2
P07205,development,4
P07206,development,4
P07207,development,2
P07208,development,1
P07209,holdout,-1
P07210,holdout,-1
P07211,development,4
P07212,development,3
P07213,holdout,-1
P07214,holdout,-1
P07215,development,0
P07216,development,2
P07217,development,4
P07218,holdout,-1
P07219,development,2
P07220,development,3
P07221,development,1
P07222,development,1
P07223,development,4
P07224,development,4
P07225,holdout,-1
P07226,development,2
P07227,development,0
P07228,development,0
P07229,development,4
P07230,development,3
P07231,development,1
P07232,development,2
P07233,development,2
P07234,development,1
P07235,development,1
P07236,development,1
P07237,development,4
P07238,holdout,-1
P07239,development,0
P07240,development,2
P07241,development,2
P07242,development,0
P07243,holdout,-1
P07244,development,2
P07245,development,3
P07246,development,0
P07247,development,0
P07248,development,3
P07249,development,0
P07250,development,1
P07251,development,2
P07252,development,1
P07253,development,1
P07254,development,1
P07255,development,4
P07256,development,0
P07257,development,1
P07258,development,3
P07259,development,1
P07260,development,4
P07261,holdout,-1
P07262,development,3
P07263,development,3
P07264,holdout,-1
P07265,development,3
P07266,development,2
P07267,holdout,-1
P07268,development,3
P07269,holdout,-1
P07270,development,0
P07271,holdout,-1
P07272,development,1
P07273,development,2
P07274,development,3
P07275,development,4
P07276,development,4
P07277,development,2
P07278,development,3
P07279,development,3
P07280,development,1
P07281,development,4
P07282,holdout,-1
P07283,holdout,-1
P07284,development,4
P07285,development,4
P07286,development,1
P07287,development,2
P07288,development,2
P07289,development,3
P07290,development,1
P07291,development,1
P07292,holdout,-1
P07293,development,4
P07294,development,1
P07295,development,0
P07296,development,4
P07297,development,1
P07298,holdout,-1
P07299,holdout,-1
P07300,holdout,-1
P07301,development,0
P07302,development,4
P07303,development,4
P07304,development,1
P07305,development,1
P07306,development,2
P07307,development,4
P07308,development,3
P07309,development,2
P07310,development,3
P07311,development,2
P07312,holdout,-1
P07313,development,0
P07314,development,1
P07315,development,1
P07316,development,2
P07317,development,1
P07318,development,4
P07319,holdout,-1
P07320,development,2
P07321,development,2
P07322,development,1
P07323,development,1
P07324,development,3
P07325,development,4
P07326,development,3
P07327,development,2
P07328,development,1
P07329,holdout,-1
P07330,development,0
P07331,holdout,-1
P07332,holdout,-1
P07333,holdout,-1
P07334,holdout,-1
P07335,holdout,-1
P07336,holdout,-1
P07337,development,3
P07338,development,0
P07339,development,3
P07340,development,4
P07341,development,3
P07342,development,3
P07343,holdout,-1
P07344,development,1
P07345,holdout,-1
P07346,development,4
P07347,development,2
P07348,development,4
P07349,development,4
P07350,development,0
P07351,development,4
P07352,development,3
P07353,development,2
P07354,development,1
P07355,development,3
P07356,development,1
P07357,development,4
P07358,development,4
P07359,holdout,-1
P07360,development,3
P07361,development,1
P07362,development,4
P07363,holdout,-1
P07364,holdout,-1
P07365,development,2
P07366,development,0
P07367,development,1
P07368,development,2
P07369,development,4
P07370,development,2
P07371,holdout,-1
P07372,development,4
P07373,development,0
P07374,holdout,-1
P07375,holdout,-1
P07376,development,3
P07377,development,2
P07378,development,2
P07379,development,2
P07380,development,4
P07381,development,4
P07382,development,1
P07383,development,1
P07384,development,3
P07385,holdout,-1
P07386,development,3
P07387,holdout,-1
P07388,holdout,-1
P07389,development,1
P07390,development,3
P07391,development,1
P07392,development,1
P07393,holdout,-1
P07394,development,4
P07395,holdout,-1
P07396,holdout,-1
P07397,development,0
P07398,development,1
P07399,development,4
P07400,development,0
P07401,development,0
P07402,development,4
P07403,development,3
P07404,development,4
P07405,development,2
P07406,holdout,-1
P07407,holdout,-1
P07408,development,1
P07409,development,2
P07410,development,4
P07411,development,1
P07412,development,0
P07413,development,1
P07414,development,2
P07415,development,1
P07416,development,4
P07417,holdout,-1
P07418,development,1
P07419,development,4
P07420,development,2
P07421,development,0
P07422,development,0
P07423,development,1
P07424,development,0
P07425,development,4
P07426,development,4
P07427,holdout,-1
P07428,development,4
P07429,holdout,-1
P07430,development,0
P07431,holdout,-1
P07432,holdout,-1
P07433,development,2
P07434,development,2
P07435,development,1
P07436,development,2
P07437,holdout,-1
P07438,development,1
P07439,development,3
P07440,holdout,-1
P07441,development,4
P07442,development,2
P07443,development,3
P07444,development,2
P07445,development,4
P07446,development,3
P07447,development,2
P07448,development,1
P07449,development,1
P07450,holdout,-1
P07451,development,1
P07452,development,2
P07453,development,1
P07454,development,1
P07455,development,1
P07456,development,3
P07457,development,4
P07458,holdout,-1
P07459,development,4
P07460,holdout,-1
P07461,development,1
P07462,development,0
P07463,development,3
P07464,development,1
P07465,development,4
P07466,development,4
P07467,holdout,-1
P07468,development,2
P07469,development,1
P07470,holdout,-1
P07471,development,1
P07472,development,4
P07473,development,3
P07474,development,4
P07475,development,2
P07476,development,1
P07477,development,2
P07478,development,0
P07479,development,1
P07480,development,0
P07481,development,4
P07482,development,2
P07483,development,0
P07484,development,2
P07485,holdout,-1
P07486,holdout,-1
P07487,development,0
P07488,development,3
P07489,holdout,-1
P07490,development,1
P07491,development,2
P07492,development,1
P07493,holdout,-1
P07494,development,3
P07495,development,3
P07496,development,1
P07497,holdout,-1
P07498,development,3
P07499,development,1
P07500,holdout,-1
P07501,holdout,-1
P07502,development,1
P07503,development,1
P07504,development,4
P07505,holdout,-1
P07506,holdout,-1
P07507,development,4
P07508,development,4
P07509,development,2
P07510,development,4
P07511,development,2
P07512,development,4
P07513,development,2
P07514,development,1
P07515,development,1
P07516,development,4
P07517,development,4
P07518,development,0
P07519,holdout,-1
P07520,development,3
P07521,holdout,-1
P07522,development,4
P07523,development,3
P07524,holdout,-1
P07525,development,3
P07526,holdout,-1
P07527,development,2
P07528,development,4
P07529,development,3
P07530,development,1
P07531,development,1
P07532,development,1
P07533,development,4
P07534,development,3
P07535,holdout,-1
P07536,development,0
P07537,development,4
P07538,development,1
P07539,development,3
P07540,development,4
P07541,holdout,-1
P07542,holdout,-1
P07543,development,2
P07544,holdout,-1
P07545,holdout,-1
P07546,development,2
P07547,development,1
P07548,development,0
P07549,development,1
P07550,development,0
P07551,development,1
P07552,development,3
P07553,development,4
P07554,development,0
P07555,holdout,-1
P07556,development,0
P07557,development,1
P07558,development,3
P07559,holdout,-1
P07560,development,2
P07561,development,3
P07562,holdout,-1
P07563,development,1
P07564,development,4
P07565,development,0
P07566,development,1
P07567,development,2
P07568,development,3
P07569,development,3
P07570,development,0
P07571,development,2
P07572,development,3
P07573,development,1
P07574,development,3
P07575,holdout,-1
P07576,development,4
P07577,development,1
P07578,development,1
P07579,development,4
P07580,holdout,-1
P07581,development,2
P07582,holdout,-1
P07583,development,4
P07584,development,4
P07585,holdout,-1
P07586,holdout,-1
P07587,development,3
P07588,development,2
P07589,holdout,-1
P07590,development,3
P07591,development,2
P07592,holdout,-1
P07593,development,2
P07594,development,2
P07595,development,2
P07596,development,2
P07597,development,2
P07598,holdout,-1
P07599,development,1
P07600,development,0
P07601,development,3
P07602,development,4
P07603,development,0
P07604,development,0
P07605,development,2
P07606,development,4
P07607,development,3
P07608,development,1
P07609,holdout,-1
P07610,development,4
P07611,development,4
P07612,development,1
P07613,development,0
P07614,development,2
P07615,holdout,-1
P07616,development,0
P07617,development,0
P07618,development,2
P07619,development,0
P07620,holdout,-1
P07621,holdout,-1
P07622,development,1
P07623,holdout,-1
P07624,holdout,-1
P07625,holdout,-1
P07626,development,1
P07627,development,0
P07628,development,3
P07629,development,0
P07630,development,2
P07631,development,2
P07632,development,2
P07633,development,4
P07634,development,2
P07635,holdout,-1
P07636,development,0
P07637,development,2
P07638,holdout,-1
P07639,development,4
P07640,development,0
P07641,development,4
P07642,development,3
P07643,development,1
P07644,development,1
P07645,development,1
P07646,development,3
P07647,development,2
P07648,development,4
P07649,development,4
P07650,holdout,-1
P07651,development,4
P07652,development,0
P07653,holdout,-1
P07654,development,2
P07655,development,2
P07656,development,4
P07657,holdout,-1
P07658,holdout,-1
P07659,development,0
P07660,development,1
P07661,holdout,-1
P07662,development,2
P07663,development,4
P07664,development,2
P07665,holdout,-1
P07666,development,1
P07667,development,0
P07668,development,1
P07669,development,0
P07670,holdout,-1
P07671,development,3
P07672,development,4
P07673,holdout,-1
P07674,development,0
P07675,development,4
P07676,development,3
P07677,development,4
P07678,development,2
P07679,development,2
P07680,holdout,-1
P07681,development,4
P07682,holdout,-1
P07683,development,4
P07684,holdout,-1
P07685,development,0
P07686,development,3
P07687,development,3
P07688,development,0
P07689,holdout,-1
P07690,development,0
P07691,holdout,-1
P07692,development,4
P07693,development,4
P07694,development,2
P07695,development,4
P07696,development,1
P07697,development,0
P07698,development,4
P07699,holdout,-1
P07700,development,4
P07701,holdout,-1
P07702,development,1
P07703,development,0
P07704,development,1
P07705,development,4
P07706,development,2
P07707,development,1
P07708,development,1
P07709,development,4
P07710,development,1
P07711,development,3
P07712,holdout,-1
P07713,development,4
P07714,development,4
P07715,development,0
P07716,development,0
P07717,development,0
P07718,holdout,-1
P07719,development,0
P07720,holdout,-1
P07721,development,1
P07722,development,0
P07723,development,3
P07724,development,4
P07725,holdout,-1
P07726,holdout,-1
P07727,development,1
P07728,development,0
P07729,development,2
P07730,development,2
P07731,development,0
P07732,development,1
P07733,development,3
P07734,development,2
P07735,holdout,-1
P07736,development,0
P07737,development,2
P07738,development,4
P07739,development,1
P07740,development,4
P07741,development,3
P07742,development,0
P07743,development,0
P07744,holdout,-1
P07745,development,1
P07746,development,1
P07747,development,4
P07748,development,1
P07749,development,4
P07750,development,4
P07751,development,4
P07752,development,3
P07753,development,4
P07754,development,4
P07755,development,3
P07756,holdout,-1
P07757,holdout,-1
P07758,development,4
P07759,development,0
P07760,development,0
P07761,development,2
P07762,development,1
P07763,development,0
P07764,development,0
P07765,development,3
P07766,development,4
P07767,development,1
P07768,development,0
P07769,holdout,-1
P07770,development,0
P07771,development,3
P07772,development,0
P07773,development,1
P07774,development,4
P07775,development,3
P07776,development,1
P07777,development,1
P07778,holdout,-1
P07779,holdout,-1
P07780,holdout,-1
P07781,holdout,-1
P07782,development,3
P07783,development,2
P07784,development,4
P07785,development,0
P07786,development,1
P07787,development,3
P07788,holdout,-1
P07789,development,1
P07790,development,1
P07791,development,1
P07792,development,4
P07793,development,2
P07794,development,0
P07795,development,1
P07796,development,4
P07797,development,3
P07798,development,4
P07799,development,0
P07800,development,2
P07801,holdout,-1
P07802,development,3
P07803,development,2
P07804,development,0
P07805,development,2
P07806,development,2
P07807,holdout,-1
P07808,holdout,-1
P07809,development,0
P07810,development,4
P07811,development,1
P07812,holdout,-1
P07813,development,4
P07814,holdout,-1
P07815,holdout,-1
P07816,development,1
P07817,development,1
P07818,holdout,-1
P07819,holdout,-1
P07820,holdout,-1
P07821,development,0
P07822,development,2
P07823,holdout,-1
P07824,development,4
P07825,development,3
P07826,holdout,-1
P07827,development,4
P07828,development,3
P07829,development,4
P07830,development,0
P07831,development,2
P07832,development,2
P07833,development,0
P07834,development,4
P07835,holdout,-1
P07836,development,3
P07837,holdout,-1
P07838,holdout,-1
P07839,development,2
P07840,development,2
P07841,holdout,-1
P07842,development,0
P07843,development,4
P07844,development,4
P07845,development,1
P07846,development,3
P07847,development,3
P07848,holdout,-1
P07849,development,3
P07850,development,0
P07851,development,0
P07852,holdout,-1
P07853,development,3
P07854,development,2
P07855,development,3
P07856,development,3
P07857,development,1
P07858,holdout,-1
P07859,development,0
P07860,development,3
P07861,development,3
P07862,development,1
P07863,development,1
P07864,development,0
P07865,holdout,-1
P07866,development,2
P07867,development,4
P07868,development,3
P07869,development,0
P07870,development,2
P07871,development,3
P07872,development,2
P07873,holdout,-1
P07874,holdout,-1
P07875,development,1
P07876,development,3
P07877,holdout,-1
P07878,development,1
P07879,development,1
P07880,development,3
P07881,development,2
P07882,development,2
P07883,development,3
P07884,holdout,-1
P07885,development,4
P07886,development,2
P07887,development,3
P07888,development,3
P07889,development,1
P07890,holdout,-1
P07891,development,1
P07892,development,0
P07893,development,0
P07894,development,4
P07895,development,0
P07896,development,3
P07897,development,4
P07898,development,3
P07899,development,1
P07900,development,4
P07901,holdout,-1
P07902,development,1
P07903,holdout,-1
P07904,development,2
P07905,holdout,-1
P07906,holdout,-1
P07907,development,2
P07908,development,1
P07909,development,4
P07910,development,4
P07911,development,2
P07912,development,3
P07913,development,0
P07914,holdout,-1
P07915,development,2
P07916,holdout,-1
P07917,development,3
P07918,development,2
P07919,development,1
P07920,development,2
P07921,development,2
P07922,development,1
P07923,holdout,-1
P07924,development,2
P07925,development,0
P07926,holdout,-1
P07927,development,4
P07928,development,3
P07929,holdout,-1
P07930,development,0
P07931,development,0
P07932,holdout,-1
P07933,holdout,-1
P07934,development,1
P07935,development,4
P07936,development,4
P07937,development,3
P07938,development,1
P07939,development,4
P07940,development,4
P07941,development,3
P07942,holdout,-1
P07943,holdout,-1
P07944,development,3
P07945,development,1
P07946,development,3
P07947,holdout,-1
P07948,development,3
P07949,development,4
P07950,development,0
P07951,development,1
P07952,development,1
P07953,development,2
P07954,development,0
P07955,development,0
P07956,development,2
P07957,development,0
P07958,development,3
P07959,development,1
P07960,development,3
P07961,development,3
P07962,development,2
P07963,development,0
P07964,holdout,-1
P07965,development,1
P07966,holdout,-1
P07967,development,2
P07968,development,3
P07969,development,0
P07970,development,3
P07971,development,3
P07972,development,2
P07973,development,0
P07974,holdout,-1
P07975,development,2
P07976,development,1
P07977,development,3
P07978,development,0
P07979,development,0
P07980,development,3
P07981,development,0
P07982,development,3
P07983,holdout,-1
P07984,development,0
P07985,development,4
P07986,holdout,-1
P07987,development,3
P07988,development,0
P07989,development,0
P07990,holdout,-1
P07991,development,0
P07992,development,2
P07993,development,0
P07994,development,3
P07995,development,3
P07996,development,4
P07997,development,3
P07998,development,0
P07999,development,0
P08000,development,3
P08001,development,2
P08002,holdout,-1
P08003,holdout,-1
P08004,development,1
P08005,development,1
P08006,development,0
P08007,development,2
P08008,development,4
P08009,development,2
P08010,holdout,-1
P08011,development,0
P08012,development,0
P08013,development,1
P08014,development,2
P08015,holdout,-1
P08016,development,3
P08017,development,3
P08018,development,4
P08019,development,2
P08020,holdout,-1
P08021,development,4
P08022,development,0
P08023,development,3
P08024,development,1
P08025,development,0
P08026,development,0
P08027,development,2
P08028,development,3
P08029,development,3
P08030,development,2
P08031,holdout,-1
P08032,holdout,-1
P08033,development,2
P08034,development,0
P08035,development,4
P08036,development,2
P08037,development,4
P08038,development,1
P08039,development,1
P08040,development,1
P08041,holdout,-1
P08042,development,3
P08043,development,4
P08044,development,2
P08045,development,1
P08046,development,2
P08047,development,1
P08048,holdout,-1
P08049,holdout,-1
P08050,development,3
P08051,holdout,-1
P08052,development,1
P08053,holdout,-1
P08054,development,4
P08055,development,2
P08056,holdout,-1
P08057,development,1
P08058,holdout,-1
P08059,development,2
P08060,holdout,-1
P08061,holdout,-1
P08062,development,0
P08063,holdout,-1
P08064,development,4
P08065,development,4
P08066,development,3
P08067,holdout,-1
P08068,holdout,-1
P08069,development,3
P08070,development,2
P08071,holdout,-1
P08072,development,1
P08073,development,1
P08074,development,3
P08075,development,0
P08076,development,2
P08077,holdout,-1
P08078,development,4
P08079,development,1
P08080,development,1
P08081,development,0
P08082,development,0
P08083,development,0
P08084,development,2
P08085,development,2
P08086,development,1
P08087,development,2
P08088,development,0
P08089,development,2
P08090,development,4
P08091,development,2
P08092,development,1
P08093,holdout,-1
P08094,holdout,-1
P08095,development,0
P08096,development,1
P08097,development,3
P08098,development,2
P08099,development,1
P08100,development,2
P08101,development,0
P08102,development,3
P08103,holdout,-1
P08104,development,2
P08105,development,4
P08106,development,1
P08107,development,2
P08108,holdout,-1
P08109,development,0
P08110,development,2
P08111,holdout,-1
P08112,development,0
P08113,development,4
P08114,holdout,-1
P08115,development,0
P08116,development,2
P08117,development,4
P08118,holdout,-1
P08119,development,3
P08120,holdout,-1
P08121,development,1
P08122,holdout,-1
P08123,development,2
P08124,holdout,-1
P08125,holdout,-1
P08126,development,1
P08127,development,2
P08128,development,1
P08129,development,4
P08130,holdout,-1
P08131,development,4
P08132,development,2
P08133,development,1
P08134,development,4
P08135,development,1
P08136,development,4
P08137,development,1
P08138,development,3
P08139,development,4
P08140,development,4
P08141,development,0
P08142,holdout,-1
P08143,development,0
P08144,development,3
P08145,development,4
P08146,development,4
P08147,development,2
P08148,development,4
P08149,development,0
P08150,development,0
P08151,development,3
P08152,development,4
P08153,development,3
P08154,development,4
P08155,development,1
P08156,development,0
P08157,development,2
P08158,development,0
P08159,holdout,-1
P08160,holdout,-1
P08161,development,1
P08162,development,0
P08163,holdout,-1
P08164,development,3
P08165,development,1
P08166,development,3
P08167,development,3
P08168,development,0
P08169,development,0
P08170,development,1
P08171,development,3
P08172,holdout,-1
P08173,holdout,-1
P08174,development,1
P08175,development,1
P08176,holdout,-1
P08177,development,1
P08178,development,2
P08179,development,0
P08180,development,3
P08181,development,0
P08182,development,2
P08183,holdout,-1
P08184,development,1
P08185,holdout,-1
P08186,development,3
P08187,development,0
P08188,development,2
P08189,development,1
P08190,development,2
P08191,development,0
P08192,development,3
P08193,development,2
P08194,holdout,-1
P08195,development,1
P08196,holdout,-1
P08197,holdout,-1
P08198,development,1
P08199,development,4
P08200,holdout,-1
P08201,development,0
P08202,holdout,-1
P08203,development,0
P08204,holdout,-1
P08205,development,0
P08206,development,0
P08207,development,4
P08208,development,2
P08209,development,2
P08210,development,4
P08211,development,0
P08212,development,1
P08213,development,3
P08214,development,0
P08215,development,0
P08216,development,4
P08217,development,0
P08218,development,3
P08219,holdout,-1
P08220,holdout,-1
P08221,holdout,-1
P08222,holdout,-1
P08223,development,0
P08224,development,4
P08225,development,1
P08226,holdout,-1
P08227,development,3
P08228,development,0
P08229,development,1
P08230,development,3
P08231,development,0
P08232,holdout,-1
P08233,development,1
P08234,development,1
P08235,development,3
P08236,development,2
P08237,development,0
P08238,development,3
P08239,development,0
P08240,holdout,-1
P08241,development,0
P08242,development,0
P08243,development,3
P08244,development,0
P08245,holdout,-1
P08246,development,0
P08247,development,0
P08248,development,4
P08249,development,4
P08250,development,3
P08251,development,4
P08252,development,0
P08253,development,3
P08254,holdout,-1
P08255,development,1
P08256,development,4
P08257,development,0
P08258,development,3
P08259,development,1
P08260,holdout,-1
P08261,development,3
P08262,development,1
P08263,development,1
P08264,development,4
P08265,development,4
P08266,development,0
P08267,development,0
P08268,development,1
P08269,development,2
P08270,development,1
P08271,development,1
P08272,holdout,-1
P08273,development,4
P08274,development,1
P08275,development,4
P08276,development,4
P08277,development,4
P08278,development,2
P08279,development,0
P08280,development,0
P08281,development,1
P08282,holdout,-1
P08283,holdout,-1
P08284,development,0
P08285,development,0
P08286,development,0
P08287,development,0
P08288,development,2
P08289,development,3
P08290,development,4
P08291,development,3
P08292,development,2
P08293,development,3
P08294,development,4
P08295,development,2
P08296,development,2
P08297,holdout,-1
P08298,development,4
P08299,holdout,-1
P08300,development,1
P08301,holdout,-1
P08302,development,1
P08303,development,1
P08304,development,2
P08305,development,2
P08306,development,4
P08307,development,3
P08308,development,3
P08309,development,1
P08310,development,1
P08311,development,1
P08312,development,4
P08313,development,0
P08314,holdout,-1
P08315,development,3
P08316,development,0
P08317,development,1
P08318,development,4
P08319,holdout,-1
P08320,development,0
P08321,development,2
P08322,development,0
P08323,development,4
P08324,development,1
P08325,development,0
P08326,development,0
P08327,holdout,-1
P08328,development,1
P08329,development,1
P08330,holdout,-1
P08331,development,0
P08332,development,1
P08333,development,4
P08334,development,3
P08335,development,2
P08336,development,2
P08337,holdout,-1
P08338,development,2
P08339,holdout,-1
P08340,development,1
P08341,holdout,-1
P08342,development,4
P08343,development,2
P08344,holdout,-1
P08345,development,3
P08346,holdout,-1
P08347,development,0
P08348,holdout,-1
P08349,holdout,-1
P08350,development,4
P08351,holdout,-1
P08352,development,1
P08353,development,2
P08354,holdout,-1
P08355,development,2
P08356,development,2
P08357,development,3
P08358,development,0
P08359,development,3
P08360,development,1
P08361,development,4
P08362,holdout,-1
P08363,holdout,-1
P08364,development,1
P08365,development,4
P08366,development,0
P08367,development,4
P08368,development,2
P08369,development,0
P08370,development,2
P08371,development,2
P08372,development,3
P08373,development,0
P08374,development,4
P08375,development,1
P08376,development,0
P08377,development,2
P08378,development,2
P08379,development,3
P08380,holdout,-1
P08381,development,4
P08382,development,4
P08383,development,0
P08384,development,3
P08385,development,1
P08386,development,0
P08387,holdout,-1
P08388,holdout,-1
P08389,development,3
P08390,holdout,-1
P08391,development,4
P08392,development,3
P08393,development,3
P08394,development,0
P08395,development,3
P08396,development,0
P08397,development,0
P08398,holdout,-1
P08399,holdout,-1
P08400,holdout,-1
P08401,holdout,-1
P08402,development,4
P08403,development,2
P08404,holdout,-1
P08405,development,1
P08406,development,4
P08407,development,0
P08408,development,1
P08409,development,3
P08410,holdout,-1
P08411,holdout,-1
P08412,development,1
P08413,development,0
P08414,development,1
P08415,development,0
P08416,development,1
P08417,development,2
P08418,development,3
P08419,development,2
P08420,development,4
P08421,development,3
P08422,development,1
P08423,development,1
P08424,development,3
P08425,holdout,-1
P08426,development,4
P08427,development,4
P08428,development,0
P08429,development,4
P08430,development,2
P08431,development,1
P08432,development,2
P08433,development,4
P08434,development,1
P08435,development,3
P08436,development,1
P08437,development,0
P08438,development,2
P08439,development,4
P08440,development,4
P08441,holdout,-1
P08442,development,0
P08443,development,4
P08444,development,2
P08445,holdout,-1
P08446,development,4
P08447,holdout,-1
P08448,development,2
P08449,development,0
P08450,development,2
P08451,development,4
P08452,development,1
P08453,holdout,-1
P08454,development,1
P08455,holdout,-1
P08456,development,2
P08457,holdout,-1
P08458,development,1
P08459,development,0
P08460,development,0
P08461,development,4
P08462,development,2
P08463,development,2
P08464,development,3
P08465,development,2
P08466,development,1
P08467,development,0
P08468,development,4
P08469,development,3
P08470,development,4
P08471,holdout,-1
P08472,holdout,-1
P08473,development,0
P08474,development,1
P08475,holdout,-1
P08476,holdout,-1
P08477,development,0
P08478,development,3
P08479,development,3
P08480,development,0
P08481,development,0
P08482,holdout,-1
P08483,development,0
P08484,development,1
P08485,development,4
P08486,development,1
P08487,development,2
P08488,development,1
P08489,holdout,-1
P08490,development,2
P08491,development,3
P08492,development,1
P08493,development,3
P08494,holdout,-1
P08495,development,1
P08496,development,4
P08497,development,2
P08498,development,1
P08499,development,4
P08500,development,2
P08501,development,2
P08502,development,0
P08503,development,3
P08504,development,0
P08505,development,2
P08506,holdout,-1
P08507,development,0
P08508,development,4
P08509,development,2
P08510,development,3
P08511,development,3
P08512,development,1
P08513,development,3
P08514,development,3
P08515,holdout,-1
P08516,holdout,-1
P08517,development,2
P08518,development,1
P08519,development,1
P08520,development,4
P08521,development,1
P08522,development,4
P08523,development,1
P08524,holdout,-1
P08525,development,1
P08526,holdout,-1
P08527,development,4
P08528,development,1
P08529,holdout,-1
P08530,development,3
P08531,development,0
P08532,development,1
P08533,holdout,-1
P08534,development,0
P08535,development,4
P08536,development,2
P08537,development,3
P08538,development,2
P08539,development,2
P08540,development,0
P08541,development,1
P08542,development,3
P08543,development,2
P08544,development,3
P08545,development,2
P08546,development,1
P08547,development,0
P08548,holdout,-1
P08549,development,2
P08550,development,2
P08551,development,1
P08552,development,4
P08553,development,4
P08554,holdout,-1
P08555,development,4
P08556,development,4
P08557,development,4
P08558,development,0
P08559,development,1
P08560,development,3
P08561,development,4
P08562,development,0
P08563,holdout,-1
P08564,development,3
P08565,holdout,-1
P08566,development,1
P08567,development,3
P08568,development,4
P08569,development,1
P08570,development,3
P08571,development,4
P08572,development,4
P08573,development,0
P08574,development,0
P08575,holdout,-1
P08576,development,1
P08577,development,0
P08578,development,0
P08579,holdout,-1
P08580,development,1
P08581,development,4
P08582,development,4
P08583,development,2
P08584,holdout,-1
P08585,development,4
P08586,development,4
P08587,holdout,-1
P08588,development,3
P08589,development,4
P08590,development,4
P08591,development,0
P08592,development,0
P08593,development,2
P08594,development,0
P08595,development,2
P08596,development,3
P08597,holdout,-1
P08598,development,3
P08599,development,0
P08600,development,3
P08601,holdout,-1
P08602,development,1
P08603,development,2
P08604,holdout,-1
P08605,development,2
P08606,holdout,-1
P08607,holdout,-1
P08608,development,2
P08609,development,2
P08610,development,4
P08611,development,3
P08612,development,0
P08613,development,1
P08614,development,4
P08615,development,1
P08616,development,1
P08617,development,1
P08618,development,1
P08619,development,4
P08620,development,0
P08621,development,1
P08622,development,3
P08623,development,4
P08624,holdout,-1
P08625,development,4
P08626,development,4
P08627,development,0
P08628,development,3
P08629,holdout,-1
P08630,development,2
P08631,development,1
P08632,holdout,-1
P08633,development,1
P08634,development,3
P08635,holdout,-1
P08636,development,0
P08637,development,3
P08638,development,2
P08639,holdout,-1
P08640,development,4
P08641,development,1
P08642,development,3
P08643,development,0
P08644,development,3
P08645,development,0
P08646,development,4
P08647,development,0
P08648,development,4
P08649,development,3
P08650,development,2
P08651,development,1
P08652,development,0
P08653,development,3
P08654,development,3
P08655,development,1
P08656,development,4
P08657,development,4
P08658,development,4
P08659,holdout,-1
P08660,development,4
P08661,holdout,-1
P08662,development,1
P08663,development,3
P08664,development,2
P08665,holdout,-1
P08666,development,4
P08667,development,3
P08668,development,3
P08669,holdout,-1
P08670,development,0
P08671,development,4
P08672,holdout,-1
P08673,development,3
P08674,holdout,-1
P08675,development,4
P08676,development,3
P08677,development,0
P08678,development,1
P08679,development,0
P08680,development,0
P08681,development,3
P08682,holdout,-1
P08683,holdout,-1
P08684,development,3
P08685,development,4
P08686,development,2
P08687,development,2
P08688,development,0
P08689,holdout,-1
P08690,development,4
P08691,development,1
P08692,development,3
P08693,development,1
P08694,development,2
P08695,development,1
P08696,development,1
P08697,development,3
P08698,development,3
P08699,holdout,-1
P08700,development,3
P08701,development,3
P08702,development,4
P08703,development,3
P08704,development,2
P08705,development,1
P08706,development,0
P08707,development,4
P08708,holdout,-1
P08709,development,3
P08710,development,0
P08711,development,1
P08712,holdout,-1
P08713,development,1
P08714,holdout,-1
P08715,development,3
P08716,development,4
P08717,development,0
P08718,development,3
P08719,development,3
P08720,development,0
P08721,development,0
P08722,development,0
P08723,development,4
P08724,holdout,-1
P08725,development,0
P08726,development,0
P08727,development,4
P08728,holdout,-1
P08729,holdout,-1
P08730,development,1
P08731,development,2
P08732,holdout,-1
P08733,holdout,-1
P08734,development,3
P08735,development,3
P08736,development,4
P08737,development,1
P08738,development,1
P08739,development,4
P08740,development,3
P08741,development,4
P08742,development,3
P08743,development,2
P08744,development,3
P08745,holdout,-1
P08746,holdout,-1
P08747,development,0
P08748,development,1
P08749,holdout,-1
P08750,development,1
P08751,holdout,-1
P08752,development,2
P08753,holdout,-1
P08754,development,2
P08755,holdout,-1
P08756,development,2
P08757,development,1
P08758,development,2
P08759,development,1
P08760,development,2
P08761,holdout,-1
P08762,development,4
P08763,development,2
P08764,holdout,-1
P08765,development,3
P08766,development,4
P08767,development,1
P08768,development,2
P08769,development,1
P08770,development,3
P08771,development,4
P08772,development,4
P08773,development,2
P08774,development,4
P08775,development,3
P08776,development,2
P08777,development,2
P08778,holdout,-1
P08779,development,0
P08780,development,3
P08781,development,1
P08782,development,1
P08783,development,1
P08784,development,1
P08785,development,1
P08786,development,0
P08787,development,0
P08788,development,2
P08789,development,1
P08790,holdout,-1
P08791,development,0
P08792,development,1
P08793,development,0
P08794,holdout,-1
P08795,development,3
P08796,development,2
P08797,development,0
P08798,development,4
P08799,development,3
P08800,development,2
P08801,development,1
P08802,holdout,-1
P08803,development,4
P08804,development,3
P08805,holdout,-1
P08806,development,4
P08807,development,2
P08808,development,0
P08809,development,3
P08810,holdout,-1
P08811,development,0
P08812,holdout,-1
P08813,holdout,-1
P08814,development,0
P08815,development,4
P08816,development,4
P08817,development,4
P08818,development,2
P08819,development,2
P08820,development,1
P08821,development,1
P08822,development,4
P08823,development,4
P08824,development,3
P08825,development,1
P08826,development,2
P08827,development,3
P08828,development,0
P08829,holdout,-1
P08830,development,0
P08831,development,4
P08832,holdout,-1
P08833,development,1
P08834,development,4
P08835,development,1
P08836,development,3
P08837,development,1
P08838,development,4
P08839,development,2
P08840,development,4
P08841,development,4
P08842,development,1
P08843,development,4
P08844,development,2
P08845,development,0
P08846,development,3
P08847,holdout,-1
P08848,development,0
P08849,holdout,-1
P08850,development,2
P08851,development,2
P08852,development,1
P08853,holdout,-1
P08854,development,2
P08855,development,2
P08856,holdout,-1
P08857,development,1
P08858,development,3
P08859,development,0
P08860,development,1
P08861,development,3
P08862,development,1
P08863,holdout,-1
P08864,holdout,-1
P08865,development,4
P08866,development,3
P08867,holdout,-1
P08868,holdout,-1
P08869,development,0
P08870,development,3
P08871,development,0
P08872,holdout,-1
P08873,development,4
P08874,development,0
P08875,development,0
P08876,development,2
P08877,development,3
P08878,holdout,-1
P08879,holdout,-1
P08880,development,2
P08881,holdout,-1
P08882,development,3
P08883,development,3
P08884,development,2
P08885,holdout,-1
P08886,development,0
P08887,development,3
P08888,development,2
P08889,development,3
P08890,holdout,-1
P08891,development,3
P08892,holdout,-1
P08893,development,3
P08894,development,1
P08895,development,2
P08896,development,3
P08897,development,1
P08898,development,3
P08899,development,0
P08900,development,4
P08901,development,2
P08902,development,4
P08903,development,4
P08904,development,0
P08905,development,4
P08906,development,2
P08907,development,0
P08908,development,0
P08909,development,3
P08910,development,4
P08911,development,4
P08912,development,3
P08913,development,1
P08914,development,4
P08915,development,4
P08916,holdout,-1
P08917,development,4
P08918,development,3
P08919,development,3
P08920,holdout,-1
P08921,development,3
P08922,development,1
P08923,development,4
P08924,development,1
P08925,holdout,-1
P08926,development,2
P08927,development,3
P08928,development,2
P08929,development,1
P08930,holdout,-1
P08931,holdout,-1
P08932,development,0
P08933,holdout,-1
P08934,development,2
P08935,development,4
P08936,development,2
P08937,development,3
P08938,holdout,-1
P08939,holdout,-1
P08940,holdout,-1
P08941,development,0
P08942,holdout,-1
P08943,holdout,-1
P08944,holdout,-1
P08945,development,4
P08946,development,2
P08947,holdout,-1
P08948,development,3
P08949,development,4
P08950,development,0
P08951,development,2
P08952,development,4
P08953,holdout,-1
P08954,development,4
P08955,development,2
P08956,development,3
P08957,development,2
P08958,holdout,-1
P08959,holdout,-1
P08960,development,3
P08961,development,2
P08962,development,3
P08963,holdout,-1
P08964,development,0
P08965,development,1
P08966,development,1
P08967,development,0
P08968,development,1
P08969,development,1
P08970,development,0
P08971,development,2
P08972,holdout,-1
P08973,holdout,-1
P08974,holdout,-1
P08975,development,2
P08976,holdout,-1
P08977,holdout,-1
P08978,development,2
P08979,development,1
P08980,holdout,-1
P08981,development,2
P08982,development,0
P08983,development,0
P08984,development,4
P08985,development,4
P08986,development,3
P08987,development,3
P08988,development,1
P08989,development,3
P08990,development,3
P08991,development,4
P08992,development,3
P08993,holdout,-1
P08994,holdout,-1
P08995,development,3
P08996,holdout,-1
P08997,development,4
P08998,development,4
P08999,development,4
P09000,development,3
P09001,development,4
P09002,development,1
P09003,holdout,-1
P09004,development,0
P09005,development,4
P09006,development,1
P09007,development,0
P09008,development,3
P09009,development,1
P09010,development,1
P09011,development,3
P09012,holdout,-1
P09013,development,4
P09014,development,1
P09015,holdout,-1
P09016,development,4
P09017,development,4
P09018,development,3
P09019,development,0
P09020,holdout,-1
P09021,holdout,-1
P09022,development,3
P09023,development,2
P09024,holdout,-1
P09025,development,3
P09026,holdout,-1
P09027,development,0
P09028,holdout,-1
P09029,holdout,-1
P09030,development,3
P09031,development,3
P09032,development,2
P09033,development,3
P09034,development,4
P09035,development,0
P09036,development,3
P09037,development,3
P09038,holdout,-1
P09039,development,0
P09040,holdout,-1
P09041,development,2
P09042,holdout,-1
P09043,holdout,-1
P09044,holdout,-1
P09045,development,3
P09046,holdout,-1
P09047,holdout,-1
P09048,holdout,-1
P09049,development,1
P09050,development,3
P09051,holdout,-1
P09052,development,3
P09053,development,2
P09054,development,0
P09055,development,3
P09056,development,2
P09057,holdout,-1
P09058,holdout,-1
P09059,holdout,-1
P09060,development,3
P09061,development,0
P09062,development,2
P09063,development,3
P09064,development,2
P09065,development,4
P09066,development,2
P09067,holdout,-1
P09068,development,3
P09069,holdout,-1
P09070,holdout,-1
P09071,development,1
P09072,development,4
P09073,holdout,-1
P09074,development,4
P09075,holdout,-1
P09076,development,2
P09077,development,0
P09078,development,0
P09079,development,1
P09080,holdout,-1
P09081,development,2
P09082,development,3
P09083,development,0
P09084,holdout,-1
P09085,development,4
P09086,development,0
P09087,holdout,-1
P09088,development,1
P09089,development,2
P09090,development,3
P09091,development,3
P09092,holdout,-1
P09093,development,1
P09094,development,0
P09095,development,2
P09096,holdout,-1
P09097,development,1
P09098,development,3
P09099,holdout,-1
P09100,development,2
P09101,development,2
P09102,development,4
P09103,development,2
P09104,development,3
P09105,development,0
P09106,holdout,-1
P09107,development,3
P09108,development,2
P09109,development,0
P09110,development,4
P09111,holdout,-1
P09112,development,2
P09113,development,3
P09114,development,0
P09115,development,3
P09116,development,2
P09117,development,2
P09118,development,3
P09119,development,0
P09120,development,0
P09121,development,0
P09122,holdout,-1
P09123,development,1
P09124,development,4
P09125,development,3
P09126,development,4
P09127,holdout,-1
P09128,holdout,-1
P09129,development,1
P09130,development,0
P09131,development,3
P09132,development,3
P09133,holdout,-1
P09134,development,2
P09135,holdout,-1
P09136,development,0
P09137,development,2
P09138,development,1
P09139,development,4
P09140,development,0
P09141,development,0
P09142,development,2
P09143,development,2
P09144,development,0
P09145,development,3
P09146,development,3
P09147,development,4
P09148,development,0
P09149,development,0
P09150,development,3
P09151,holdout,-1
P09152,development,4
P09153,development,1
P09154,holdout,-1
P09155,development,3
P09156,holdout,-1
P09157,holdout,-1
P09158,development,4
P09159,development,4
P09160,development,1
P09161,holdout,-1
P09162,holdout,-1
P09163,holdout,-1
P09164,development,4
P09165,holdout,-1
P09166,development,1
P09167,development,0
P09168,development,1
P09169,holdout,-1
P09170,holdout,-1
P09171,development,2
P09172,holdout,-1
P09173,development,3
P09174,development,3
P09175,development,3
P09176,development,2
P09177,development,4
P09178,development,2
P09179,holdout,-1
P09180,development,4
P09181,development,1
P09182,development,2
P09183,development,3
P09184,development,1
P09185,development,4
P09186,development,0
P09187,holdout,-1
P09188,development,1
P09189,development,4
P09190,development,4
P09191,development,2
P09192,holdout,-1
P09193,development,3
P09194,development,0
P09195,development,4
P09196,development,4
P09197,development,4
P09198,development,1
P09199,development,3
P09200,development,1
P09201,development,0
P09202,development,1
P09203,development,2
P09204,development,3
P09205,development,1
P09206,development,3
P09207,development,4
P09208,development,2
P09209,development,2
P09210,development,0
P09211,development,1
P09212,holdout,-1
P09213,development,2
P09214,development,1
P09215,holdout,-1
P09216,development,1
P09217,development,0
P09218,holdout,-1
P09219,development,2
P09220,development,2
P09221,development,2
P09222,development,4
P09223,development,4
P09224,development,0
P09225,holdout,-1
P09226,holdout,-1
P09227,development,0
P09228,development,0
P09229,development,4
P09230,holdout,-1
P09231,development,3
P09232,holdout,-1
P09233,holdout,-1
P09234,holdout,-1
P09235,development,2
P09236,development,2
P09237,development,0
P09238,holdout,-1
P09239,development,4
P09240,development,1
P09241,development,3
P09242,development,2
P09243,development,4
P09244,development,2
P09245,development,0
P09246,holdout,-1
P09247,development,0
P09248,development,1
P09249,development,4
P09250,development,3
P09251,development,0
P09252,development,1
P09253,development,4
P09254,holdout,-1
P09255,holdout,-1
P09256,development,2
P09257,development,3
P09258,development,1
P09259,development,0
P09260,development,3
P09261,development,4
P09262,holdout,-1
P09263,holdout,-1
P09264,development,1
P09265,development,4
P09266,holdout,-1
P09267,development,2
P09268,development,0
P09269,development,3
P09270,holdout,-1
P09271,development,4
P09272,holdout,-1
P09273,development,0
P09274,development,3
P09275,development,4
P09276,development,4
P09277,development,4
P09278,development,4
P09279,development,2
P09280,development,1
P09281,development,2
P09282,development,0
P09283,development,1
P09284,development,1
P09285,development,0
P09286,development,0
P09287,holdout,-1
P09288,development,3
P09289,development,4
P09290,development,2
P09291,development,4
P09292,development,0
P09293,development,3
P09294,development,2
P09295,development,4
P09296,development,2
P09297,development,1
P09298,development,4
P09299,development,2
P09300,development,3
P09301,development,2
P09302,development,4
P09303,development,3
P09304,development,1
P09305,development,1
P09306,holdout,-1
P09307,development,1
P09308,development,3
P09309,development,1
P09310,development,0
P09311,development,1
P09312,development,1
P09313,development,3
P09314,development,2
P09315,development,0
P09316,holdout,-1
P09317,holdout,-1
P09318,development,0
P09319,development,1
P09320,holdout,-1
P09321,development,2
P09322,development,3
P09323,development,0
P09324,holdout,-1
P09325,development,0
P09326,development,3
P09327,development,0
P09328,development,0
P09329,development,1
P09330,development,4
P09331,development,2
P09332,development,2
P09333,development,1
P09334,development,3
P09335,development,2
P09336,development,1
P09337,development,3
P09338,development,0
P09339,development,1
P09340,holdout,-1
P09341,development,3
P09342,holdout,-1
P09343,development,4
P09344,development,1
P09345,holdout,-1
P09346,development,4
P09347,holdout,-1
P09348,development,0
P09349,development,1
P09350,development,2
P09351,holdout,-1
P09352,development,0
P09353,development,1
P09354,development,3
P09355,development,4
P09356,development,3
P09357,development,0
P09358,holdout,-1
P09359,development,3
P09360,development,0
P09361,development,1
P09362,holdout,-1
P09363,development,2
P09364,holdout,-1
P09365,development,0
P09366,development,4
P09367,development,0
P09368,development,2
P09369,development,2
P09370,development,4
P09371,development,4
P09372,development,0
P09373,development,1
P09374,development,4
P09375,development,4
P09376,development,3
P09377,development,4
P09378,development,2
P09379,holdout,-1
P09380,holdout,-1
P09381,development,3
P09382,development,3
P09383,development,0
P09384,holdout,-1
P09385,development,2
P09386,development,1
P09387,development,1
P09388,development,1
P09389,development,4
P09390,development,0
P09391,development,2
P09392,development,0
P09393,development,3
P09394,development,1
P09395,development,2
P09396,development,0
P09397,development,1
P09398,development,3
P09399,holdout,-1
P09400,development,1
P09401,development,1
P09402,development,0
P09403,development,3
P09404,holdout,-1
P09405,development,2
P09406,development,1
P09407,development,1
P09408,development,4
P09409,development,3
P09410,development,2
P09411,development,0
P09412,development,0
P09413,development,0
P09414,development,2
P09415,development,4
P09416,development,0
P09417,development,0
P09418,development,3
P09419,development,1
P09420,development,2
P09421,development,2
P09422,development,3
P09423,development,4
P09424,development,0
P09425,development,2
P09426,development,4
P09427,development,3
P09428,holdout,-1
P09429,development,0
P09430,holdout,-1
P09431,development,2
P09432,development,2
P09433,development,0
P09434,development,4
P09435,development,4
P09436,development,0
P09437,development,4
P09438,development,0
P09439,holdout,-1
P09440,development,2
P09441,development,4
P09442,development,1
P09443,holdout,-1
P09444,development,3
P09445,holdout,-1
P09446,development,0
P09447,development,4
P09448,development,1
P09449,development,2
P09450,development,1
P09451,holdout,-1
P09452,development,4
P09453,development,4
P09454,development,0
P09455,development,1
P09456,holdout,-1
P09457,development,4
P09458,development,0
P09459,development,1
P09460,development,0
P09461,development,4
P09462,development,0
P09463,development,1
P09464,development,1
P09465,development,1
P09466,development,3
P09467,development,3
P09468,development,4
P09469,development,4
P09470,holdout,-1
P09471,development,4
P09472,development,0
P09473,development,3
P09474,holdout,-1
P09475,holdout,-1
P09476,development,3
P09477,development,4
P09478,holdout,-1
P09479,development,4
P09480,development,2
P09481,development,4
P09482,development,3
P09483,development,2
P09484,development,4
P09485,development,0
P09486,development,0
P09487,holdout,-1
P09488,development,3
P09489,development,4
P09490,holdout,-1
P09491,development,0
P09492,development,4
P09493,development,4
P09494,development,1
P09495,holdout,-1
P09496,holdout,-1
P09497,development,3
P09498,development,0
P09499,holdout,-1
P09500,development,0
P09501,holdout,-1
P09502,holdout,-1
P09503,development,0
P09504,development,3
P09505,development,0
P09506,holdout,-1
P09507,holdout,-1
P09508,development,4
P09509,development,3
P09510,development,0
P09511,development,2
P09512,holdout,-1
P09513,development,4
P09514,development,1
P09515,development,4
P09516,development,0
P09517,development,2
P09518,development,0
P09519,development,4
P09520,development,3
P09521,development,4
P09522,development,3
P09523,holdout,-1
P09524,development,0
P09525,development,3
P09526,development,4
P09527,development,1
P09528,holdout,-1
P09529,holdout,-1
P09530,development,3
P09531,development,4
P09532,development,0
P09533,holdout,-1
P09534,development,4
P09535,holdout,-1
P09536,holdout,-1
P09537,development,2
P09538,development,4
P09539,development,4
P09540,development,4
P09541,development,1
P09542,development,1
P09543,development,2
P09544,development,4
P09545,development,3
P09546,development,3
P09547,development,2
P09548,development,0
P09549,development,0
P09550,development,4
P09551,development,0
P09552,development,0
P09553,development,4
P09554,development,2
P09555,development,2
P09556,development,4
P09557,development,2
P09558,development,2
P09559,development,2
P09560,holdout,-1
P09561,development,3
P09562,holdout,-1
P09563,holdout,-1
P09564,development,3
P09565,development,3
P09566,development,2
P09567,development,3
P09568,development,4
P09569,holdout,-1
P09570,development,0
P09571,development,3
P09572,holdout,-1
P09573,development,1
P09574,development,0
P09575,holdout,-1
P09576,development,4
P09577,development,0
P09578,development,4
P09579,development,4
P09580,development,4
P09581,development,1
P09582,development,3
P09583,development,0
P09584,holdout,-1
P09585,development,0
P09586,development,0
P09587,holdout,-1
P09588,development,3
P09589,development,1
P09590,holdout,-1
P09591,development,0
P09592,development,0
P09593,holdout,-1
P09594,development,2
P09595,development,3
P09596,development,1
P09597,development,1
P09598,development,0
P09599,development,4
P09600,development,1
P09601,development,4
P09602,development,2
P09603,development,0
P09604,development,3
P09605,development,4
P09606,development,4
P09607,development,3
P09608,development,4
P09609,holdout,-1
P09610,development,1
P09611,development,2
P09612,development,2
P09613,development,0
P09614,development,1
P09615,development,1
P09616,holdout,-1
P09617,development,3
P09618,development,3
P09619,development,3
P09620,development,0
P09621,development,0
P09622,development,1
P09623,development,4
P09624,development,4
P09625,development,1
P09626,development,3
P09627,development,4
P09628,holdout,-1
P09629,development,0
P09630,development,3
P09631,development,4
P09632,development,4
P09633,holdout,-1
P09634,development,2
P09635,development,2
P09636,development,4
P09637,development,4
P09638,development,1
P09639,development,2
P09640,development,4
P09641,development,0
P09642,development,0
P09643,development,2
P09644,holdout,-1
P09645,development,1
P09646,development,3
P09647,holdout,-1
P09648,development,0
P09649,development,1
P09650,development,0
P09651,holdout,-1
P09652,development,3
P09653,development,1
P09654,holdout,-1
P09655,development,3
P09656,development,2
P09657,development,3
P09658,development,3
P09659,development,1
P09660,development,3
P09661,development,0
P09662,development,1
P09663,development,4
P09664,development,2
P09665,development,0
P09666,development,0
P09667,development,2
P09668,development,4
P09669,development,1
P09670,development,2
P09671,development,0
P09672,development,4
P09673,development,3
P09674,development,0
P09675,development,2
P09676,development,4
P09677,development,0
P09678,development,2
P09679,development,0
P09680,development,1
P09681,development,4
P09682,development,1
P09683,development,4
P09684,development,1
P09685,development,2
P09686,holdout,-1
P09687,development,0
P09688,development,2
P09689,development,3
P09690,holdout,-1
P09691,holdout,-1
P09692,development,1
P09693,development,4
P09694,holdout,-1
P09695,development,3
P09696,development,0
P09697,development,3
P09698,holdout,-1
P09699,development,1
P09700,development,3
P09701,development,2
P09702,holdout,-1
P09703,holdout,-1
P09704,development,1
P09705,development,0
P09706,development,2
P09707,development,1
P09708,development,3
P09709,development,1
P09710,development,0
P09711,development,4
P09712,development,0
P09713,holdout,-1
P09714,development,2
P09715,development,0
P09716,development,3
P09717,holdout,-1
P09718,development,4
P09719,development,3
P09720,holdout,-1
P09721,development,3
P09722,development,2
P09723,development,1
P09724,holdout,-1
P09725,development,3
P09726,development,4
P09727,development,2
P09728,holdout,-1
P09729,development,2
P09730,development,2
P09731,development,1
P09732,development,3
P09733,development,3
P09734,development,3
P09735,development,3
P09736,development,3
P09737,development,1
P09738,development,3
P09739,development,1
P09740,development,2
P09741,holdout,-1
P09742,development,4
P09743,development,2
P09744,development,3
P09745,development,1
P09746,development,2
P09747,development,3
P09748,development,4
P09749,holdout,-1
P09750,development,2
P09751,development,2
P09752,development,0
P09753,development,1
P09754,development,3
P09755,development,0
P09756,development,2
P09757,development,0
P09758,holdout,-1
P09759,holdout,-1
P09760,development,4
P09761,development,4
P09762,development,0
P09763,holdout,-1
P09764,development,0
P09765,development,4
P09766,holdout,-1
P09767,development,0
P09768,holdout,-1
P09769,development,4
P09770,development,2
P09771,development,1
P09772,holdout,-1
P09773,development,3
P09774,development,2
P09775,development,0
P09776,development,3
P09777,development,4
P09778,holdout,-1
P09779,holdout,-1
P09780,development,4
P09781,development,0
P09782,development,1
P09783,development,0
P09784,development,0
P09785,development,3
P09786,development,0
P09787,development,2
P09788,development,1
P09789,holdout,-1
P09790,development,1
P09791,development,2
P09792,development,3
P09793,development,1
P09794,development,0
P09795,development,4
P09796,holdout,-1
P09797,development,4
P09798,holdout,-1
P09799,development,2
P09800,development,3
P09801,development,1
P09802,development,4
P09803,development,4
P09804,development,2
P09805,holdout,-1
P09806,development,4
P09807,development,1
P09808,development,1
P09809,holdout,-1
P09810,holdout,-1
P09811,development,3
P09812,holdout,-1
P09813,development,3
P09814,development,3
P09815,development,2
P09816,holdout,-1
P09817,holdout,-1
P09818,development,0
P09819,development,3
P09820,holdout,-1
P09821,development,0
P09822,development,2
P09823,holdout,-1
P09824,development,3
P09825,development,4
P09826,development,2
P09827,holdout,-1
P09828,development,0
P09829,development,0
P09830,holdout,-1
P09831,development,3
P09832,development,1
P09833,development,4
P09834,development,0
P09835,development,4
P09836,development,1
P09837,development,1
P09838,development,4
P09839,development,1
P09840,holdout,-1
P09841,development,3
P09842,holdout,-1
P09843,development,0
P09844,holdout,-1
P09845,development,0
P09846,development,0
P09847,holdout,-1
P09848,development,2
P09849,development,2
P09850,development,2
P09851,development,2
P09852,development,0
P09853,development,0
P09854,development,1
P09855,development,1
P09856,development,3
P09857,development,0
P09858,holdout,-1
P09859,development,2
P09860,development,4
P09861,development,0
P09862,development,4
P09863,development,3
P09864,development,0
P09865,development,2
P09866,development,1
P09867,holdout,-1
P09868,development,4
P09869,development,3
P09870,holdout,-1
P09871,development,3
P09872,development,3
P09873,holdout,-1
P09874,holdout,-1
P09875,development,0
P09876,development,3
P09877,development,2
P09878,holdout,-1
P09879,development,1
P09880,development,3
P09881,holdout,-1
P09882,development,4
P09883,development,4
P09884,development,0
P09885,development,2
P09886,development,0
P09887,development,2
P09888,holdout,-1
P09889,development,4
P09890,development,4
P09891,development,2
P09892,development,0
P09893,development,2
P09894,holdout,-1
P09895,development,3
P09896,development,3
P09897,development,3
P09898,development,2
P09899,holdout,-1
P09900,holdout,-1
P09901,development,1
P09902,development,0
P09903,development,2
P09904,development,2
P09905,development,4
P09906,development,2
P09907,development,0
P09908,holdout,-1
P09909,development,4
P09910,development,2
P09911,development,2
P09912,development,4
P09913,development,4
P09914,development,1
P09915,development,0
P09916,development,1
P09917,development,1
P09918,development,2
P09919,holdout,-1
P09920,development,2
P09921,development,2
P09922,development,3
P09923,holdout,-1
P09924,development,2
P09925,holdout,-1
P09926,development,1
P09927,development,2
P09928,development,4
P09929,development,2
P09930,development,4
P09931,development,0
P09932,development,1
P09933,holdout,-1
P09934,development,0
P09935,development,2
P09936,development,1
P09937,development,0
P09938,development,0
P09939,development,0
P09940,development,0
P09941,development,4
P09942,holdout,-1
P09943,holdout,-1
P09944,development,1
P09945,development,2
P09946,development,3
P09947,development,3
P09948,development,0
P09949,development,0
P09950,development,3
P09951,development,3
P09952,development,0
P09953,development,2
P09954,development,4
P09955,development,2
P09956,development,1
P09957,development,3
P09958,holdout,-1
P09959,development,4
P09960,development,3
P09961,development,1
P09962,development,3
P09963,development,2
P09964,development,0
P09965,development,0
P09966,holdout,-1
P09967,holdout,-1
P09968,holdout,-1
P09969,holdout,-1
P09970,development,3
P09971,development,2
P09972,development,4
P09973,development,3
P09974,development,4
P09975,holdout,-1
P09976,development,3
P09977,development,3
P09978,development,2
P09979,development,3
P09980,development,0
P09981,development,2
P09982,development,0
P09983,development,1
P09984,development,4
P09985,development,3
P09986,development,0
P09987,development,1
P09988,development,3
P09989,holdout,-1
P09990,development,3
P09991,holdout,-1
P09992,development,2
P09993,holdout,-1
P09994,development,4
P09995,holdout,-1
P09996,development,4
P09997,holdout,-1
P09998,development,1
P09999,development,0
P10000,development,1
