Person_ID,true_value,predicted_value,residual
P00001,6.2,7.022629925869259,-0.8226299258692586
P00002,8.2,7.315438078375976,0.884561921624023
P00003,7.6,6.683586360992697,0.9164136390073025
P00004,7.9,7.142650201420662,0.7573497985793383
P00005,4.4,5.8501122134789885,-1.450112213478988
P00006,6.8,5.343006262883552,1.4569937371164476
P00008,6.3,6.083377248895967,0.2166227511040324
P00010,6.1,5.834935827996359,0.2650641720036404
P00011,7.1,7.163257489565822,-0.06325748956582267
P00012,6.1,5.90546873265539,0.19453126734461001
P00013,6.3,6.363004304762443,-0.06300430476244312
P00014,7.2,8.071729385434638,-0.8717293854346382
P00016,6.2,6.138854138401143,0.06114586159885693
P00018,7.6,7.1634695337853245,0.4365304662146752
P00019,8.2,7.748258459890708,0.4517415401092917
P00020,8.5,8.200094303764478,0.29990569623552155
P00021,8.9,8.39147222944029,0.5085277705597111
P00022,9.5,8.172999516396644,1.3270004836033564
P00024,9.6,8.228806520692036,1.3711934793079639
P00025,7.4,7.778825266888324,-0.37882526688832385
P00026,6.2,6.647944233635658,-0.44794423363565805
P00028,6.3,6.837489976640796,-0.5374899766407966
P00029,7.8,7.411891397011182,0.3881086029888179
P00030,8.5,7.638240419850831,0.8617595801491689
P00031,6.8,6.677340895096877,0.12265910490312315
P00032,5.3,6.725779081477872,-1.425779081477872
P00033,7.2,7.081552380242244,0.11844761975775597
P00035,6.7,6.724856835616644,-0.02485683561664409
P00036,5.7,6.286248905754688,-0.5862489057546876
P00037,9.1,8.408485191529314,0.6915148084706857
P00038,6.9,6.845253651177163,0.05474634882283702
P00039,8.7,6.93338249982191,1.7666175001780893
P00040,7.3,7.469529087822906,-0.1695290878229061
P00041,8.1,7.5867036244105375,0.5132963755894622
P00042,6.8,7.581145262494757,-0.781145262494757
P00043,7.1,7.487846240087821,-0.3878462400878213
P00044,6.2,7.234975605114228,-1.0349756051142283
P00045,7.7,6.941023431769571,0.7589765682304295
P00046,9.4,8.1562053190054,1.2437946809946006
P00047,6.4,5.435968377146196,0.9640316228538044
P00048,7.0,7.651256166356133,-0.6512561663561334
P00049,9.0,8.44857267945612,0.5514273205438798
P00050,6.7,6.61242154130848,0.08757845869152003
P00051,7.1,7.186856592147091,-0.0868565921470914
P00052,6.8,5.82176724370183,0.9782327562981701
P00053,6.8,6.086803815310132,0.7131961846898678
P00054,10.0,8.241931953498321,1.7580680465016787
P00056,8.3,9.16870271190454,-0.8687027119045396
P00057,6.9,6.928831895221543,-0.028831895221542503
P00058,4.5,5.297724213891383,-0.7977242138913834
P00059,8.0,7.670994483108073,0.32900551689192703
P00060,5.9,6.862346032189097,-0.9623460321890969
P00062,9.4,8.558871525986492,0.8411284740135088
P00064,6.6,7.110305885599256,-0.5103058855992559
P00065,6.1,6.5995618305967785,-0.49956183059677883
P00066,8.1,8.463856606798384,-0.36385660679838416
P00067,7.6,7.203274656428823,0.39672534357117684
P00068,6.5,6.824521373387742,-0.3245213733877419
P00069,5.9,6.812300182435414,-0.9123001824354136
P00070,5.6,5.646149896475889,-0.04614989647588974
P00071,6.8,6.457461206886381,0.34253879311361857
P00072,7.5,6.85443992621177,0.6455600737882303
P00073,6.9,7.587989707016783,-0.6879897070167829
P00074,5.4,5.375906751280482,0.024093248719518456
P00075,10.0,7.332747651046867,2.6672523489531326
P00076,6.3,5.7238542656391225,0.5761457343608773
P00077,6.3,6.657016637295028,-0.3570166372950281
P00080,7.2,6.995025327901509,0.20497467209849152
P00081,6.8,7.698584352699908,-0.898584352699908
P00082,6.3,6.646836638545398,-0.3468366385453985
P00084,5.7,6.338276419062923,-0.6382764190629224
P00086,5.1,5.85827057667078,-0.75827057667078
P00087,4.4,5.826258938745511,-1.4262589387455105
P00088,7.9,7.474736610776934,0.4252633892230664
P00089,9.7,8.708110179139863,0.9918898208601359
P00092,6.9,5.921767551176668,0.9782324488233325
P00094,6.0,6.033567987932057,-0.03356798793205673
P00098,7.1,7.278024354807191,-0.17802435480719137
P00099,6.0,7.494407047656806,-1.4944070476568063
P00100,6.1,6.714310732803036,-0.6143107328030366
P00101,7.2,6.529283026637984,0.6707169733620164
P00102,6.5,7.347611984419376,-0.8476119844193759
P00103,8.0,7.525688785673449,0.4743112143265513
P00105,7.1,7.41665263887236,-0.3166526388723607
P00106,5.0,5.859918331933142,-0.8599183319331418
P00107,6.7,6.228351828621468,0.4716481713785319
P00108,9.6,8.262357314303063,1.3376426856969363
P00109,9.2,8.179397729183346,1.020602270816653
P00110,8.6,7.918220614226348,0.6817793857736518
P00111,6.6,7.027100233901063,-0.4271002339010632
P00112,8.3,8.140280637483666,0.15971936251633423
P00113,3.2,5.06607576524781,-1.8660757652478095
P00115,5.8,6.620145064223932,-0.8201450642239321
P00116,6.0,6.659159457500422,-0.6591594575004223
P00118,6.4,7.3346763028527695,-0.9346763028527691
P00119,5.6,6.00188244024754,-0.4018824402475403
P00120,6.1,6.273986344875022,-0.17398634487502207
P00122,6.2,5.526882048810345,0.6731179511896555
P00123,6.4,6.20059728052705,0.19940271947295063
P00124,7.2,7.1826871315561736,0.017312868443826623
P00125,6.4,6.950800601795153,-0.550800601795153
P00126,8.1,7.641137119074996,0.45886288092500394
P00127,6.0,5.858004090079599,0.1419959099204009
P00128,9.4,7.746057152022185,1.6539428479778158
P00129,7.7,6.583350247900353,1.1166497520996472
P00130,6.1,6.83135022916184,-0.7313502291618406
P00131,9.7,8.269212434837074,1.430787565162925
P00133,7.9,8.518193401180861,-0.6181934011808607
P00134,7.8,7.318971619836436,0.481028380163564
P00136,7.2,6.615829521777983,0.584170478222017
P00137,6.3,6.509500681142441,-0.20950068114244136
P00139,8.0,7.254423946531472,0.7455760534685281
P00140,6.8,6.604859346406467,0.1951406535935325
P00141,5.8,6.159417190119248,-0.359417190119248
P00142,7.1,7.827825619776474,-0.7278256197764748
P00143,7.7,7.391752506706823,0.3082474932931776
P00145,8.2,7.476350191446039,0.7236498085539607
P00146,6.5,6.342453957369846,0.1575460426301536
P00148,6.9,6.8644565455907385,0.035543454409261876
P00149,5.5,5.924282654492483,-0.42428265449248315
P00150,6.9,7.676324237421036,-0.7763242374210355
P00151,6.9,6.92188047351586,-0.021880473515859755
P00152,8.2,8.054783324675572,0.14521667532442706
P00153,6.7,6.77667824147827,-0.07667824147826963
P00154,6.1,6.853506180670928,-0.7535061806709287
P00155,6.4,6.944232025999404,-0.5442320259994036
P00156,8.1,6.890345901990383,1.2096540980096169
P00157,7.0,7.222408902134109,-0.22240890213410935
P00158,5.1,6.23521995419454,-1.1352199541945405
P00159,7.3,7.54345722029649,-0.24345722029648975
P00160,7.8,8.018368762607476,-0.21836876260747662
P00162,6.2,5.806864985941272,0.3931350140587284
P00163,4.7,5.7915116426817566,-1.0915116426817564
P00164,6.9,6.097412831998932,0.8025871680010681
P00165,7.4,7.15817721123261,0.24182278876739005
P00166,6.1,6.716668422426777,-0.6166684224267778
P00167,7.4,7.084803746809351,0.31519625319064914
P00168,7.5,7.196058196024639,0.30394180397536097
P00169,8.2,8.705249485456527,-0.5052494854565275
P00170,7.8,7.799480940177139,0.0005190598228610455
P00171,7.8,8.33957414832613,-0.5395741483261309
P00172,6.9,7.474146649913343,-0.5741466499133425
P00173,7.9,7.317666912974817,0.5823330870251837
P00174,7.3,7.744117709504763,-0.4441177095047628
P00175,6.8,6.818424740139635,-0.018424740139635354
P00177,7.1,7.075650575966017,0.02434942403398299
P00178,8.6,7.99083704032881,0.60916295967119
P00179,7.2,7.062535013132567,0.13746498686743358
P00180,4.0,4.764727324692984,-0.7647273246929842
P00181,6.6,7.02899262694568,-0.4289926269456803
P00182,6.7,6.336634912504452,0.3633650874955485
P00183,7.5,8.439255381053762,-0.939255381053762
P00184,6.8,6.485573044143546,0.31442695585645364
P00185,8.3,7.194650632084283,1.1053493679157178
P00186,7.6,7.846235618150308,-0.24623561815030826
P00189,6.7,6.873973909875948,-0.17397390987594807
P00190,9.1,7.561731995590016,1.538268004409984
P00191,8.3,7.844835753554223,0.45516424644577747
P00192,6.2,6.526509184215982,-0.32650918421598174
P00193,5.9,6.065212426906676,-0.1652124269066757
P00194,6.5,7.022007944269193,-0.522007944269193
P00197,5.2,5.938251288259157,-0.738251288259157
P00198,7.1,6.598053983841433,0.5019460161585663
P00199,7.0,6.321652163067274,0.6783478369327263
P00200,8.7,8.701488738383393,-0.0014887383833936951
P00202,8.1,8.410857476415059,-0.3108574764150589
P00204,7.5,7.658762531551572,-0.15876253155157194
P00205,6.0,6.465942956830015,-0.4659429568300153
P00206,6.2,6.929555511771699,-0.7295555117716992
P00207,7.3,6.192065562719079,1.107934437280921
P00210,7.1,6.940889215229626,0.15911078477037321
P00211,6.8,6.768198065883583,0.03180193411641685
P00212,5.8,6.438214130292497,-0.6382141302924973
P00214,7.8,7.734677717257909,0.06532228274209118
P00215,6.9,6.872082441720778,0.027917558279222376
P00216,7.5,7.62270891874093,-0.12270891874092982
P00217,9.4,8.429243564983981,0.9707564350160194
P00218,5.4,5.750548752133232,-0.350548752133232
P00219,5.3,5.835600260846259,-0.5356002608462589
P00220,5.7,6.705707111787047,-1.0057071117870464
P00222,7.6,5.90716678677267,1.6928332132273294
P00223,5.7,5.256298119206562,0.4437018807934381
P00224,7.6,7.184639363094719,0.41536063690528024
P00226,9.0,8.347917701519078,0.6520822984809218
P00228,6.7,7.164197022784446,-0.46419702278444586
P00230,5.8,6.62314434749853,-0.8231443474985305
P00232,7.1,6.41184241122391,0.6881575887760896
P00236,7.2,6.913699058121543,0.2863009418784568
P00237,7.8,7.838811860623874,-0.03881186062387432
P00238,8.0,7.195339754957747,0.8046602450422533
P00239,6.9,6.604032012585616,0.2959679874143841
P00242,7.6,7.670499199310476,-0.07049919931047643
P00243,8.6,7.732509535048655,0.8674904649513451
P00244,6.6,6.672348033931434,-0.07234803393143441
P00245,5.9,6.214200704603489,-0.3142007046034889
P00246,5.2,5.616477680758624,-0.4164776807586241
P00248,5.2,6.008826347996149,-0.808826347996149
P00249,5.6,6.183803975090018,-0.5838039750900181
P00250,8.1,7.467912916363772,0.632087083636228
P00251,6.0,6.42914334745453,-0.42914334745452987
P00252,8.0,8.061845349016586,-0.061845349016586226
P00253,5.6,5.919802118957171,-0.31980211895717137
P00254,7.8,7.426445351793256,0.3735546482067438
P00255,6.8,6.71856908417656,0.08143091582343942
P00256,6.9,6.706156337863296,0.1938436621367048
P00257,6.2,6.027754699760404,0.17224530023959606
P00258,6.9,6.89508494370782,0.004915056292180253
P00260,6.7,7.525532675505701,-0.8255326755057011
P00262,6.7,7.487540437464565,-0.7875404374645649
P00263,8.5,7.501952087276171,0.9980479127238286
P00264,9.4,9.377403669353312,0.022596330646688756
P00265,8.6,7.783535569311023,0.8164644306889768
P00266,9.0,8.462408373182807,0.5375916268171927
P00267,8.2,6.791461362887013,1.4085386371129864
P00270,3.4,5.2234024617086,-1.8234024617086004
P00271,4.4,5.956326762038634,-1.5563267620386334
P00272,5.4,6.39757657755068,-0.9975765775506797
P00273,9.0,9.236313258804318,-0.23631325880431753
P00274,8.9,7.530415844997204,1.369584155002796
P00275,6.8,6.367098073609528,0.4329019263904721
P00276,6.6,7.719370141318635,-1.119370141318635
P00277,6.4,7.362702271983494,-0.9627022719834937
P00279,8.3,8.043741966328554,0.25625803367144684
P00280,9.0,8.462181908439392,0.5378180915606077
P00281,5.6,6.1386056546171375,-0.5386056546171378
P00283,8.5,7.786293656345257,0.7137063436547431
P00284,6.8,6.629537114135685,0.1704628858643149
P00285,7.0,7.716173848860032,-0.7161738488600324
P00286,7.7,6.922106136394271,0.7778938636057289
P00287,7.8,7.099312346191172,0.7006876538088278
P00288,7.4,7.100876535514635,0.29912346448536553
P00289,7.0,7.174895691213249,-0.17489569121324866
P00290,5.7,6.144391196059258,-0.44439119605925814
P00291,6.4,7.387438278151054,-0.9874382781510533
P00292,6.0,7.01780962588661,-1.0178096258866098
P00293,7.0,5.909701972538895,1.0902980274611052
P00294,7.1,7.893476374878508,-0.7934763748785088
P00295,7.2,7.846455769468233,-0.6464557694682327
P00296,7.9,8.307464308190113,-0.4074643081901126
P00298,9.2,8.157215705594176,1.0427842944058234
P00299,6.1,6.164586981230482,-0.06458698123048201
P00300,6.8,5.309013472553022,1.490986527446978
P00301,9.8,9.082322038298102,0.7176779617018987
P00302,6.7,5.588408807199892,1.111591192800108
P00303,6.4,7.17214384568774,-0.7721438456877401
P00305,6.8,6.5200511654182725,0.27994883458172737
P00307,7.7,7.572204571570079,0.12779542842992075
P00309,8.7,8.300839587477293,0.39916041252270595
P00312,8.4,7.2776026237559135,1.1223973762440869
P00313,8.4,7.961487233357164,0.43851276664283656
P00314,5.6,5.583446117936068,0.01655388206393127
P00315,6.5,7.376952075788098,-0.8769520757880978
P00316,6.6,6.41378909411547,0.18621090588453004
P00317,6.6,7.396586547435221,-0.7965865474352212
P00319,8.7,7.9982996028153694,0.7017003971846298
P00320,5.4,5.347553414571304,0.0524465854286964
P00321,7.1,6.3411253623005495,0.7588746376994502
P00322,7.5,7.023341563504683,0.4766584364953168
P00323,6.0,6.267524959656722,-0.26752495965672196
P00325,6.9,6.971859184873579,-0.07185918487357856
P00326,6.6,6.160784875012046,0.43921512498795323
P00327,8.3,7.050875995485421,1.24912400451458
P00328,6.6,5.730100043152683,0.8698999568473162
P00330,6.1,6.654518809617331,-0.5545188096173312
P00331,5.5,5.890138525195988,-0.39013852519598835
P00333,7.7,7.642813739416869,0.05718626058313081
P00334,6.3,6.437356159339156,-0.13735615933915657
P00336,7.2,8.001545289087208,-0.8015452890872075
P00338,6.0,6.735223806558437,-0.7352238065584373
P00339,4.7,5.550284953672001,-0.8502849536720012
P00340,7.9,7.549040153163824,0.35095984683617676
P00341,9.4,8.60300683132585,0.7969931686741507
P00343,8.9,8.119436823324884,0.7805631766751162
P00344,8.8,8.427288845232027,0.37271115476797334
P00348,6.7,6.796782185784102,-0.09678218578410203
P00349,6.4,7.086275560657908,-0.6862755606579078
P00352,5.7,6.010698912097295,-0.31069891209729494
P00353,6.5,6.230279986936342,0.2697200130636581
P00354,7.2,7.7377776365319075,-0.5377776365319074
P00355,7.2,7.141233989467828,0.0587660105321719
P00356,6.4,7.02324152237547,-0.6232415223754693
P00357,6.2,5.97676901500888,0.22323098499111982
P00359,7.1,6.884724580687428,0.21527541931257144
P00362,7.5,8.201564084755692,-0.7015640847556917
P00363,6.3,7.939619644777803,-1.6396196447778033
P00364,5.3,6.410880005935932,-1.1108800059359325
P00365,4.2,5.3479679046521404,-1.1479679046521403
P00366,6.0,6.123329303708476,-0.12332930370847617
P00367,7.9,5.913184879633599,1.9868151203664013
P00368,6.0,6.624453959678369,-0.6244539596783687
P00369,7.7,7.243374844077187,0.45662515592281316
P00370,10.0,8.811402677006612,1.1885973229933882
P00371,6.4,6.406631241691826,-0.006631241691825274
P00372,7.9,7.935569529363255,-0.035569529363254304
P00373,5.1,5.34979203546288,-0.24979203546287998
P00374,7.0,6.9387234150055,0.06127658499450028
P00375,9.3,8.526635242138877,0.773364757861124
P00377,8.5,7.791936933332137,0.7080630666678633
P00379,5.0,6.82000411311483,-1.8200041131148303
P00380,6.8,7.705373023236124,-0.9053730232361241
P00382,5.3,5.530238505662078,-0.23023850566207837
P00383,7.7,7.567051120206958,0.13294887979304182
P00384,5.7,6.198720805794488,-0.49872080579448763
P00385,8.3,7.87391922760968,0.4260807723903204
P00386,6.3,6.26348998498458,0.03651001501541984
P00387,8.7,8.74285735549064,-0.04285735549064107
P00388,7.6,6.862714016052054,0.7372859839479453
P00391,7.1,7.541395310808246,-0.4413953108082467
P00392,7.1,6.610969280981493,0.4890307190185066
P00393,6.1,5.919491805687521,0.18050819431247866
P00394,8.3,6.616635843566467,1.6833641564335338
P00395,6.8,6.677262136025747,0.1227378639742529
P00396,8.3,8.605562712423461,-0.3055627124234608
P00399,4.2,6.348404973873751,-2.1484049738737507
P00400,7.5,7.702197030487096,-0.20219703048709636
P00401,5.2,6.864471714124639,-1.6644717141246392
P00402,6.0,6.72543555994587,-0.7254355599458702
P00403,8.3,7.079202926896933,1.2207970731030677
P00404,7.1,6.522789701891314,0.5772102981086853
P00406,6.5,7.053842396629468,-0.5538423966294683
P00407,6.0,5.9984168545368295,0.00158314546317051
P00409,6.7,7.517364786818454,-0.8173647868184535
P00410,4.4,6.239786740213342,-1.8397867402133414
P00411,7.2,6.256827100961347,0.943172899038653
P00412,6.5,6.402087976517803,0.09791202348219663
P00413,7.8,7.162489253257134,0.6375107467428656
P00414,6.4,6.166289623856106,0.23371037614389412
P00415,6.5,7.0452613837927,-0.5452613837926998
P00416,7.6,7.285382369843742,0.314617630156258
P00417,7.6,6.5503483617115945,1.0496516382884051
P00418,6.7,7.425285012063075,-0.7252850120630745
P00419,9.3,8.802728598692507,0.4972714013074935
P00420,6.1,6.517666553708132,-0.4176665537081323
P00421,7.2,7.316257935604869,-0.11625793560486919
P00422,8.2,7.409795332519369,0.79020466748063
P00423,9.3,8.669524844503194,0.6304751554968071
P00424,8.3,7.452175122059259,0.8478248779407416
P00425,4.5,5.372612745796374,-0.8726127457963742
P00426,8.1,7.848067557881609,0.25193244211839083
P00427,5.7,5.659209277864001,0.040790722135999324
P00428,6.1,6.134815341477598,-0.03481534147759824
P00429,6.0,5.630652851619204,0.36934714838079596
P00430,5.4,6.06727604231863,-0.6672760423186297
P00431,6.9,6.540062203872421,0.35993779612757937
P00432,6.0,6.596170431231658,-0.5961704312316582
P00433,7.2,6.988742080338126,0.21125791966187446
P00434,5.7,6.175712963435427,-0.4757129634354271
P00436,6.8,6.711760464391504,0.08823953560849596
P00437,7.2,6.279796593936135,0.9202034060638651
P00438,6.4,5.527596984257569,0.8724030157424316
P00439,6.8,7.470725289709981,-0.6707252897099814
P00440,8.0,8.112868326304529,-0.11286832630452892
P00441,8.2,7.995972832992207,0.20402716700779244
P00442,9.5,9.227930778580276,0.27206922141972356
P00443,9.5,8.671525767386925,0.8284742326130754
P00445,8.8,8.257742490343851,0.5422575096561495
P00446,7.4,7.832587087183636,-0.43258708718363525
P00448,6.8,5.7578381375873136,1.0421618624126863
P00449,6.1,6.177585312711602,-0.0775853127116024
P00450,7.2,6.7509368658684,0.4490631341315998
P00451,6.9,7.498973331660498,-0.5989733316604973
P00452,7.1,7.606078968181405,-0.5060789681814057
P00453,5.9,6.596569597744836,-0.6965695977448361
P00454,9.3,8.914605466260285,0.38539453373971533
P00455,6.2,7.223649964030097,-1.0236499640300964
P00456,6.2,6.9866011555296295,-0.7866011555296293
P00457,6.9,6.883959520638332,0.01604047936166797
P00458,7.0,6.049270501647919,0.9507294983520813
P00459,6.7,6.204594128965951,0.4954058710340492
P00460,5.5,7.267525278363977,-1.7675252783639772
P00461,7.7,7.802271924835572,-0.10227192483557168
P00462,8.9,8.57931152297705,0.32068847702294967
P00467,6.4,6.818668084533738,-0.4186680845337376
P00469,8.4,8.415037536909583,-0.015037536909582983
P00470,5.6,5.644762190885274,-0.04476219088527422
P00471,8.4,8.58235189692916,-0.1823518969291591
P00472,6.0,7.314679902881525,-1.314679902881525
P00473,7.9,8.92960648434035,-1.0296064843403503
P00474,6.7,6.036313812073596,0.6636861879264044
P00476,5.9,8.001313369134575,-2.1013133691345747
P00478,7.2,6.850117602074192,0.3498823979258079
P00479,5.7,6.410854620320812,-0.7108546203208119
P00480,7.5,6.697021354105719,0.8029786458942807
P00482,5.7,6.007938704286291,-0.30793870428629067
P00483,7.9,6.6510137866539525,1.2489862133460479
P00484,8.0,7.7251599044920924,0.27484009550790756
P00486,6.9,7.524981206993645,-0.6249812069936445
P00488,6.3,6.927476469838655,-0.6274764698386548
P00489,7.7,7.968626611863991,-0.26862661186399084
P00490,6.9,7.778415267342368,-0.8784152673423673
P00491,6.3,5.778785352345881,0.5212146476541184
P00492,7.3,7.457951574485509,-0.15795157448550956
P00493,5.2,6.217726025941774,-1.0177260259417737
P00494,9.7,8.681876903270147,1.0181230967298518
P00495,5.2,6.634476205789389,-1.4344762057893892
P00496,8.3,7.966699566197379,0.33330043380262175
P00497,6.8,6.620339151302508,0.179660848697492
P00499,5.5,6.266584464723941,-0.766584464723941
P00500,8.1,7.888608688374531,0.21139131162546843
P00501,7.3,7.545339267732422,-0.24533926773242243
P00502,6.0,5.826079420236239,0.1739205797637613
P00503,6.5,6.630149063220281,-0.13014906322028086
P00506,7.1,8.232036917186651,-1.1320369171866513
P00509,6.6,6.312844528140178,0.2871554718598217
P00510,7.0,6.89123110573025,0.10876889426975023
P00511,7.1,7.030137314554433,0.06986268544556662
P00512,8.3,8.753442047882459,-0.4534420478824579
P00514,7.7,7.714931249010457,-0.014931249010456504
P00515,7.8,7.510187280854614,0.2898127191453854
P00516,5.3,5.863224138425682,-0.5632241384256824
P00517,6.5,5.865955428177439,0.6340445718225611
P00519,7.5,7.521659487046957,-0.021659487046957082
P00520,7.2,6.172649332348879,1.0273506676511213
P00521,7.0,7.405007071474572,-0.4050070714745724
P00522,8.6,8.120230133314616,0.479769866685384
P00523,6.9,6.308538274605927,0.5914617253940735
P00524,8.5,7.975925964414218,0.524074035585782
P00526,7.3,7.193088553579159,0.10691144642084094
P00528,6.5,5.491615939482159,1.008384060517841
P00529,6.4,7.724087284565483,-1.3240872845654827
P00532,7.1,7.431682196954387,-0.3316821969543877
P00533,9.0,9.161027710965424,-0.16102771096542412
P00534,6.7,6.403787044511459,0.2962129554885413
P00535,7.5,8.033204237452155,-0.5332042374521553
P00536,9.4,8.486353472756347,0.9136465272436531
P00537,7.5,8.359950301006668,-0.859950301006668
P00538,6.5,6.827334882533596,-0.327334882533596
P00539,4.9,6.590400790951481,-1.6904007909514807
P00540,7.9,7.564625680891187,0.335374319108813
P00541,8.1,8.618872394252596,-0.5188723942525968
P00542,7.5,7.639711255827969,-0.13971125582796873
P00543,8.1,8.367686526996618,-0.2676865269966182
P00544,6.8,6.493967359776296,0.30603264022370347
P00545,6.5,6.774431986188681,-0.2744319861886808
P00546,8.9,8.700933172955677,0.199066827044323
P00547,8.0,7.2294061600562225,0.7705938399437775
P00548,8.4,8.082630977525355,0.3173690224746455
P00549,7.7,7.205964401859576,0.4940355981404245
P00550,6.2,7.378687744610162,-1.178687744610162
P00551,3.8,4.431654350459395,-0.631654350459395
P00552,5.5,5.74065242669694,-0.24065242669693987
P00553,8.1,8.14297990449009,-0.0429799044900907
P00554,7.8,8.028351719730757,-0.22835171973075763
P00555,8.0,7.631903031903953,0.3680969680960473
P00556,7.2,7.199865269673691,0.00013473032630884063
P00557,6.4,7.1173434151041945,-0.7173434151041942
P00558,8.3,8.213416235569872,0.08658376443012905
P00559,5.2,5.166414316874505,0.03358568312549526
P00560,9.5,9.289131981546513,0.21086801845348724
P00561,5.8,6.010225370221764,-0.2102253702217638
P00563,5.4,6.429408206498258,-1.0294082064982577
P00564,8.7,8.306173811114231,0.39382618888576815
P00566,7.1,6.434453468008893,0.6655465319911062
P00568,8.3,7.604850446706275,0.6951495532937253
P00569,6.4,6.917676948748138,-0.5176769487481376
P00570,6.7,7.625369218161227,-0.9253692181612267
P00571,6.3,7.076089597271022,-0.7760895972710218
P00572,6.5,7.564817286559776,-1.0648172865597756
P00573,6.8,7.502314888404472,-0.7023148884044721
P00574,5.3,5.591447277762429,-0.29144727776242885
P00575,5.0,6.018417724362276,-1.0184177243622763
P00576,6.8,7.396282403037049,-0.5962824030370495
P00577,7.1,6.189277539696879,0.9107224603031208
P00578,9.3,8.382930856876118,0.9170691431238822
P00579,8.0,7.384438219910677,0.6155617800893234
P00580,6.8,7.0336851040889465,-0.23368510408894672
P00583,3.5,4.893866150009196,-1.3938661500091962
P00584,6.5,5.957637208740526,0.5423627912594737
P00586,8.7,7.9575693808172066,0.7424306191827927
P00587,7.9,7.715181092761263,0.1848189072387374
P00589,7.7,7.888948171840319,-0.18894817184031876
P00590,6.4,7.787397540257355,-1.3873975402573544
P00592,3.8,5.145319837766728,-1.345319837766728
P00593,8.2,7.690037672172617,0.5099623278273819
P00594,8.1,8.190693465142076,-0.09069346514207588
P00595,5.2,6.000817276158888,-0.8008172761588881
P00596,6.8,6.383240079117184,0.4167599208828161
P00597,7.8,7.661470994787107,0.13852900521289246
P00598,7.1,6.3918148793493685,0.7081851206506311
P00599,7.7,6.988509722243962,0.7114902777560381
P00600,8.8,8.135179998832879,0.6648200011671221
P00601,7.4,7.071693579802393,0.3283064201976069
P00603,8.8,7.6003959605758995,1.1996040394241012
P00604,6.8,6.047160181376007,0.7528398186239924
P00606,7.3,6.428565158621023,0.871434841378977
P00607,7.3,7.8689713233462575,-0.5689713233462577
P00608,8.9,7.495397475204674,1.404602524795326
P00609,6.8,7.043356596883247,-0.24335659688324718
P00610,8.2,6.892556219563149,1.3074437804368504
P00611,6.4,6.782258101138707,-0.3822581011387065
P00613,5.3,5.485147060863798,-0.18514706086379817
P00614,5.2,6.1347803454896965,-0.9347803454896964
P00615,7.3,7.278005986141904,0.021994013858095407
P00616,9.0,7.979398414891738,1.0206015851082624
P00617,5.5,6.858060402291762,-1.3580604022917617
P00618,5.1,6.105374072892158,-1.0053740728921587
P00619,7.1,6.005736424444249,1.0942635755557504
P00621,7.8,7.768188927207574,0.031811072792425676
P00622,7.1,7.5806605758451155,-0.4806605758451159
P00623,7.5,7.408779234633924,0.09122076536607615
P00624,8.3,8.280139659010423,0.019860340989577452
P00625,5.6,5.739315351988989,-0.13931535198898892
P00626,7.7,7.223792117655031,0.47620788234496914
P00628,8.9,8.930172812276972,-0.030172812276971328
P00629,5.2,6.371670722559567,-1.1716707225595666
P00630,8.5,7.405854783047012,1.0941452169529882
P00631,8.2,7.435216467771108,0.7647835322288916
P00633,6.5,6.951559889435905,-0.45155988943590497
P00635,7.5,7.809016933804536,-0.30901693380453565
P00636,7.9,7.748198070557652,0.15180192944234872
P00637,5.5,6.072126533466188,-0.5721265334661876
P00638,7.2,8.02549082462258,-0.8254908246225794
P00639,5.0,4.909202628637107,0.09079737136289268
P00640,5.7,6.357909274158748,-0.6579092741587482
P00641,6.6,7.0107211176244455,-0.41072111762444585
P00642,5.3,5.825706345277945,-0.5257063452779454
P00644,8.0,7.820689402021205,0.17931059797879456
P00645,6.4,7.519873512039247,-1.1198735120392467
P00646,7.4,6.839136209136582,0.5608637908634186
P00647,7.1,8.45680312882006,-1.3568031288200597
P00648,8.6,8.081461208856688,0.5185387911433121
P00649,7.1,6.913275459122129,0.18672454087787038
P00651,8.7,7.466786601668667,1.2332133983313325
P00652,6.6,7.149423183777481,-0.5494231837774812
P00653,7.5,6.751106664463675,0.7488933355363248
P00655,7.1,6.473540007326165,0.6264599926738343
P00656,6.9,7.206233552490016,-0.30623355249001527
P00657,7.7,8.05682700918955,-0.35682700918955046
P00659,4.4,5.032104118616248,-0.6321041186162475
P00660,8.0,7.134467612905816,0.8655323870941842
P00661,6.5,5.178218182866357,1.321781817133643
P00662,5.8,7.397966609016034,-1.5979666090160345
P00664,7.7,7.472320125792541,0.2276798742074595
P00665,8.0,6.842619093183907,1.1573809068160932
P00666,6.0,6.435024953191814,-0.4350249531918138
P00667,6.3,6.018480356360669,0.2815196436393306
P00668,8.8,7.895776199428517,0.9042238005714838
P00669,7.9,7.573186541327149,0.3268134586728513
P00671,7.0,7.0630044501661455,-0.06300445016614553
P00672,6.0,6.194847089784384,-0.1948470897843837
P00673,6.8,7.730446687541432,-0.9304466875414326
P00674,8.3,8.725635962336488,-0.4256359623364876
P00675,8.5,7.848456319162797,0.6515436808372028
P00676,7.5,6.303454454190079,1.1965455458099212
P00677,6.5,7.092094401573461,-0.592094401573461
P00678,5.5,6.507486767189972,-1.007486767189972
P00679,6.9,6.704827313041946,0.19517268695805434
P00681,6.1,6.337205136050028,-0.23720513605002846
P00682,8.0,7.236218464565089,0.7637815354349113
P00683,5.3,6.239503168599267,-0.9395031685992672
P00684,6.6,5.519305682291488,1.0806943177085113
P00685,6.1,6.721423472797018,-0.6214234727970185
P00686,7.2,7.41649635623901,-0.2164963562390101
P00687,6.0,5.634055597749287,0.36594440225071256
P00689,6.8,7.297489699415386,-0.4974896994153859
P00690,6.4,6.770751151348595,-0.3707511513485944
P00691,6.7,6.829218032064604,-0.12921803206460414
P00693,7.9,6.144082335439742,1.7559176645602586
P00694,7.6,8.589727837317582,-0.9897278373175826
P00695,7.2,6.9941517771022506,0.20584822289774962
P00697,7.4,7.142775605593634,0.25722439440636613
P00699,6.4,6.977913836472848,-0.577913836472848
P00701,7.0,5.7851266872275975,1.2148733127724025
P00702,6.6,7.276223784822893,-0.6762237848228931
P00703,6.9,6.861364414697545,0.03863558530245559
P00704,6.7,6.425557514375014,0.2744424856249861
P00706,6.9,7.138528001507459,-0.23852800150745868
P00707,7.3,7.154302687876666,0.1456973121233336
P00709,5.8,6.0964540271759295,-0.2964540271759297
P00711,8.4,7.95750559009609,0.44249440990391076
P00712,7.8,8.206872205612394,-0.4068722056123937
P00713,6.8,6.616017819654831,0.18398218034516844
P00714,4.4,5.81709095547525,-1.41709095547525
P00715,6.0,5.924094583053032,0.07590541694696817
P00716,7.9,7.472319235523471,0.4276807644765297
P00717,7.3,7.88811746209028,-0.5881174620902803
P00720,7.4,6.514339611489805,0.8856603885101952
P00721,6.3,7.3097599532828035,-1.0097599532828037
P00722,9.3,7.674783440472352,1.625216559527649
P00723,9.2,8.655523905983497,0.5444760940165025
P00724,6.8,6.437421900349673,0.36257809965032717
P00725,4.8,5.583821226213369,-0.7838212262133695
P00726,7.0,6.615653316954796,0.38434668304520425
P00727,7.5,7.112122533233584,0.3878774667664162
P00728,7.0,7.28605937326953,-0.2860593732695298
P00730,8.1,7.424883643833845,0.6751163561661544
P00731,8.7,7.149320166729084,1.550679833270915
P00732,7.5,6.777410450032132,0.7225895499678678
P00734,6.9,7.273231239311392,-0.3732312393113917
P00735,6.9,6.703074909328633,0.19692509067136754
P00736,5.9,5.77847645159049,0.12152354840951052
P00737,6.2,6.27238343089237,-0.0723834308923701
P00740,8.2,7.985555236018035,0.21444476398196421
P00741,6.0,6.694067795486911,-0.6940677954869114
P00742,6.4,7.962900446562132,-1.5629004465621312
P00743,7.6,7.5326429278704445,0.0673570721295551
P00744,9.3,8.414914232498084,0.8850857675019164
P00745,7.5,7.375807069609258,0.12419293039074208
P00746,6.7,7.068276521283055,-0.36827652128305477
P00747,9.1,8.946954523043154,0.15304547695684612
P00748,6.7,7.345219945147756,-0.6452199451477556
P00749,9.3,7.46262809014558,1.8373719098544203
P00750,6.8,6.895051163523807,-0.0950511635238076
P00751,6.9,7.028300809637386,-0.12830080963738588
P00752,6.4,6.283543745754562,0.11645625424543837
P00754,7.6,6.996548848283709,0.6034511517162908
P00755,5.9,5.934825658309795,-0.03482565830979478
P00756,8.8,7.746274294009389,1.0537257059906118
P00758,5.7,6.685490948882898,-0.985490948882898
P00759,5.7,6.3806383054967615,-0.6806383054967613
P00760,7.9,8.634230498126655,-0.7342304981266548
P00761,6.7,7.782684755561598,-1.0826847555615977
P00762,6.8,8.052922492066244,-1.2529224920662445
P00764,7.6,7.880487718390455,-0.2804877183904555
P00765,7.5,7.546211369048879,-0.046211369048879014
P00766,7.7,7.588031120703407,0.11196887929659294
P00767,7.1,7.046422112605625,0.053577887394374635
P00768,4.8,5.398888235146116,-0.5988882351461164
P00770,6.6,7.303831546724776,-0.7038315467247767
P00771,8.4,7.249877137670002,1.1501228623299982
P00773,7.2,6.05120026864226,1.14879973135774
P00774,6.2,6.314550623402358,-0.11455062340235767
P00775,5.4,6.141419118453885,-0.7414191184538845
P00776,5.8,6.701686318773156,-0.9016863187731561
P00777,7.4,6.879443409103119,0.5205565908968817
P00778,6.2,6.906360334850614,-0.706360334850614
P00779,7.7,7.921070888844159,-0.22107088884415926
P00781,8.2,7.860815516322649,0.3391844836773501
P00782,6.4,6.140794411366553,0.25920558863344745
P00783,7.7,7.882348815286933,-0.18234881528693325
P00784,6.5,6.685838391827339,-0.18583839182733897
P00785,5.2,5.488874562686949,-0.28887456268694844
P00786,8.3,8.32890365796761,-0.028903657967608964
P00787,5.7,6.847360297768318,-1.1473602977683175
P00788,7.0,7.029004938180473,-0.02900493818047334
P00789,9.0,8.424978438682373,0.5750215613176266
P00790,7.3,7.291251819763557,0.008748180236442415
P00791,6.5,6.81274650398982,-0.3127465039898203
P00792,6.1,6.035698478898682,0.06430152110131804
P00793,7.4,7.433370623112638,-0.03337062311263761
P00794,6.5,6.045948005002473,0.4540519949975268
P00795,7.3,7.519085723592823,-0.21908572359282275
P00796,6.2,6.711160587291896,-0.5111605872918954
P00797,7.1,7.20389304057496,-0.10389304057496052
P00798,4.4,5.372207760022432,-0.9722077600224317
P00799,7.1,7.492561543763534,-0.39256154376353436
P00800,7.7,8.07550001419824,-0.37550001419824053
P00802,5.7,6.001590226964852,-0.3015902269648514
P00803,8.8,7.286231908091298,1.5137680919087027
P00805,8.9,7.486832403657085,1.4131675963429151
P00806,7.2,7.179960796288311,0.02003920371168899
P00807,6.7,6.009005590840054,0.6909944091599458
P00809,5.9,6.851515629653154,-0.9515156296531533
P00810,7.3,5.998053551609544,1.3019464483904555
P00811,6.7,6.868456655767853,-0.1684566557678524
P00813,6.1,6.178388374976183,-0.07838837497618378
P00814,8.6,8.51492358952645,0.0850764104735493
P00815,6.9,7.178756560479595,-0.27875656047959474
P00816,5.6,6.271095092485775,-0.6710950924857757
P00817,8.0,6.387321275360361,1.6126787246396388
P00818,6.9,7.231052484382037,-0.3310524843820364
P00821,6.8,6.985877748228106,-0.18587774822810577
P00824,5.2,5.436808844496897,-0.2368088444968972
P00826,6.6,6.724698837521659,-0.12469883752165956
P00827,6.7,7.077859708024615,-0.3778597080246149
P00828,6.5,7.61779814436318,-1.1177981443631797
P00829,6.9,7.206501365745344,-0.30650136574534326
P00832,6.8,5.8020454633796685,0.9979545366203313
P00833,8.5,8.79632588745584,-0.2963258874558399
P00834,8.0,7.272346972397193,0.7276530276028073
P00836,8.1,8.877169862032742,-0.7771698620327427
P00837,8.0,8.45103344120056,-0.45103344120055944
P00838,8.5,8.298601446684287,0.20139855331571255
P00839,6.6,7.52421301453767,-0.9242130145376706
P00840,8.9,7.795844012445871,1.1041559875541296
P00841,5.7,6.102360103505602,-0.40236010350560214
P00842,6.3,6.657217404728707,-0.3572174047287069
P00843,9.9,8.836477573602897,1.0635224263971033
P00844,7.1,7.140131416855223,-0.04013141685522292
P00845,8.8,8.123753396152535,0.6762466038474653
P00846,7.8,7.318143877616079,0.4818561223839204
P00847,5.2,5.889240549288541,-0.6892405492885407
P00849,6.1,6.756796779385618,-0.6567967793856182
P00850,7.7,8.712151401328718,-1.012151401328718
P00851,7.4,6.7661934721528345,0.6338065278471658
P00854,8.3,8.32706845364986,-0.02706845364985888
P00855,8.9,7.986681410869069,0.913318589130931
P00856,7.0,7.174875814218858,-0.17487581421885778
P00857,7.4,8.067568000283936,-0.6675680002839357
P00859,4.9,5.125885822874048,-0.2258858228740479
P00860,5.0,5.375645549620563,-0.37564554962056285
P00862,8.6,7.929633609653111,0.6703663903468886
P00863,7.8,7.056790038299286,0.743209961700714
P00864,5.6,6.909030360277336,-1.3090303602773368
P00865,8.0,7.552223118635013,0.4477768813649874
P00866,5.6,6.30581342328805,-0.70581342328805
P00867,7.5,7.907657695726471,-0.4076576957264706
P00868,5.8,6.4939595156990295,-0.6939595156990297
P00869,8.8,8.37807800079745,0.42192199920255113
P00870,6.6,6.66054955194189,-0.06054955194189038
P00871,5.3,5.935984348765194,-0.6359843487651942
P00872,6.9,7.017477191747663,-0.11747719174766225
P00873,8.6,8.292492386868167,0.3075076131318326
P00874,7.1,7.672414876562334,-0.572414876562334
P00875,6.8,7.244826381368233,-0.44482638136823294
P00877,8.4,7.251767516816569,1.1482324831834312
P00880,5.8,6.02562811996938,-0.2256281199693806
P00882,6.7,6.548570551435283,0.15142944856471718
P00883,6.3,6.926692998212459,-0.6266929982124596
P00884,7.2,7.151790995639521,0.048209004360479035
P00885,4.1,5.059607107130603,-0.9596071071306032
P00886,6.4,6.737332748134814,-0.3373327481348136
P00887,5.2,5.7028375509375495,-0.5028375509375493
P00888,7.9,7.608435788754008,0.2915642112459924
P00889,5.8,6.927198519572257,-1.1271985195722571
P00890,6.4,6.648900049816674,-0.24890004981667335
P00891,7.7,7.1487152152040325,0.5512847847959677
P00892,6.8,7.240578983425443,-0.44057898342544277
P00893,7.4,6.841593514721799,0.5584064852782014
P00894,7.7,7.500853522319544,0.1991464776804559
P00895,6.9,6.123421921281068,0.7765780787189325
P00896,7.6,6.99199450696908,0.6080054930309196
P00897,8.0,7.645366023000545,0.3546339769994553
P00898,7.3,7.554365041607731,-0.25436504160773143
P00899,7.1,7.7638439380886,-0.6638439380886005
P00900,6.5,6.575565278314008,-0.07556527831400839
P00901,5.5,5.5061770375482375,-0.006177037548237507
P00902,6.8,6.788582362384539,0.011417637615460663
P00903,7.6,8.189639100229348,-0.5896391002293484
P00904,7.8,7.052143868022236,0.7478561319777635
P00905,8.4,8.034234471433761,0.36576552856623934
P00906,6.1,6.5012035441280895,-0.4012035441280899
P00907,8.0,7.551852446578942,0.44814755342105794
P00908,6.2,6.901346093041212,-0.7013460930412121
P00909,9.6,8.506193257971955,1.093806742028045
P00910,6.7,6.709684573107323,-0.009684573107322514
P00911,7.8,7.554444489226938,0.2455555107730616
P00912,7.5,8.485132053166978,-0.9851320531669785
P00913,5.3,6.170769013653457,-0.8707690136534572
P00914,8.2,7.849553240180358,0.3504467598196417
P00915,6.8,7.314110395543987,-0.5141103955439874
P00917,8.5,7.88737584582427,0.6126241541757302
P00918,5.6,5.4895338617935625,0.11046613820643714
P00919,9.1,8.545262448910155,0.5547375510898451
P00921,7.6,7.216231896641545,0.383768103358455
P00922,7.6,7.398691825639148,0.20130817436085202
P00923,6.8,7.756394100953538,-0.9563941009535384
P00924,8.5,7.44645296835432,1.0535470316456799
P00926,6.1,6.894505740873416,-0.794505740873416
P00927,7.9,6.9199566370523,0.9800433629477006
P00928,6.5,6.4804230308385335,0.01957696916146645
P00929,6.2,6.632776924337049,-0.4327769243370492
P00931,5.2,5.734146797618524,-0.5341467976185239
P00932,8.5,8.697781358991127,-0.19778135899112748
P00934,7.7,8.974690676724,-1.274690676724
P00935,7.6,7.044280711804372,0.5557192881956272
P00936,6.8,6.638167157538188,0.16183284246181184
P00937,7.7,8.352628864429535,-0.652628864429535
P00938,6.4,6.7767689676602645,-0.37676896766026413
P00939,6.5,6.936282891778304,-0.4362828917783039
P00940,7.0,6.720096648954292,0.27990335104570807
P00941,8.2,6.326416367912239,1.87358363208776
P00943,5.2,5.115735522786004,0.08426447721399644
P00944,7.1,6.288091930497157,0.8119080695028424
P00945,5.5,5.8286103723690905,-0.3286103723690905
P00946,7.5,8.511917887152888,-1.0119178871528884
P00947,5.8,5.42710999308011,0.3728900069198895
P00948,7.2,6.938043582178467,0.26195641782153345
P00949,8.0,7.304984459792861,0.6950155402071392
P00951,6.8,6.348482113833503,0.4515178861664966
P00952,8.1,7.715192803587588,0.384807196412412
P00954,6.3,6.627820905744216,-0.3278209057442165
P00956,6.0,7.2205229702317,-1.2205229702317002
P00957,6.8,6.911958570412534,-0.11195857041253454
P00958,8.2,7.848815114315188,0.35118488568481165
P00960,9.3,8.207103161520283,1.0928968384797173
P00961,5.7,6.062644171629544,-0.3626441716295439
P00963,10.0,8.783858690826127,1.2161413091738726
P00964,8.0,8.3208141660307,-0.3208141660307007
P00966,6.2,6.876189633800375,-0.6761896338003748
P00968,7.0,6.83099251178856,0.16900748821143985
P00969,6.1,5.813494182558584,0.2865058174414159
P00970,7.8,7.479033081953661,0.3209669180463388
P00971,9.7,8.645744329542424,1.0542556704575752
P00972,8.3,7.888435934339305,0.4115640656606958
P00974,7.7,8.034836571876316,-0.3348365718763153
P00975,7.9,7.710535619378058,0.18946438062194204
P00976,7.4,8.215215931852072,-0.8152159318520713
P00978,7.3,6.777538999826505,0.5224610001734948
P00979,5.6,5.561872264788443,0.03812773521155677
P00980,8.6,8.319616032317484,0.28038396768251594
P00981,6.0,6.922997478681273,-0.9229974786812729
P00982,7.2,7.383886587107939,-0.18388658710793848
P00983,8.3,7.599973073501641,0.7000269264983601
P00984,6.4,6.865519855046709,-0.46551985504670856
P00985,7.5,7.492341846009436,0.0076581539905635765
P00987,7.0,6.828191537547038,0.17180846245296166
P00988,6.5,5.905222682374556,0.5947773176254438
P00989,8.5,7.482981234967536,1.0170187650324642
P00990,6.5,7.244808958756305,-0.7448089587563054
P00991,6.4,7.412055897568006,-1.0120558975680058
P00993,4.9,5.125251901225466,-0.2252519012254659
P00994,8.4,6.613763379193897,1.7862366208061031
P00995,9.2,7.691353943313211,1.5086460566867883
P00996,6.7,7.245923622976315,-0.5459236229763151
P00997,6.5,6.473799833036244,0.026200166963755933
P00998,7.0,6.991677665324596,0.008322334675404441
P01000,7.0,5.619302730536973,1.3806972694630266
P01001,8.4,7.842539598660419,0.557460401339581
P01002,7.1,6.595525843357715,0.504474156642285
P01003,7.3,7.475628069901797,-0.1756280699017969
P01004,7.7,7.015679085498139,0.6843209145018614
P01005,7.9,7.091051441288792,0.808948558711208
P01006,5.3,6.1861554875707405,-0.8861554875707407
P01007,6.6,6.119912563041185,0.48008743695881506
P01009,7.5,7.214528418995133,0.2854715810048667
P01010,7.2,6.856298964968766,0.34370103503123417
P01011,6.2,6.431442017802397,-0.23144201780239726
P01012,5.9,6.384944531216711,-0.4849445312167102
P01013,7.7,7.698902353075992,0.0010976469240082665
P01014,6.2,5.7842752488069324,0.41572475119306773
P01015,8.0,6.901617373664206,1.0983826263357939
P01016,7.4,6.839031878913521,0.5609681210864794
P01018,7.9,7.647542732587745,0.2524572674122556
P01019,8.4,8.123457662992664,0.27654233700733677
P01020,5.0,5.7238545940599215,-0.7238545940599215
P01022,5.9,6.445983791912874,-0.5459837919128736
P01023,7.6,7.0151952525395815,0.5848047474604181
P01024,9.1,8.02985487560839,1.07014512439161
P01026,7.3,6.933507491105043,0.36649250889495644
P01027,6.9,5.880708223498654,1.0192917765013467
P01029,8.5,8.195152162439147,0.3048478375608532
P01030,7.3,8.26615437030931,-0.9661543703093107
P01031,8.6,8.310858478813376,0.2891415211866235
P01032,5.7,5.155114081665785,0.5448859183342147
P01033,6.1,6.841387953060728,-0.7413879530607286
P01034,5.7,6.166535303268092,-0.4665353032680919
P01035,7.4,7.879107001773367,-0.4791070017733663
P01036,5.0,5.216064723381188,-0.2160647233811881
P01037,8.0,8.388986787202656,-0.388986787202656
P01040,6.9,7.558114373773894,-0.6581143737738939
P01041,7.8,8.037802269327491,-0.23780226932749127
P01043,5.7,6.344571789386282,-0.6445717893862817
P01044,7.4,7.519207585411202,-0.11920758541120158
P01045,7.1,7.414300605443055,-0.31430060544305505
P01046,5.2,7.188701199152684,-1.9887011991526835
P01047,7.1,6.906966217772386,0.19303378222761403
P01048,7.1,6.373516463853127,0.7264835361468727
P01050,7.0,7.508661477688406,-0.5086614776884062
P01052,8.1,6.936000739034134,1.1639992609658654
P01054,7.2,6.634132332248808,0.565867667751192
P01056,6.5,6.426657247429164,0.07334275257083611
P01057,7.8,7.561261586506033,0.23873841349396674
P01058,6.0,6.661956537286341,-0.6619565372863407
P01059,5.6,7.148381667293245,-1.5483816672932456
P01060,7.4,7.972525978391509,-0.5725259783915089
P01061,6.2,6.09968796943742,0.10031203056257976
P01062,7.8,7.303802357756774,0.49619764224322616
P01063,8.6,8.164236730115595,0.4357632698844043
P01064,6.8,7.838842732757641,-1.038842732757641
P01065,7.3,6.47957209216368,0.8204279078363195
P01066,6.1,6.13560226242579,-0.03560226242579034
P01067,8.4,7.517713563239224,0.8822864367607766
P01068,5.5,5.246030844120689,0.2539691558793109
P01069,8.4,7.713218344372782,0.6867816556272182
P01070,9.1,8.938638330806826,0.16136166919317319
P01071,6.9,7.354601257247743,-0.4546012572477425
P01072,8.7,8.269759897986035,0.4302401020139648
P01073,6.7,7.334500373891543,-0.6345003738915427
P01074,8.1,7.520054005400203,0.5799459945997967
P01075,5.0,6.400829413650308,-1.4008294136503077
P01076,6.2,7.253837223872328,-1.0538372238723275
P01077,6.2,7.093210546215605,-0.893210546215605
P01078,7.5,7.139363485676584,0.36063651432341626
P01079,4.7,6.0630411910129824,-1.3630411910129823
P01080,8.1,6.858193944116916,1.2418060558830835
P01081,9.3,8.612504601377246,0.6874953986227545
P01082,7.5,6.651229819866645,0.8487701801333554
P01083,7.0,7.3865520778059,-0.3865520778059004
P01084,6.3,6.292464930647308,0.007535069352691437
P01086,7.5,7.029984468113781,0.4700155318862187
P01087,8.4,8.0042943799228,0.3957056200771998
P01088,9.3,9.13653550508536,0.1634644949146402
P01089,7.3,6.313855331074771,0.9861446689252285
P01091,8.0,7.561148660119786,0.4388513398802143
P01092,7.7,7.33581072199132,0.3641892780086806
P01093,7.7,7.561348120134717,0.13865187986528316
P01094,7.4,7.233361760160403,0.1666382398395969
P01095,7.0,6.593961773877524,0.406038226122476
P01097,5.8,5.139305087115959,0.6606949128840407
P01098,7.7,7.40306976448235,0.2969302355176504
P01099,7.2,7.66333676958476,-0.46333676958475944
P01100,6.1,6.135656064759899,-0.03565606475989913
P01101,6.7,7.203955081431395,-0.5039550814313944
P01102,8.1,8.269680768075613,-0.1696807680756134
P01103,7.1,8.292698305278702,-1.192698305278702
P01104,6.1,6.580572353301512,-0.48057235330151205
P01105,8.6,7.555049159124612,1.044950840875388
P01106,7.1,7.152032731070893,-0.052032731070893234
P01107,5.4,5.461912970797268,-0.061912970797267874
P01109,9.2,8.0786192242049,1.1213807757950995
P01110,6.4,6.584868384972652,-0.1848683849726518
P01111,8.2,7.06333290656533,1.136667093434669
P01113,8.7,8.070010034737347,0.6299899652626522
P01115,9.4,8.698992561255086,0.7010074387449148
P01116,7.5,7.770725319633922,-0.27072531963392166
P01118,7.9,7.951442967987126,-0.051442967987125776
P01119,6.2,6.204665481856559,-0.004665481856559239
P01120,5.7,6.3235657685187725,-0.6235657685187723
P01122,7.4,6.701167596868843,0.6988324031311572
P01123,9.0,8.506633371191183,0.49336662880881654
P01125,4.9,5.945335309171168,-1.0453353091711675
P01126,6.1,6.439551726496511,-0.3395517264965111
P01127,6.6,6.583925370364862,0.016074629635137505
P01128,6.5,6.387830784629614,0.11216921537038615
P01129,8.3,7.4409270125194595,0.8590729874805412
P01131,7.6,7.267385372678545,0.33261462732145475
P01134,9.1,8.059471905085644,1.0405280949143556
P01135,9.6,7.703075094957112,1.896924905042888
P01136,8.6,9.023933764972243,-0.42393376497224367
P01137,6.8,7.100635554463246,-0.30063555446324575
P01139,9.1,8.509173427390671,0.5908265726093287
P01140,7.5,7.705594987384648,-0.20559498738464832
P01141,6.1,6.1094987042057385,-0.00949870420573884
P01142,7.2,7.130917881549672,0.06908211845032852
P01143,8.6,7.953553014669437,0.646446985330563
P01144,8.4,8.296015601729238,0.10398439827076267
P01145,7.7,7.897167594733626,-0.19716759473362622
P01149,8.5,9.404480377758896,-0.9044803777588957
P01151,9.2,8.811194213230653,0.3888057867693462
P01153,8.4,7.330084034397514,1.069915965602486
P01155,8.6,7.92625734557912,0.67374265442088
P01156,8.2,8.160823867344142,0.03917613265585729
P01157,8.5,7.335736809784609,1.164263190215391
P01158,6.0,7.608759215240052,-1.6087592152400516
P01159,5.6,6.49623112144586,-0.8962311214458607
P01160,6.7,7.7315995519411,-1.0315995519410999
P01161,8.6,7.266619154162631,1.333380845837369
P01162,8.8,7.308240724522077,1.491759275477924
P01163,7.8,7.571701106066992,0.22829889393300817
P01164,7.7,7.513374359173875,0.18662564082612487
P01165,7.2,7.704268832421766,-0.5042688324217659
P01166,8.9,7.466525391371443,1.4334746086285577
P01167,6.0,7.155501308377367,-1.1555013083773673
P01169,7.5,6.753345784889276,0.7466542151107243
P01170,9.1,7.24053484561944,1.85946515438056
P01172,6.7,7.215272086809715,-0.5152720868097145
P01173,7.1,6.794004535863223,0.30599546413677636
P01174,6.1,6.150469769545992,-0.050469769545991916
P01175,6.9,6.799763905134707,0.10023609486529317
P01176,7.5,6.785948716717027,0.7140512832829726
P01177,7.1,6.7505958548545335,0.34940414514546614
P01178,5.5,7.320578900334577,-1.820578900334577
P01179,6.8,7.297483034235295,-0.4974830342352954
P01180,7.3,7.908083842143326,-0.6080838421433263
P01181,7.8,7.065744402127537,0.7342555978724628
P01182,6.4,6.838793458629579,-0.4387934586295783
P01183,6.2,6.899806360330135,-0.6998063603301352
P01184,7.6,7.172016343487832,0.4279836565121675
P01185,7.7,7.820634541312977,-0.12063454131297657
P01186,7.8,6.853950203421139,0.946049796578861
P01188,6.4,6.844236627425943,-0.4442366274259424
P01189,7.9,7.716161122994938,0.18383887700506207
P01191,8.4,8.21712104349897,0.18287895650103003
P01192,6.5,6.970487222840899,-0.47048722284089894
P01193,6.6,6.582703131144995,0.01729686885500481
P01194,6.2,7.618913812620034,-1.4189138126200342
P01195,6.3,6.268133061967455,0.03186693803254492
P01196,7.7,6.744393064608167,0.9556069353918328
P01198,7.6,7.674529014126216,-0.07452901412621671
P01199,6.0,6.2607214984895965,-0.26072149848959647
P01200,8.0,8.107204676103926,-0.10720467610392603
P01202,6.4,6.511770553617059,-0.11177055361705879
P01203,9.2,9.07636435182046,0.12363564817953865
P01205,7.1,5.445940101144407,1.6540598988555928
P01206,6.2,6.297156324381562,-0.09715632438156163
P01209,5.3,4.999730380401672,0.30026961959832743
P01210,6.9,6.417530417371717,0.48246958262828343
P01212,7.5,6.495747430451423,1.0042525695485773
P01213,6.4,7.463925200956333,-1.0639252009563327
P01215,6.3,6.518759660144033,-0.21875966014403314
P01216,6.1,6.735714044987468,-0.6357140449874681
P01217,6.4,7.991199998599765,-1.5911999985997642
P01219,6.6,7.875727314427796,-1.2757273144277965
P01220,7.1,7.397567473847501,-0.2975674738475016
P01222,8.6,8.255749798693493,0.3442502013065063
P01223,8.7,7.6131828632940675,1.0868171367059318
P01224,8.3,6.941912123702017,1.3580878762979838
P01225,6.2,7.428884764023821,-1.228884764023821
P01226,7.9,8.290722595203116,-0.3907225952031155
P01227,5.2,5.969488215643322,-0.7694882156433218
P01228,8.5,7.335415823664782,1.164584176335218
P01229,7.7,7.1742519744150295,0.5257480255849707
P01230,6.5,6.785988010224921,-0.28598801022492104
P01231,8.5,8.260482332831486,0.23951766716851353
P01233,8.4,7.914241919304725,0.48575808069527504
P01235,7.0,7.064090917373938,-0.0640909173739379
P01237,6.4,5.873901367281986,0.5260986327180142
P01238,8.3,8.081813439924602,0.21818656007539872
P01240,6.3,7.409039151101036,-1.1090391511010358
P01241,6.8,6.88754794161598,-0.08754794161598056
P01242,6.9,7.26424025406315,-0.36424025406314975
P01244,7.2,7.492511714625118,-0.2925117146251175
P01245,6.6,5.9993922984103145,0.6006077015896851
P01246,5.6,6.997976530365005,-1.3979765303650051
P01248,6.8,7.326021423886306,-0.5260214238863066
P01250,5.9,6.531571210391721,-0.631571210391721
P01251,7.2,7.781138748266058,-0.5811387482660582
P01253,10.0,7.929435122257187,2.0705648777428127
P01254,5.0,5.8632238831192165,-0.8632238831192165
P01255,5.7,6.726997444925104,-1.0269974449251036
P01256,9.7,9.449147451029646,0.2508525489703537
P01257,6.7,6.000956965299515,0.6990430347004848
P01258,7.9,6.523294881366057,1.376705118633943
P01259,7.5,7.745355190716876,-0.24535519071687606
P01260,7.8,7.975411288486836,-0.17541128848683574
P01262,6.8,6.600357696284663,0.1996423037153372
P01263,7.5,6.306204969106462,1.1937950308935381
P01264,8.4,7.700194393328989,0.6998056066710117
P01265,7.1,6.921898398460999,0.17810160153900068
P01266,5.6,5.374951699822505,0.22504830017749455
P01267,7.5,7.065444692415701,0.43455530758429894
P01270,5.6,5.820636548561531,-0.22063654856153114
P01272,6.6,5.733217796767097,0.8667822032329022
P01273,8.5,7.567946285106698,0.9320537148933017
P01274,6.9,6.685025422318391,0.214974577681609
P01275,8.6,7.676415848463627,0.9235841515363727
P01277,8.8,8.33252355578015,0.4674764442198516
P01278,6.4,6.983778226169869,-0.5837782261698683
P01279,6.7,7.054848438489509,-0.3548484384895092
P01280,7.6,7.392850396223253,0.20714960377674707
P01281,5.9,6.715682326927513,-0.8156823269275124
P01282,6.8,6.741887406111408,0.05811259388859202
P01283,8.1,8.12014438629222,-0.020144386292219707
P01285,5.7,6.606812000430972,-0.9068120004309721
P01286,6.9,6.96414103174826,-0.06414103174825936
P01287,5.4,6.3566511841531765,-0.9566511841531762
P01289,7.2,6.7685369786412215,0.4314630213587787
P01291,7.8,7.436055700975989,0.36394429902401093
P01292,7.9,8.400491781511924,-0.5004917815119239
P01293,8.7,8.110539703101345,0.589460296898654
P01294,7.7,7.639451734754695,0.060548265245305544
P01295,8.0,9.138944335810171,-1.1389443358101712
P01296,6.8,6.305260527009806,0.4947394729901937
P01297,9.0,9.125878394241417,-0.12587839424141656
P01298,6.8,7.24305940077635,-0.44305940077634975
P01299,6.1,5.989428665066559,0.11057133493344029
P01300,5.6,6.611818107581165,-1.0118181075811652
P01301,6.1,6.7285233741012105,-0.6285233741012108
P01302,8.2,7.717248736302643,0.4827512636973559
P01303,6.6,6.317508836685026,0.28249116331497337
P01304,7.0,6.550582553619415,0.44941744638058534
P01305,7.2,6.922550122849574,0.2774498771504259
P01306,8.9,8.484010781856393,0.4159892181436078
P01307,9.2,8.454286104090023,0.7457138959099758
P01309,9.1,8.722983272472927,0.3770167275270726
P01311,4.2,4.535837081914353,-0.33583708191435324
P01313,7.7,7.381423244927509,0.31857675507249095
P01314,7.3,6.206042262259629,1.0939577377403706
P01316,8.6,7.882549400798435,0.7174505992015643
P01317,10.0,9.492112844220529,0.5078871557794713
P01318,6.9,7.382119336201537,-0.4821193362015368
P01319,8.2,8.072490720476814,0.12750927952318492
P01320,6.9,6.760445188425117,0.13955481157488325
P01321,4.7,5.514839788846996,-0.8148397888469958
P01322,7.5,6.984825784731335,0.5151742152686651
P01323,4.5,5.64713949333991,-1.1471394933399104
P01324,6.1,6.208212401682503,-0.10821240168250323
P01325,5.8,5.435829479380859,0.36417052061914124
P01326,6.9,7.255797176347323,-0.35579717634732244
P01328,8.1,7.280330144526186,0.8196698554738138
P01329,6.0,5.594571506378898,0.4054284936211019
P01330,5.9,5.663926940408858,0.236073059591142
P01331,5.8,5.543656264184543,0.2563437358154568
P01334,7.5,7.012897361003986,0.4871026389960136
P01335,6.8,7.419765068694974,-0.6197650686949743
P01336,5.9,5.572442081519935,0.327557918480065
P01337,8.2,8.704081205550725,-0.504081205550726
P01338,6.1,5.454894648091954,0.6451053519080459
P01340,6.6,6.376357714527843,0.22364228547215692
P01342,4.5,5.525446475015899,-1.0254464750158991
P01344,6.6,6.465751688294161,0.1342483117058384
P01345,8.3,8.878591333352222,-0.5785913333522217
P01347,8.1,7.165927617921036,0.9340723820789636
P01348,7.6,7.537793568647788,0.06220643135221149
P01349,6.7,6.800468213036981,-0.10046821303698117
P01350,7.4,8.410654615097448,-1.0106546150974474
P01351,6.7,6.818563441118736,-0.11856344111873618
P01352,7.4,5.778194103253345,1.6218058967466558
P01353,6.7,7.0065595587602925,-0.3065595587602923
P01354,6.3,7.037040925566052,-0.7370409255660526
P01355,6.0,6.755735456030521,-0.7557354560305214
P01358,6.4,6.749909343236375,-0.3499093432363747
P01359,6.4,6.53449902206386,-0.13449902206386
P01360,6.7,7.1756193724612825,-0.4756193724612823
P01361,9.1,8.617344265526363,0.48265573447363685
P01364,5.4,5.56363182014936,-0.16363182014935962
P01365,7.4,7.226328160111782,0.17367183988821822
P01366,8.0,6.793755763490196,1.2062442365098036
P01367,6.6,8.167037618862654,-1.5670376188626545
P01368,7.8,7.825927122246918,-0.02592712224691862
P01369,7.6,7.407329949344493,0.19267005065550702
P01371,7.8,8.174377573374633,-0.37437757337463307
P01372,6.3,6.658185374798495,-0.3581853747984951
P01373,7.2,7.156144174880212,0.04385582511978825
P01374,4.4,5.249443314654195,-0.8494433146541942
P01375,6.4,6.878890446871918,-0.47889044687191795
P01377,6.9,5.996240138715336,0.903759861284664
P01379,4.9,5.689673262215031,-0.7896732622150306
P01380,6.9,6.1974626545778495,0.7025373454221508
P01382,6.9,7.230169201482005,-0.330169201482005
P01383,7.7,6.833172200127662,0.8668277998723379
P01385,8.0,7.542996956089394,0.4570030439106061
P01386,7.2,7.688744397854091,-0.48874439785409063
P01387,6.4,6.844062847276919,-0.4440628472769186
P01388,5.4,5.755077156855869,-0.3550771568558684
P01389,8.1,7.80167028571339,0.29832971428660926
P01390,5.5,6.500417375329322,-1.000417375329322
P01391,7.6,8.259322313388928,-0.6593223133889285
P01392,5.3,6.47461127753204,-1.1746112775320405
P01393,7.8,7.733440203501206,0.06655979649879384
P01394,5.7,6.1371695154321335,-0.43716951543213334
P01395,7.9,8.25292436785975,-0.35292436785974957
P01396,6.5,7.079802765990808,-0.5798027659908076
P01398,5.1,5.958598331884247,-0.858598331884247
P01399,8.6,8.049862825832895,0.5501371741671051
P01400,7.4,7.007499778670318,0.39250022132968265
P01402,7.8,8.58193194017504,-0.7819319401750393
P01405,6.3,6.749160133673423,-0.44916013367342345
P01406,5.2,6.874404923979223,-1.674404923979223
P01407,6.7,6.5429392176166,0.15706078238340027
P01408,6.3,6.165133846198778,0.13486615380122213
P01409,9.1,8.104873048860536,0.9951269511394631
P01410,7.8,7.989191186531954,-0.18919118653195444
P01411,8.6,8.29666851662472,0.3033314833752794
P01412,7.8,7.614045116818802,0.18595488318119813
P01413,6.2,7.067150698971193,-0.8671506989711926
P01414,7.1,7.918475669679168,-0.8184756696791684
P01415,7.7,7.203231561444742,0.4967684385552582
P01416,7.4,7.195716092567344,0.20428390743265634
P01419,5.8,6.59840099618276,-0.7984009961827603
P01420,6.2,5.634756705511051,0.5652432944889494
P01422,8.2,8.197088834506573,0.002911165493426182
P01423,7.8,6.712636056976426,1.0873639430235738
P01424,8.5,7.617600087433718,0.8823999125662816
P01425,8.7,7.438774978712367,1.2612250212876326
P01426,6.2,6.468364376973092,-0.2683643769730919
P01427,7.0,7.545121724591947,-0.5451217245919473
P01428,8.6,6.791683507870852,1.8083164921291477
P01429,5.8,6.818391925769325,-1.0183919257693255
P01430,6.7,7.192194350480546,-0.4921943504805455
P01431,7.4,6.795073077341362,0.6049269226586382
P01432,6.2,6.480785354476199,-0.28078535447619846
P01433,4.5,5.508960674993142,-1.0089606749931423
P01434,4.5,5.236478424313399,-0.7364784243133986
P01435,7.2,7.647969885765653,-0.44796988576565244
P01436,8.4,7.658325533479625,0.7416744665203749
P01438,5.2,5.4762465287711,-0.27624652877110023
P01439,7.4,7.531991548169088,-0.1319915481690872
P01440,8.6,8.96063053766154,-0.36063053766154063
P01441,7.6,6.558122638619952,1.041877361380048
P01443,6.5,6.19798087380642,0.3020191261935796
P01444,6.2,5.484249009419374,0.7157509905806263
P01445,7.8,8.001849854966538,-0.20184985496653862
P01446,6.3,6.780467191695471,-0.48046719169547103
P01447,5.7,5.731189913835516,-0.03118991383551606
P01449,5.0,5.976272828051506,-0.9762728280515063
P01450,7.8,8.667898771498248,-0.8678987714982478
P01451,6.4,4.733873179649804,1.666126820350196
P01452,5.4,5.157305629140316,0.24269437085968448
P01453,8.2,6.591427243180272,1.6085727568197274
P01454,8.3,8.378128694313707,-0.0781286943137065
P01455,6.4,7.20397925208396,-0.8039792520839599
P01456,5.7,6.339376715784391,-0.6393767157843913
P01459,6.3,6.494208162098922,-0.19420816209892244
P01461,7.9,7.743489138678592,0.1565108613214088
P01462,7.8,7.346950395118145,0.45304960488185486
P01463,7.9,6.753869079318691,1.1461309206813093
P01464,8.8,7.826386577809577,0.9736134221904233
P01465,7.4,6.631770309992643,0.7682296900073577
P01466,8.3,6.997490530362552,1.3025094696374486
P01467,7.4,7.503343289751402,-0.10334328975140128
P01468,9.2,8.549416861212515,0.6505831387874839
P01470,8.9,7.719141242485562,1.1808587575144385
P01471,5.5,6.160910767522503,-0.6609107675225028
P01473,5.3,6.133048420683818,-0.8330484206838182
P01474,8.2,7.629734552190419,0.5702654478095806
P01477,7.0,7.141840459216343,-0.14184045921634336
P01478,4.9,6.008296508875377,-1.1082965088753767
P01479,7.4,6.94065277758734,0.45934722241266
P01480,5.9,6.176359918096927,-0.2763599180969267
P01482,6.0,5.787460704531949,0.2125392954680514
P01486,6.7,7.01802956482146,-0.31802956482145994
P01488,7.8,7.388409839112117,0.4115901608878829
P01489,7.8,7.519475442054803,0.2805245579451965
P01491,8.2,8.033070865718688,0.16692913428131106
P01492,5.4,7.150469314607241,-1.7504693146072405
P01493,9.0,9.06018288623099,-0.06018288623099011
P01494,7.0,7.547169696838685,-0.5471696968386848
P01495,7.4,7.249585009971381,0.15041499002861958
P01496,8.5,9.205114260433556,-0.7051142604335556
P01497,6.9,7.2435823019437295,-0.3435823019437292
P01498,6.6,8.017529679526675,-1.417529679526675
P01499,8.2,7.638635364694903,0.5613646353050967
P01500,5.3,6.233413081619796,-0.9334130816197961
P01503,7.0,7.118638862250873,-0.11863886225087317
P01504,8.8,9.234173716384475,-0.4341737163844748
P01505,6.8,6.964651848867684,-0.1646518488676838
P01506,7.9,6.025438007835624,1.8745619921643764
P01507,9.3,8.752784382569626,0.5472156174303748
P01508,5.9,4.758451247627686,1.141548752372314
P01511,5.8,7.639803001607511,-1.8398030016075113
P01512,7.0,6.159856007180629,0.840143992819371
P01513,7.5,7.464597504808965,0.03540249519103522
P01514,7.0,8.0396812083948,-1.0396812083948
P01516,6.4,6.084491384274717,0.31550861572528355
P01517,8.5,7.839037543841925,0.6609624561580754
P01518,5.5,5.288908606970523,0.2110913930294771
P01519,7.3,6.107651485411769,1.1923485145882307
P01520,8.4,6.733779166348365,1.6662208336516358
P01521,5.9,5.792808503925508,0.10719149607449197
P01522,6.9,8.169039004994872,-1.2690390049948714
P01524,7.0,7.612759693217257,-0.6127596932172574
P01526,7.5,6.979639168255902,0.5203608317440978
P01527,7.3,7.521840379857279,-0.22184037985727922
P01528,9.1,8.750132956566828,0.34986704343317143
P01529,5.3,5.704649683475783,-0.40464968347578356
P01531,7.3,8.328100617684823,-1.0281006176848235
P01533,5.9,5.344518914364857,0.5554810856351438
P01535,7.2,5.557973237994017,1.6420267620059832
P01536,8.4,7.80848478561147,0.5915152143885303
P01537,8.0,7.898415570883477,0.10158442911652266
P01538,7.8,7.871196450883056,-0.07119645088305582
P01539,7.4,7.19569256203338,0.20430743796662032
P01540,5.8,6.936868016270795,-1.1368680162707951
P01541,6.0,6.745705172518907,-0.7457051725189068
P01542,6.5,7.027323133935639,-0.5273231339356386
P01543,6.4,6.0762406981032,0.3237593018967999
P01544,9.0,8.971628051426446,0.02837194857355385
P01545,10.0,9.125749572525198,0.8742504274748022
P01547,4.5,6.227408111030591,-1.7274081110305914
P01548,7.0,6.29757590352749,0.7024240964725097
P01549,8.3,7.790765935600305,0.5092340643996955
P01551,5.7,6.507709518774359,-0.8077095187743586
P01552,5.3,6.294800510512291,-0.9948005105122908
P01553,7.4,7.544780228289971,-0.14478022828997084
P01554,7.7,7.049081769487514,0.6509182305124863
P01555,7.3,7.268905017503725,0.03109498249627496
P01556,6.1,5.567639658510797,0.5323603414892029
P01557,5.3,6.639703351610452,-1.339703351610452
P01560,7.6,6.7297801645246125,0.8702198354753872
P01561,6.3,6.108137853487543,0.1918621465124568
P01562,7.4,8.458205655191094,-1.0582056551910934
P01563,6.0,7.190184423844338,-1.1901844238443378
P01564,8.6,7.237537156507827,1.3624628434921728
P01566,6.2,6.296443994604303,-0.09644399460430275
P01567,8.1,7.739683346925734,0.36031665307426586
P01568,7.4,7.693126591868568,-0.2931265918685675
P01569,5.8,6.0199409604276575,-0.21994096042765765
P01570,7.0,7.054303988136171,-0.0543039881361711
P01571,7.3,6.897648671379136,0.4023513286208642
P01572,6.4,7.481679467241862,-1.0816794672418615
P01573,5.9,6.6074304108634845,-0.7074304108634841
P01574,6.8,7.785902954901782,-0.9859029549017819
P01575,6.8,6.021495237518687,0.7785047624813126
P01576,4.8,5.856995946140401,-1.0569959461404013
P01577,8.3,7.945600548236747,0.3543994517632534
P01578,5.2,4.758387375199611,0.4416126248003893
P01579,7.6,8.001850884040682,-0.40185088404068203
P01580,6.8,7.204991730026417,-0.404991730026417
P01581,6.7,7.046569564118293,-0.3465695641182931
P01582,8.5,7.329588727938513,1.1704112720614868
P01583,6.5,6.83154934752022,-0.3315493475202196
P01584,6.5,6.074618104246278,0.42538189575372165
P01585,8.4,7.962002691326489,0.43799730867351094
P01587,7.0,6.675613893653938,0.32438610634606224
P01588,7.9,8.406418357684952,-0.5064183576849519
P01590,6.8,6.425873071204954,0.3741269287950457
P01591,9.0,7.861494139200641,1.1385058607993592
P01592,7.1,7.541104233701184,-0.4411042337011848
P01593,8.2,7.922782211487355,0.2772177885126439
P01594,7.1,5.945054514964934,1.154945485035066
P01595,6.5,7.005843886639143,-0.505843886639143
P01596,7.1,7.968660846229525,-0.8686608462295258
P01597,7.1,6.300986689474865,0.7990133105251349
P01599,6.7,6.34361720692639,0.3563827930736103
P01600,6.7,6.340224925913504,0.359775074086496
P01601,7.5,5.967937081010852,1.5320629189891477
P01603,6.9,6.672187642098672,0.22781235790132826
P01606,7.2,6.832714995271618,0.367285004728382
P01607,6.0,5.725138471539409,0.2748615284605913
P01608,6.7,6.327596184501607,0.3724038154983935
P01610,6.0,6.633042566948899,-0.633042566948899
P01612,7.7,7.69076095339377,0.009239046606229984
P01613,7.7,6.986583786547827,0.7134162134521729
P01614,7.3,6.713333574259169,0.5866664257408312
P01615,7.7,7.005061914525288,0.6949380854747123
P01616,4.7,6.896615593763197,-2.1966155937631973
P01617,7.4,6.653372785852728,0.7466272141472725
P01618,6.9,5.320074171151019,1.5799258288489817
P01619,5.1,7.16973760298533,-2.06973760298533
P01620,6.7,7.23532317470951,-0.53532317470951
P01623,7.5,7.137725098219523,0.36227490178047717
P01624,5.6,5.941212129125141,-0.3412121291251413
P01625,8.0,7.995431962092155,0.004568037907844769
P01626,7.0,7.000011539927876,-1.1539927876391687e-05
P01627,7.7,7.210826944760527,0.4891730552394735
P01628,6.8,6.794509221112201,0.005490778887798697
P01629,6.2,6.165967143821701,0.034032856178298765
P01630,6.5,6.648094643050834,-0.1480946430508343
P01631,6.9,7.615729205628516,-0.7157292056285156
P01633,6.0,6.42920001402773,-0.4292000140277299
P01634,6.6,6.189804815568201,0.4101951844317986
P01636,8.4,7.621326119227242,0.7786738807727582
P01637,7.2,7.203400833602763,-0.003400833602762887
P01638,6.1,6.685186422070734,-0.5851864220707341
P01639,6.2,5.374225236152231,0.825774763847769
P01640,7.6,6.954398434439433,0.6456015655605665
P01641,6.7,6.814091481449801,-0.11409148144980108
P01642,6.1,6.972849019296039,-0.872849019296039
P01643,8.1,7.595049050711792,0.504950949288208
P01644,6.1,6.622152489723546,-0.5221524897235463
P01645,7.1,6.341936827375888,0.7580631726241114
P01646,7.7,7.330951736539402,0.3690482634605985
P01647,6.5,7.252670824695449,-0.752670824695449
P01648,7.7,7.843499385605173,-0.14349938560517295
P01649,8.2,7.915014500769045,0.2849854992309542
P01650,6.8,5.747009384598972,1.0529906154010282
P01651,6.3,7.281389249297248,-0.9813892492972478
P01652,7.2,7.743662127660494,-0.543662127660494
P01653,7.9,7.347435900861474,0.5525640991385261
P01654,8.2,6.814186555717078,1.3858134442829213
P01655,7.6,7.5508597474819,0.04914025251809928
P01656,8.1,6.873821588868498,1.2261784111315013
P01657,8.5,8.18137044765129,0.3186295523487104
P01658,8.5,7.639325585178314,0.8606744148216858
P01659,7.0,6.902944989003701,0.0970550109962991
P01660,7.2,7.585604395324469,-0.385604395324469
P01661,8.7,7.867632819443324,0.832367180556675
P01662,7.2,6.393779320323037,0.8062206796769633
P01663,6.3,8.257734916139208,-1.9577349161392084
P01664,6.6,6.846177354263661,-0.24617735426366139
P01665,5.4,5.566044724568773,-0.1660447245687724
P01666,8.5,7.264918954523401,1.2350810454765986
P01667,6.4,6.469289597515247,-0.06928959751524655
P01668,6.8,6.8608266704578185,-0.06082667045781864
P01669,7.6,6.62925298310065,0.9707470168993497
P01670,7.4,7.946272131184935,-0.546272131184935
P01671,5.0,6.182223612516482,-1.1822236125164816
P01672,8.0,7.688515038806154,0.3114849611938464
P01673,5.5,5.23471914673587,0.2652808532641302
P01674,8.0,7.159197189416413,0.840802810583587
P01675,7.9,7.399467725395017,0.500532274604983
P01676,8.6,8.517137133888012,0.0828628661119879
P01677,9.4,9.04024815555658,0.3597518444434211
P01678,6.1,7.290767329471439,-1.1907673294714396
P01679,7.8,8.112418210037502,-0.31241821003750214
P01680,7.7,7.264490211023284,0.43550978897671655
P01682,6.6,7.021274938620542,-0.42127493862054255
P01683,8.0,7.090485090134418,0.9095149098655817
P01684,6.4,6.325517786700931,0.07448221329906968
P01685,7.9,7.251197018273712,0.6488029817262886
P01686,7.2,6.355455664063467,0.8445443359365328
P01687,9.9,8.491663957740544,1.4083360422594566
P01688,8.3,8.315264423811438,-0.015264423811437666
P01689,6.8,6.979756767066825,-0.17975676706682542
P01690,6.9,7.629435710333396,-0.7294357103333953
P01691,7.6,8.34219130045768,-0.7421913004576801
P01692,7.5,7.27468275362066,0.2253172463793396
P01693,6.4,6.391571821824032,0.008428178175968526
P01697,7.9,8.61175481322557,-0.7117548132255695
P01699,7.0,7.46864644895124,-0.4686464489512403
P01702,6.4,7.270777334520478,-0.8707773345204775
P01704,7.7,7.919131892065945,-0.21913189206594463
P01705,8.3,7.513668601860485,0.7863313981395157
P01706,8.7,8.901650398378015,-0.2016503983780158
P01707,7.7,7.8383247540236285,-0.13832475402362832
P01708,6.6,6.8433008622197145,-0.2433008622197148
P01709,8.4,7.748331480319466,0.6516685196805341
P01710,7.6,7.486453462190938,0.11354653780906165
P01711,7.0,7.400584203420272,-0.400584203420272
P01713,5.4,6.245956556681624,-0.8459565566816236
P01714,7.2,6.7879843911418645,0.4120156088581357
P01715,8.1,7.171077930374096,0.9289220696259033
P01716,7.5,6.741357766887898,0.7586422331121021
P01718,6.9,6.855526579386706,0.0444734206132944
P01719,9.0,8.804069064841773,0.19593093515822702
P01720,8.4,7.994309430735476,0.4056905692645243
P01721,6.6,6.878178829380924,-0.2781788293809244
P01722,4.2,5.223855033628221,-1.0238550336282204
P01723,8.8,7.529594110205165,1.2704058897948354
P01724,6.6,7.624538796043193,-1.0245387960431938
P01726,8.6,7.444812646536661,1.1551873534633383
P01727,5.8,6.677258279227871,-0.8772582792278714
P01728,6.4,7.211260843163322,-0.8112608431633213
P01729,6.2,6.727300897962819,-0.5273008979628191
P01730,6.0,6.293901647884454,-0.2939016478844536
P01731,7.9,8.500970264140411,-0.6009702641404111
P01732,7.4,6.235624966950281,1.1643750330497191
P01733,6.9,7.4017293277109,-0.5017293277108994
P01734,8.1,7.698978620356693,0.4010213796433071
P01735,8.0,7.684771883390072,0.3152281166099282
P01736,8.2,7.976827022673184,0.22317297732681496
P01737,7.1,6.3788456318782725,0.7211543681217272
P01738,7.2,7.136985851876761,0.06301414812323891
P01742,6.5,6.462679696253093,0.03732030374690698
P01743,8.8,7.741743359258033,1.058256640741968
P01744,8.6,7.894990923990319,0.7050090760096808
P01745,6.7,6.492612580935816,0.207387419064184
P01747,5.6,6.852046721918615,-1.2520467219186155
P01749,8.4,7.422889042814901,0.9771109571850998
P01750,7.2,6.666004879283374,0.533995120716626
P01751,6.9,6.583231196941978,0.31676880305802246
P01753,7.7,6.965042037717765,0.7349579622822349
P01754,7.4,7.131057985579408,0.26894201442059273
P01756,6.2,5.806639402028321,0.39336059797167877
P01758,8.5,8.536388426057396,-0.03638842605739612
P01759,8.6,8.4497685561886,0.15023144381139986
P01761,9.0,8.198895962862945,0.8011040371370548
P01762,8.7,8.33860743470947,0.36139256529052943
P01764,7.9,7.325540042768175,0.5744599572318254
P01765,7.4,7.9564824108858945,-0.5564824108858941
P01766,6.6,6.666267222451217,-0.0662672224512173
P01767,7.2,7.74805977505768,-0.5480597750576797
P01768,8.4,9.058187546337097,-0.6581875463370963
P01769,8.4,8.375993902848798,0.02400609715120261
P01770,7.6,7.463782149944764,0.13621785005523535
P01771,8.3,8.002893500827076,0.29710649917292464
P01772,7.0,6.8376308656347895,0.1623691343652105
P01773,7.0,6.324719898162904,0.675280101837096
P01774,7.3,7.598470422018785,-0.29847042201878526
P01775,6.6,5.826903484808592,0.7730965151914075
P01776,5.4,6.284605335884232,-0.8846053358842321
P01777,5.4,6.356232639879245,-0.9562326398792447
P01778,8.6,8.596242511187961,0.00375748881203819
P01779,6.5,7.234576560180389,-0.7345765601803889
P01780,5.7,7.549944533676008,-1.849944533676008
P01781,6.7,6.257421032252671,0.4425789677473295
P01782,7.5,7.590368324324459,-0.09036832432445863
P01783,7.9,7.54296369782034,0.35703630217966076
P01784,6.2,6.222318054438516,-0.0223180544385162
P01785,7.0,7.084152309757156,-0.08415230975715637
P01786,4.9,5.8183950084244325,-0.9183950084244321
P01787,6.4,6.420992100224003,-0.020992100224002996
P01788,4.6,5.246341076905527,-0.6463410769055278
P01789,7.4,8.50199979442321,-1.1019997944232092
P01790,8.7,7.645687998434472,1.0543120015655276
P01791,6.7,7.220002524330907,-0.5200025243309065
P01792,5.8,5.94280434020252,-0.1428043402025203
P01793,7.3,7.541325516362294,-0.24132551636229405
P01794,7.8,7.465213235585706,0.3347867644142939
P01795,6.9,6.820681022723157,0.07931897727684323
P01796,8.4,8.718470103356111,-0.3184701033561108
P01797,6.7,6.003606456364953,0.6963935436350468
P01799,6.5,7.086109032739468,-0.5861090327394676
P01800,7.4,7.140990331593962,0.2590096684060388
P01802,6.4,7.126659770865676,-0.7266597708656759
P01803,6.5,6.106203131483254,0.39379686851674567
P01805,6.8,6.1706463884129805,0.6293536115870193
P01806,6.2,6.941247873880543,-0.7412478738805426
P01807,5.6,6.381482093826163,-0.7814820938261633
P01808,9.4,7.683784239842492,1.7162157601575085
P01809,8.8,8.37787357503183,0.4221264249681713
P01811,5.9,5.918123822266226,-0.018123822266225886
P01812,6.0,6.371331248254094,-0.37133124825409425
P01813,4.9,6.369406600293078,-1.4694066002930777
P01816,7.6,7.20144525240188,0.39855474759811926
P01817,6.9,7.390544041826971,-0.4905440418269702
P01818,8.5,8.171040791827847,0.32895920817215263
P01820,7.9,8.412014589486152,-0.5120145894861512
P01821,7.0,6.689022302797277,0.3109776972027234
P01822,6.2,6.047426959421673,0.15257304057832677
P01823,6.7,6.730603178700032,-0.03060317870003182
P01826,7.1,7.311573241413007,-0.21157324141300737
P01827,9.1,7.839411325659906,1.2605886743400934
P01828,6.2,7.153354965408179,-0.9533549654081792
P01829,7.3,7.26072886155764,0.039271138442360076
P01830,9.1,8.45409211303367,0.6459078869663291
P01832,8.0,7.588384299959672,0.4116157000403282
P01833,6.4,6.976638883602966,-0.5766388836029659
P01834,6.2,6.285467912826807,-0.08546791282680655
P01835,8.5,7.748961310482333,0.7510386895176673
P01837,8.6,7.938960324926713,0.6610396750732868
P01838,6.2,7.089749140237503,-0.8897491402375026
P01840,7.3,7.115661889029774,0.18433811097022623
P01841,6.2,5.893839161083699,0.3061608389163011
P01843,7.5,7.959225747123162,-0.45922574712316244
P01844,8.0,7.909693168304537,0.09030683169546272
P01845,6.5,6.3760784075309065,0.12392159246909351
P01846,7.9,6.836869263250237,1.0631307367497635
P01847,7.5,7.229348593498055,0.27065140650194497
P01848,5.7,5.849331204693739,-0.1493312046937385
P01849,6.5,7.047773761807457,-0.5477737618074574
P01850,8.1,7.92765822082745,0.1723417791725499
P01851,8.8,8.347258413424292,0.4527415865757085
P01852,6.5,8.124469983413393,-1.6244699834133929
P01853,8.6,8.263599957814586,0.33640004218541364
P01854,6.6,7.520954312208621,-0.9209543122086217
P01855,9.0,7.680056373925825,1.319943626074175
P01856,7.9,8.27865659404063,-0.37865659404062946
P01857,6.1,6.273401798224419,-0.17340179822441915
P01858,7.9,7.519542121949927,0.38045787805007336
P01859,6.0,4.9261550883377,1.0738449116622997
P01860,8.4,7.80097548897543,0.5990245110245702
P01861,6.3,7.043682374581872,-0.7436823745818719
P01862,8.6,8.08951500727894,0.5104849927210591
P01863,8.8,8.296918136475906,0.5030818635240948
P01864,7.6,7.514179561382096,0.08582043861790378
P01865,6.7,7.017820325073535,-0.3178203250735345
P01868,7.9,8.474326443149906,-0.5743264431499053
P01869,6.7,6.794489661209201,-0.09448966120920055
P01870,6.4,6.476524661407622,-0.07652466140762204
P01872,6.8,6.734028792383706,0.06597120761629416
P01873,6.9,7.648846615632595,-0.748846615632595
P01874,7.2,7.377536095490995,-0.17753609549099458
P01875,6.5,5.905864923393152,0.5941350766068476
P01877,6.6,6.529468280675569,0.07053171932443103
P01878,7.1,6.612410557282143,0.48758944271785687
P01880,8.0,7.420157172627233,0.5798428273727669
P01881,8.1,7.8837382384874335,0.21626176151256615
P01882,8.6,6.681221668536263,1.918778331463737
P01883,6.5,7.378332562676498,-0.8783325626764977
P01884,4.9,5.269800117237491,-0.3698001172374905
P01887,7.0,7.426838142893341,-0.42683814289334077
P01888,6.8,7.121307260608194,-0.3213072606081946
P01889,9.0,8.245866132868256,0.7541338671317437
P01891,6.7,6.801096349455911,-0.1010963494559105
P01892,8.7,7.661881262379865,1.0381187376201346
P01893,8.2,7.830416634184877,0.36958336581512263
P01894,7.6,8.415373540797333,-0.8153735407973333
P01895,7.0,6.157299461669292,0.8427005383307078
P01896,6.5,7.025622786462553,-0.5256227864625531
P01897,8.2,7.146128848189724,1.0538711518102755
P01899,8.2,6.981444165420184,1.2185558345798153
P01900,7.5,6.103810435542299,1.3961895644577007
P01902,10.0,9.210145899587513,0.7898541004124873
P01903,5.7,6.126852175049558,-0.4268521750495582
P01904,8.4,7.87097182513522,0.5290281748647807
P01905,8.2,9.296042675105513,-1.0960426751055135
P01906,8.0,7.119561845619151,0.8804381543808493
P01907,6.8,6.398016093314509,0.40198390668549067
P01908,6.0,6.3032704424561175,-0.30327044245611745
P01910,7.4,7.000012971827895,0.39998702817210496
P01911,7.7,7.056889861428205,0.643110138571795
P01912,6.8,7.139089634284106,-0.33908963428410654
P01913,7.8,7.054739491934863,0.7452605080651367
P01914,6.1,7.085682330919461,-0.9856823309194613
P01915,6.8,7.208913989063214,-0.4089139890632145
P01916,7.4,7.728246446925918,-0.32824644692591765
P01917,8.8,8.032390882931523,0.7676091170684778
P01918,7.7,6.6834012121698505,1.0165987878301497
P01919,7.6,6.272347463229407,1.327652536770593
P01920,8.3,8.6191810179678,-0.3191810179678001
P01921,6.9,7.453758088379874,-0.5537580883798734
P01922,7.4,7.620383086485921,-0.22038308648592064
P01923,6.4,7.12894004396429,-0.7289400439642897
P01924,7.6,7.515001650491066,0.08499834950893348
P01926,7.6,8.051282244414653,-0.4512822444146529
P01928,6.3,6.896581393232384,-0.596581393232384
P01929,7.9,7.2174506712619,0.6825493287381006
P01930,7.8,6.858482250890128,0.9415177491098721
P01931,5.6,6.188583398757863,-0.588583398757863
P01933,6.4,6.565518713352654,-0.1655187133526539
P01934,6.0,6.837232324961638,-0.8372323249616382
P01935,7.9,8.336307770251647,-0.4363077702516467
P01936,7.7,7.799303039563443,-0.09930303956344311
P01939,7.5,6.900672155180883,0.5993278448191166
P01940,5.2,5.920033614323913,-0.7200336143239126
P01941,6.2,6.651569534367932,-0.45156953436793223
P01942,7.9,8.180661164514683,-0.28066116451468304
P01944,7.0,6.96555610127105,0.03444389872895037
P01945,8.2,7.825223814258657,0.3747761857413421
P01946,6.1,5.453391335011711,0.646608664988289
P01947,5.8,6.028377627598463,-0.22837762759846303
P01948,6.0,6.394756220156784,-0.3947562201567836
P01949,6.9,7.491796906372171,-0.5917969063721706
P01950,7.3,7.170085528331319,0.12991447166868042
P01951,7.1,6.485521851780867,0.614478148219133
P01952,8.2,6.969781068358019,1.2302189316419803
P01953,9.4,7.446124618789963,1.9538753812100378
P01955,7.4,6.135017912178663,1.2649820878213376
P01956,6.5,7.090210757412898,-0.5902107574128976
P01957,6.8,7.272710224065994,-0.4727102240659944
P01958,7.0,5.931478591513152,1.0685214084868484
P01960,6.4,6.318264268731061,0.08173573126893974
P01962,8.2,8.8439551443185,-0.6439551443185003
P01963,6.4,6.481803296830802,-0.08180329683080156
P01964,7.8,6.733490318795994,1.066509681204006
P01965,8.8,7.805922887495141,0.9940771125048595
P01966,7.2,7.358466810896237,-0.15846681089623704
P01967,6.8,6.561470850916681,0.2385291490833188
P01968,9.0,8.584580819462136,0.41541918053786375
P01969,6.5,7.376966941164618,-0.8769669411646177
P01970,7.6,7.358498850824597,0.24150114917540222
P01971,8.0,7.613793396309477,0.38620660369052295
P01972,6.6,6.944681066986452,-0.3446810669864524
P01973,6.9,6.24897131063189,0.6510286893681103
P01974,7.2,6.453363058782479,0.7466369412175213
P01976,7.6,7.085700040524707,0.5142999594752924
P01977,6.0,6.35962777078529,-0.3596277707852904
P01979,6.9,7.365387265251218,-0.4653872652512172
P01980,6.3,6.200985688473703,0.0990143115262967
P01981,5.9,7.120087979998294,-1.2200879799982935
P01983,6.5,7.04111695088235,-0.5411169508823503
P01984,4.9,5.946511722177966,-1.046511722177966
P01985,8.4,8.026820610916563,0.37317938908343784
P01986,7.8,7.034698388309834,0.7653016116901661
P01987,8.9,7.646600521583889,1.253399478416111
P01988,6.0,6.356027632996824,-0.35602763299682394
P01990,8.1,8.225874974978359,-0.12587497497835898
P01991,7.9,8.252026695482243,-0.35202669548224286
P01992,7.4,7.575653549290247,-0.17565354929024668
P01993,8.0,7.924503206333395,0.07549679366660467
P01994,6.2,6.965411226014403,-0.765411226014403
P01995,7.1,7.388288558088592,-0.2882885580885928
P01996,5.6,5.932833933770363,-0.3328339337703632
P01999,7.6,7.5959838865282,0.004016113471799976
P02000,7.0,7.776515446094386,-0.7765154460943862
P02001,5.7,6.907091960820541,-1.2070919608205406
P02002,6.5,6.698514564809794,-0.1985145648097939
P02003,5.8,6.41673934393736,-0.6167393439373603
P02004,7.7,7.209397715534576,0.49060228446542453
P02005,5.9,5.862187661225285,0.03781233877471557
P02008,6.8,6.847107793507284,-0.047107793507284335
P02009,8.2,7.290011738548802,0.9099882614511969
P02010,7.3,7.120141586672801,0.17985841332719854
P02011,6.9,6.992368506655621,-0.09236850665562102
P02012,7.2,7.017454089886972,0.1825459101130278
P02013,7.5,7.638120806090693,-0.13812080609069266
P02016,6.7,6.472248997696911,0.22775100230308887
P02017,8.0,7.590238923258436,0.4097610767415638
P02018,6.7,6.486749516053068,0.2132504839469318
P02019,7.9,7.463182272646742,0.4368177273532581
P02020,6.9,7.301863949786633,-0.401863949786633
P02021,7.5,7.230485285411969,0.26951471458803056
P02022,8.5,8.147642613436846,0.3523573865631544
P02024,7.2,7.226153070601173,-0.02615307060117278
P02025,6.5,7.065127249338306,-0.5651272493383059
P02026,7.2,7.704647661410373,-0.504647661410373
P02027,8.7,7.983351443355902,0.7166485566440972
P02028,8.5,8.502980061531773,-0.0029800615317725487
P02030,5.6,6.712872265286214,-1.1128722652862146
P02032,8.0,8.330774726559643,-0.3307747265596426
P02033,5.5,6.716640424925629,-1.2166404249256288
P02034,7.2,8.364102256841095,-1.1641022568410948
P02035,7.7,7.5624250058318205,0.13757499416817964
P02036,6.5,6.658103288998525,-0.15810328899852522
P02037,7.6,7.202664862228307,0.3973351377716927
P02038,5.2,6.356254153382021,-1.1562541533820205
P02039,9.3,8.053225939240619,1.2467740607593818
P02040,6.5,6.137051783295816,0.36294821670418376
P02041,5.3,5.7235862415127565,-0.4235862415127567
P02042,7.9,7.680607015838176,0.21939298416182407
P02043,6.6,6.003695873797083,0.5963041262029165
P02044,6.7,7.6534801455351005,-0.9534801455351003
P02046,7.8,7.827850499663985,-0.027850499663984785
P02047,8.9,7.896280810093156,1.0037191899068443
P02048,7.3,6.89531341849351,0.40468658150648995
P02049,7.4,6.983197366100167,0.41680263389983363
P02051,7.7,6.951922892635374,0.748077107364626
P02053,5.2,6.436898559472143,-1.2368985594721424
P02054,8.1,8.031451761808226,0.06854823819177369
P02055,7.5,8.2339607860966,-0.7339607860966009
P02056,6.3,5.895495225898869,0.40450477410113095
P02057,6.7,6.986518874626351,-0.28651887462635095
P02058,9.0,8.698811229219345,0.3011887707806551
P02059,6.0,5.545548091222924,0.4544519087770764
P02060,6.1,6.562799547282649,-0.46279954728264894
P02061,4.4,6.038801656978203,-1.6388016569782025
P02062,7.1,6.809358743159045,0.29064125684095465
P02063,6.7,6.480762396373372,0.21923760362662836
P02064,7.6,8.876345231741347,-1.276345231741347
P02065,5.8,6.047226424498301,-0.2472264244983009
P02066,7.5,6.900590635220237,0.5994093647797634
P02067,7.6,8.082994344555297,-0.48299434455529777
P02068,6.3,6.9179281273922495,-0.6179281273922497
P02069,6.8,6.336790355644186,0.463209644355814
P02070,4.8,5.204662679518868,-0.4046626795188679
P02071,9.3,8.76269622383289,0.5373037761671107
P02072,6.9,6.107846936894306,0.7921530631056948
P02073,4.5,5.242498223564191,-0.7424982235641906
P02074,8.8,7.804512148059164,0.9954878519408368
P02075,4.7,6.285034360854397,-1.5850343608543964
P02076,8.2,7.110056687646457,1.089943312353542
P02077,6.8,6.722008844174639,0.07799115582536054
P02078,6.3,6.879133712266544,-0.5791337122665441
P02079,6.7,6.482620165749234,0.21737983425076646
P02080,6.0,6.01273813620488,-0.012738136204879957
P02081,7.0,7.082991167699744,-0.08299116769974368
P02082,7.5,7.047972378407372,0.4520276215926282
P02083,5.0,6.036549428888997,-1.0365494288889971
P02084,4.9,6.481878830072446,-1.581878830072446
P02085,10.0,9.121519631297408,0.8784803687025917
P02086,7.9,7.933978472116728,-0.03397847211672733
P02087,7.2,6.817679313798152,0.3823206862018482
P02088,9.3,9.289265333382126,0.010734666617874922
P02089,6.5,7.4044880831064415,-0.9044880831064415
P02091,7.2,6.660296590309645,0.5397034096903548
P02095,6.6,7.732191948777206,-1.1321919487772067
P02096,6.8,6.146059060968834,0.6539409390311661
P02097,7.2,6.514457477718165,0.6855425222818354
P02098,6.9,7.683762804058456,-0.7837628040584557
P02099,7.6,7.576207864259061,0.023792135740938747
P02100,7.0,6.391205861863347,0.6087941381366528
P02101,7.9,7.790445703501962,0.10955429649803872
P02102,5.9,5.741856194510872,0.15814380548912865
P02103,5.1,5.344331351055335,-0.24433135105533577
P02104,6.0,7.370717423160683,-1.3707174231606833
P02105,6.8,6.604486567184879,0.19551343281512068
P02106,6.8,6.233578594349117,0.5664214056508827
P02107,6.7,7.038071040398108,-0.3380710403981082
P02109,5.9,6.520362082540941,-0.6203620825409404
P02110,7.0,7.777814042160674,-0.7778140421606743
P02111,5.7,6.586814560639482,-0.8868145606394817
P02112,6.6,6.829039434878946,-0.2290394348789464
P02113,6.2,5.099797446029669,1.1002025539703313
P02114,6.7,6.449691768294816,0.25030823170518435
P02115,6.4,7.242971714547703,-0.8429717145477023
P02116,6.1,6.970434340944432,-0.8704343409444322
P02117,7.5,7.307584713068113,0.1924152869318867
P02118,6.9,6.469925808808643,0.43007419119135726
P02119,8.4,7.907589198265993,0.49241080173400764
P02121,4.2,6.1636820841787,-1.9636820841787
P02122,6.0,6.027515232017805,-0.027515232017805147
P02123,8.3,7.793714527241486,0.5062854727585151
P02124,7.2,6.994787269969994,0.20521273003000662
P02125,6.5,6.495349451601388,0.004650548398611676
P02126,7.5,7.554426081068048,-0.054426081068047694
P02127,6.9,6.761729015029249,0.13827098497075152
P02128,7.6,7.115846983866389,0.48415301613361095
P02130,6.3,5.876576714813362,0.4234232851866375
P02132,7.9,7.181450128087824,0.7185498719121766
P02133,6.9,6.097615464870077,0.8023845351299235
P02135,8.3,7.392369754045394,0.9076302459546071
P02136,6.7,7.732621853539032,-1.0326218535390321
P02137,7.9,7.349861328055218,0.550138671944782
P02138,5.9,5.543448131853983,0.3565518681460169
P02139,7.4,7.153684952026008,0.24631504797399195
P02140,8.3,6.554733281272909,1.745266718727092
P02141,5.7,6.036577699705082,-0.33657769970508156
P02142,7.8,6.486261346218194,1.3137386537818054
P02143,7.3,6.833482779182623,0.46651722081737645
P02144,7.6,7.451325298546388,0.1486747014536114
P02146,7.8,6.539365511760393,1.2606344882396066
P02147,6.8,6.6915650357004095,0.10843496429959032
P02148,5.6,6.499686719544649,-0.8996867195446496
P02149,7.7,7.6565037748709885,0.043496225129011634
P02151,7.0,7.735840006897914,-0.7358400068979138
P02152,7.0,7.833413677027832,-0.8334136770278322
P02153,7.8,7.425673809213302,0.3743261907866975
P02156,8.5,9.470382330138078,-0.9703823301380776
P02157,7.6,6.5560059503508645,1.0439940496491351
P02158,6.6,6.681173869964882,-0.08117386996488207
P02159,7.5,7.665399717637098,-0.16539971763709804
P02161,8.1,8.47028627764221,-0.3702862776422098
P02164,5.4,4.9716282950014,0.4283717049986002
P02165,5.1,5.751709641036289,-0.6517096410362893
P02167,6.0,6.434861256471893,-0.4348612564718932
P02168,8.6,7.910042836076846,0.6899571639231539
P02169,9.4,8.354076927616509,1.0459230723834914
P02170,5.8,6.51293456042877,-0.7129345604287698
P02171,8.1,7.298721668551741,0.801278331448259
P02172,5.2,5.66837307559483,-0.46837307559482966
P02173,7.1,6.729403622832628,0.3705963771673719
P02174,9.2,8.736020879414713,0.4639791205852859
P02175,7.2,6.9883542002579695,0.21164579974203068
P02177,5.8,5.257836253195986,0.5421637468040137
P02178,8.6,7.676776244063374,0.9232237559366254
P02179,8.0,7.295243801742608,0.7047561982573924
P02180,9.1,9.04519390065331,0.05480609934669012
P02181,7.6,7.329389412779031,0.2706105872209683
P02185,6.0,6.79773159043774,-0.7977315904377402
P02186,8.5,8.326262812462115,0.1737371875378848
P02187,7.0,6.854586208146406,0.14541379185359382
P02188,4.9,6.588338707294663,-1.6883387072946627
P02189,8.2,6.715433188920273,1.484566811079726
P02190,5.1,6.395337075058651,-1.2953370750586517
P02191,7.9,7.417194335069548,0.48280566493045196
P02192,6.3,6.779917852271023,-0.479917852271023
P02194,7.4,7.777491916536588,-0.377491916536588
P02195,6.9,7.472331059421043,-0.5723310594210425
P02196,5.6,6.34326027734624,-0.7432602773462404
P02197,7.6,7.037576959625056,0.5624230403749433
P02198,7.9,7.105618193427516,0.7943818065724839
P02199,8.4,8.157346966107536,0.24265303389246462
P02200,7.1,6.445780886501109,0.6542191134988906
P02201,7.8,7.707394911460972,0.09260508853902749
P02202,6.8,6.89362179161834,-0.09362179161834039
P02204,7.3,7.495452286572103,-0.19545228657210334
P02205,9.2,8.19779275240353,1.0022072475964698
P02206,5.9,5.184177675701846,0.7158223242981547
P02207,5.5,5.851430486160448,-0.3514304861604476
P02208,7.0,6.714726722487846,0.2852732775121538
P02209,7.3,7.011724398853342,0.2882756011466574
P02211,6.3,5.971062280187577,0.3289377198124228
P02213,7.5,8.291686175904008,-0.7916861759040081
P02214,6.4,5.9823895840229016,0.4176104159770988
P02215,10.0,9.114596539813324,0.8854034601866765
P02216,8.5,8.219707997661413,0.2802920023385873
P02217,5.6,5.828586161934292,-0.2285861619342926
P02218,7.2,7.478752048816501,-0.27875204881650095
P02219,7.6,7.011142324760956,0.5888576752390433
P02220,6.4,6.220482585539035,0.1795174144609657
P02221,6.9,6.474331974885885,0.42566802511411517
P02222,4.2,5.574597253340107,-1.3745972533401067
P02223,7.8,7.01531776514783,0.7846822348521698
P02224,7.6,7.106099106780787,0.4939008932192124
P02225,8.1,7.63585017498839,0.46414982501161006
P02226,7.1,8.002428771521986,-0.9024287715219863
P02227,6.1,6.7208247904865726,-0.6208247904865729
P02228,7.3,7.775035354944578,-0.4750353549445778
P02229,6.6,6.917689955842323,-0.3176899558423232
P02230,7.4,6.781389111383008,0.6186108886169928
P02236,9.2,8.381540185835162,0.8184598141648376
P02238,6.5,6.202098265454669,0.29790173454533075
P02239,4.4,5.422564076906538,-1.022564076906538
P02240,6.0,5.918609750048548,0.08139024995145228
P02241,7.9,6.993181425467681,0.906818574532319
P02243,8.0,6.529919862677,1.4700801373230004
P02244,6.4,6.160014293682055,0.23998570631794536
P02245,6.5,6.372191325444327,0.12780867455567257
P02246,7.0,6.934326971018407,0.06567302898159344
P02247,6.5,6.554677615492135,-0.054677615492135345
P02248,8.2,8.110130833377003,0.08986916662299649
P02249,8.0,8.559518709387318,-0.5595187093873175
P02251,4.8,6.127570462771615,-1.3275704627716154
P02252,9.1,8.338111612787454,0.7618883872125455
P02253,8.7,8.330847867507284,0.36915213249271517
P02254,7.9,7.984452550595856,-0.08445255059585577
P02255,7.1,7.093150579170029,0.006849420829970754
P02256,5.0,5.572419936842829,-0.5724199368428291
P02257,9.0,8.699021211321833,0.30097878867816696
P02258,6.2,6.832495826354397,-0.6324958263543969
P02260,7.9,6.991611830423013,0.9083881695769875
P02261,8.0,6.644908760395357,1.3550912396046426
P02262,8.2,8.198416922329358,0.0015830776706415861
P02265,7.3,7.7907928183366515,-0.49079281833665167
P02266,7.5,7.973745497787909,-0.47374549778790875
P02267,6.1,6.948903155948318,-0.8489031559483182
P02268,5.4,5.894317480900796,-0.4943174809007953
P02271,7.6,5.918575661596774,1.6814243384032252
P02273,7.0,7.237269499568664,-0.23726949956866417
P02274,6.6,6.732808975340024,-0.13280897534002456
P02275,5.9,5.551072254224627,0.34892774577537367
P02276,6.3,6.955061466064163,-0.6550614660641632
P02277,6.7,6.88664399913773,-0.18664399913773
P02278,4.5,5.80668316009726,-1.3066831600972604
P02281,6.9,6.822496852189103,0.07750314781089696
P02282,8.5,8.160908738227484,0.33909126177251636
P02284,5.1,6.405936214147462,-1.3059362141474624
P02285,7.1,6.8269775726106845,0.27302242738931515
P02286,7.4,8.518729654574502,-1.1187296545745014
P02287,6.5,6.822026322394759,-0.32202632239475903
P02289,8.5,7.542000296996688,0.9579997030033116
P02290,8.4,8.060497195485544,0.33950280451445636
P02291,8.1,8.213034306937866,-0.11303430693786609
P02293,8.3,8.144816863066337,0.1551831369336636
P02294,6.4,6.569561493622815,-0.16956149362281447
P02295,6.6,6.808473294130216,-0.20847329413021676
P02296,8.1,7.140387026203513,0.9596129737964869
P02298,4.8,5.329104031129281,-0.5291040311292816
P02299,8.6,7.565169861542719,1.0348301384572807
P02300,8.5,7.830053780548303,0.6699462194516972
P02301,9.4,8.685919062386969,0.7140809376130317
P02303,6.1,6.324383894047869,-0.22438389404786907
P02304,6.6,5.92720391505002,0.6727960849499794
P02306,7.1,7.677246823664298,-0.5772468236642982
P02307,6.7,6.73900221641454,-0.0390022164145396
P02308,6.8,6.8892234494729045,-0.08922344947290473
P02309,8.0,7.818841762671641,0.18115823732835867
P02311,7.8,8.488950114781552,-0.6889501147815524
P02312,6.8,6.826447220133521,-0.0264472201335213
P02314,6.4,6.533639584582407,-0.133639584582407
P02315,6.5,6.243008607824681,0.2569913921753191
P02316,8.2,8.271330902925056,-0.07133090292505706
P02317,6.8,6.86305947049792,-0.0630594704979206
P02319,8.8,7.206325037882493,1.5936749621175075
P02320,8.0,7.452721603008917,0.547278396991083
P02321,7.8,6.572816800135322,1.2271831998646778
P02322,5.3,5.99193155011009,-0.6919315501100902
P02323,8.0,8.07519662164072,-0.07519662164071939
P02324,5.1,6.281384931692704,-1.1813849316927048
P02325,6.9,7.1206905672837575,-0.22069056728375713
P02326,4.6,5.392999111073383,-0.7929991110733834
P02327,9.4,8.989440166645913,0.4105598333540872
P02328,5.6,5.85075164413038,-0.2507516441303803
P02331,6.9,7.100659139413862,-0.2006591394138617
P02332,7.5,8.248345658104403,-0.7483456581044035
P02333,7.0,7.269910608105447,-0.2699106081054472
P02334,7.4,7.5842017088925,-0.1842017088924992
P02335,8.1,7.281822772216456,0.8181772277835435
P02336,6.4,6.241433804042792,0.15856619595720822
P02337,7.3,7.910726586597248,-0.6107265865972478
P02338,6.3,7.007598310110631,-0.7075983101106313
P02340,7.2,7.337032815453154,-0.1370328154531535
P02341,6.5,6.568783567624641,-0.06878356762464133
P02342,6.6,6.57667699418559,0.023323005814409825
P02343,7.1,6.939729727495744,0.1602702725042553
P02345,6.4,6.526487402553689,-0.12648740255368907
P02346,7.5,7.631662721280332,-0.13166272128033185
P02349,7.8,7.377424762050383,0.4225752379496166
P02350,7.3,7.507539923506314,-0.20753992350631378
P02351,8.5,7.864336032608587,0.6356639673914133
P02352,7.3,6.6902312478331405,0.6097687521668593
P02353,6.8,6.681744537784699,0.11825546221530114
P02354,6.5,7.375414991951277,-0.8754149919512768
P02355,7.4,7.0287995153840805,0.3712004846159198
P02356,5.8,6.407805815487777,-0.6078058154877768
P02357,5.9,5.618943397556042,0.28105660244395825
P02359,5.4,6.726267338483797,-1.326267338483797
P02361,5.0,6.131901903680872,-1.1319019036808724
P02363,7.4,7.319900519111456,0.08009948088854468
P02368,5.9,6.250633537402694,-0.3506335374026932
P02369,8.1,7.551432726381412,0.5485672736185876
P02370,7.6,7.049045991550599,0.5509540084494002
P02371,5.5,6.874388073430275,-1.374388073430275
P02372,6.2,5.864311560714199,0.33568843928580083
P02374,7.1,6.019230919026184,1.0807690809738153
P02376,6.0,5.888911979636918,0.11108802036308241
P02377,6.8,6.624286539393363,0.1757134606066364
P02378,8.0,7.243032283902746,0.7569677160972539
P02380,9.2,7.91269479051553,1.2873052094844697
P02381,8.2,7.281509845928628,0.918490154071371
P02382,7.0,6.8328128958262,0.16718710417379956
P02383,8.1,7.800783103403153,0.2992168965968469
P02384,6.8,7.230554327921373,-0.4305543279213735
P02386,8.9,8.582986798328658,0.31701320167134206
P02387,7.0,7.384718226967946,-0.3847182269679461
P02388,5.3,4.598742240360069,0.7012577596399305
P02390,7.6,6.664056188458843,0.9359438115411569
P02391,7.5,7.442888788062516,0.05711121193748436
P02392,7.9,7.406135965644469,0.49386403435553117
P02393,6.6,6.371254948852434,0.22874505114756527
P02394,6.1,6.4012688678743865,-0.3012688678743869
P02395,6.3,7.378343141052854,-1.0783431410528541
P02396,6.3,7.479034258280762,-1.1790342582807618
P02397,7.7,6.983280361348172,0.7167196386518278
P02398,7.6,8.42806236302802,-0.828062363028021
P02399,8.0,7.319165413088675,0.6808345869113248
P02400,5.7,7.277329573839366,-1.577329573839366
P02401,6.5,6.630717834858279,-0.13071783485827915
P02403,6.3,6.399377557398373,-0.09937755739837328
P02404,7.8,7.761927493874648,0.03807250612535196
P02405,5.1,6.436069756845654,-1.3360697568456548
P02406,5.5,6.41193040968752,-0.9119304096875203
P02409,8.9,8.896016381032526,0.003983618967474456
P02410,5.7,6.503631916608168,-0.8036319166081682
P02411,7.5,7.223772287716874,0.27622771228312626
P02413,7.6,7.791214531682153,-0.19121453168215297
P02415,5.7,5.423511873989865,0.2764881260101353
P02417,7.7,8.27391152905378,-0.5739115290537802
P02420,7.0,6.229688105884635,0.7703118941153653
P02421,6.8,6.426389382384687,0.3736106176153129
P02422,7.4,6.504448279597625,0.8955517204023753
P02423,6.8,5.994713930902732,0.8052860690972681
P02425,9.3,9.086735541613702,0.21326445838629837
P02426,4.5,5.412121723902837,-0.9121217239028372
P02427,7.8,7.128688392332027,0.671311607667973
P02428,8.5,8.139991406204995,0.3600085937950048
P02429,5.7,5.684276091470107,0.01572390852989347
P02430,9.1,8.229596802067592,0.8704031979324078
P02431,5.2,5.978925904431187,-0.7789259044311869
P02432,7.2,6.516106878331372,0.6838931216686284
P02433,7.7,6.8172946473722895,0.8827053526277107
P02435,9.5,9.333699232626945,0.16630076737305544
P02436,8.4,8.141916692975485,0.2580833070245152
P02437,5.4,5.428005782514356,-0.028005782514355815
P02438,7.9,8.075815922098398,-0.1758159220983977
P02439,6.3,6.02808168201589,0.2719183179841096
P02440,6.1,6.581712952998629,-0.48171295299862926
P02441,8.9,7.89048536524842,1.0095146347515804
P02442,7.8,7.584234206002975,0.21576579399702478
P02444,7.0,7.542627584270806,-0.5426275842708064
P02445,7.3,6.597091878384947,0.702908121615053
P02446,6.7,6.478104733870552,0.2218952661294482
P02447,8.0,6.527499522454811,1.4725004775451893
P02448,6.5,6.254091753784596,0.24590824621540364
P02449,5.4,5.702220816182705,-0.3022208161827047
P02451,8.1,8.379998785038683,-0.2799987850386838
P02452,8.7,8.064458581649768,0.6355414183502308
P02454,5.8,6.471147362591253,-0.6711473625912534
P02455,5.7,6.496928082764809,-0.7969280827648086
P02457,7.5,6.832940839113308,0.6670591608866916
P02458,6.8,7.4804047980515485,-0.6804047980515486
P02459,7.0,7.767895304276137,-0.767895304276137
P02460,5.1,5.987460527908753,-0.8874605279087531
P02462,7.1,7.553871545156627,-0.45387154515662775
P02463,7.0,6.47278893619107,0.52721106380893
P02465,8.2,7.838853035828961,0.36114696417103787
P02468,8.4,7.912966894911899,0.48703310508810116
P02469,5.1,6.094893871316841,-0.9948938713168411
P02471,7.2,6.498176124529829,0.7018238754701711
P02472,8.7,8.558023435874489,0.1419765641255104
P02473,6.1,5.612754325780767,0.48724567421923304
P02474,6.7,6.859622438753984,-0.15962243875398396
P02475,7.2,7.20877475426678,-0.008774754266779539
P02477,7.7,7.923272274653511,-0.22327227465351118
P02479,7.6,7.353885089797677,0.2461149102023228
P02481,5.2,5.921274370565994,-0.7212743705659941
P02483,8.7,8.24996424117782,0.45003575882217994
P02484,5.4,6.409078976755968,-1.0090789767559674
P02485,6.6,7.128067693874235,-0.5280676938742355
P02486,7.1,7.969333651633679,-0.8693336516336796
P02489,5.7,6.024130919998927,-0.32413091999892707
P02490,5.7,5.882557665867102,-0.18255766586710198
P02491,7.1,7.347219540866077,-0.24721954086607756
P02493,6.4,6.805519027623979,-0.4055190276239786
P02494,9.2,7.785370767090239,1.4146292329097605
P02495,5.5,6.1319065313005146,-0.6319065313005146
P02496,8.8,8.151931987255995,0.6480680127440053
P02497,7.3,6.323490489341951,0.9765095106580493
P02498,6.3,5.726627434187112,0.5733725658128881
P02499,7.2,6.333202442268991,0.866797557731009
P02500,8.0,7.397372645507058,0.6026273544929417
P02501,6.5,6.866316413293352,-0.36631641329335185
P02502,7.7,7.917014077233301,-0.21701407723330046
P02503,9.5,8.545770185208271,0.954229814791729
P02506,7.9,7.233993436134463,0.6660065638655377
P02508,8.0,7.472457927285973,0.5275420727140272
P02509,7.5,6.879093495444527,0.6209065045554727
P02510,5.4,5.055741858629169,0.34425814137083144
P02511,7.1,7.236449463019208,-0.13644946301920857
P02514,7.5,6.073628763023072,1.4263712369769284
P02515,5.6,6.291767963929514,-0.6917679639295145
P02516,5.3,5.388391108828296,-0.08839110882829626
P02517,9.1,8.274279809428908,0.8257201905710918
P02518,7.0,7.6850623990880145,-0.6850623990880145
P02519,6.8,7.186391452882717,-0.3863914528827168
P02521,6.0,6.375903057315118,-0.3759030573151181
P02522,8.2,6.842299117524554,1.357700882475445
P02524,8.7,6.874861707143735,1.8251382928562645
P02525,9.5,9.013349607733788,0.48665039226621154
P02526,6.2,7.297516821004438,-1.0975168210044375
P02527,4.9,6.569549347686248,-1.6695493476862477
P02528,6.2,6.249638962326239,-0.04963896232623899
P02529,6.5,6.551893319051824,-0.051893319051823816
P02530,5.4,5.581119271199743,-0.18111927119974247
P02531,8.3,7.858522731578304,0.4414772684216963
P02532,6.8,6.842344537129017,-0.04234453712901676
P02533,7.0,6.80209776268082,0.19790223731918033
P02535,6.8,7.434640076528025,-0.6346400765280249
P02536,8.4,7.64343223925583,0.7565677607441703
P02538,7.0,6.61388836529927,0.38611163470072984
P02541,6.7,6.696351694641516,0.0036483053584843717
P02542,7.2,7.303708224497564,-0.10370822449756378
P02543,6.9,7.286060303024875,-0.38606030302487504
P02544,6.8,5.864229402925342,0.9357705970746579
P02546,7.4,7.503875123651733,-0.10387512365173279
P02547,5.8,5.451628454779618,0.34837154522038194
P02548,8.4,8.233319264534838,0.16668073546516204
P02549,6.6,7.130821619292874,-0.5308216192928743
P02550,6.0,6.043604434919285,-0.043604434919284785
P02552,5.7,6.254390240354922,-0.5543902403549215
P02554,7.2,7.431978924640896,-0.2319789246408961
P02555,7.1,6.67959324081873,0.4204067591812697
P02556,5.3,5.602749924489174,-0.3027499244891745
P02557,6.1,6.005727365506214,0.09427263449378565
P02558,6.6,7.289324676613718,-0.689324676613718
P02560,6.2,7.028258758891006,-0.828258758891006
P02561,8.7,8.728994487540227,-0.02899448754022771
P02563,7.9,6.98195525299648,0.9180447470035205
P02564,7.8,7.491187852628752,0.3088121473712482
P02568,6.2,5.50899950712887,0.6910004928711304
P02569,6.9,7.185622944464133,-0.2856229444641327
P02570,9.4,8.779175142057783,0.6208248579422175
P02571,8.9,9.110505461485172,-0.21050546148517135
P02572,7.9,6.724812591326191,1.1751874086738097
P02573,5.8,5.638106460503242,0.16189353949675755
P02574,6.6,6.954749489660808,-0.35474948966080877
P02575,6.5,6.978798888894607,-0.4787988888946071
P02576,6.9,7.594846777092224,-0.6948467770922235
P02577,6.3,6.50775629638201,-0.20775629638201032
P02578,7.4,5.5138884119631815,1.8861115880368189
P02579,5.8,6.599468760835757,-0.7994687608357571
P02580,8.0,7.194950149874748,0.8050498501252523
P02581,7.0,7.093718226832921,-0.0937182268329213
P02583,6.6,6.661813642568935,-0.061813642568935734
P02584,8.6,8.342836911052652,0.2571630889473475
P02586,6.8,6.623230215141349,0.17676978485865114
P02588,7.3,7.265064826098488,0.034935173901511796
P02589,7.4,6.8773702310031215,0.5226297689968789
P02590,7.4,6.990971747072243,0.40902825292775713
P02591,9.1,8.53668299363082,0.5633170063691804
P02593,7.8,7.92128142660816,-0.1212814266081601
P02594,7.7,7.612878215214252,0.08712178478574817
P02595,7.2,8.042905701856972,-0.8429057018569717
P02596,6.4,6.039046253468642,0.3609537465313579
P02598,7.1,7.948715727806942,-0.8487157278069422
P02600,5.0,6.173231189365924,-1.1732311893659242
P02601,9.1,8.485329972663791,0.6146700273362082
P02602,6.5,6.008631164607329,0.49136883539267107
P02604,7.0,7.006377988423224,-0.0063779884232237904
P02606,6.9,7.389028371700112,-0.4890283717001118
P02607,7.0,7.673529904735673,-0.6735299047356733
P02608,9.2,8.285787688924016,0.9142123110759837
P02609,7.0,6.271342806551233,0.7286571934487673
P02610,6.9,6.632284813629682,0.2677151863703182
P02612,9.6,8.640154765288766,0.9598452347112332
P02614,7.8,7.147797235924731,0.6522027640752688
P02615,7.7,7.116286498409174,0.5837135015908261
P02616,6.0,6.937851343407905,-0.937851343407905
P02617,7.3,7.6064800465075315,-0.3064800465075317
P02618,5.3,5.504326185940773,-0.204326185940773
P02619,5.9,6.513721232543295,-0.6137212325432948
P02620,6.8,7.02263674868157,-0.22263674868157057
P02621,8.0,8.080302446497718,-0.08030244649771845
P02622,5.9,6.215412136347984,-0.3154121363479838
P02623,7.4,7.186481073806537,0.2135189261934638
P02624,7.2,7.816993091084101,-0.616993091084101
P02625,5.5,5.936866144289136,-0.4368661442891364
P02627,7.3,6.55520817719089,0.7447918228091099
P02629,5.9,6.395371729488033,-0.4953717294880322
P02631,7.3,6.66860375074685,0.6313962492531502
P02632,7.2,6.941216818207628,0.2587831817923725
P02634,8.7,7.361143119586799,1.3388568804132
P02635,6.6,7.305481677064577,-0.7054816770645775
P02636,7.4,7.945039210692924,-0.5450392106929236
P02637,7.7,6.933492598240004,0.7665074017599958
P02638,7.7,8.055544310039707,-0.3555443100397069
P02639,7.1,6.724784389094399,0.3752156109056006
P02640,6.7,6.519404583253404,0.18059541674659574
P02641,8.9,8.208214237354401,0.6917857626455994
P02644,4.2,6.382870414704977,-2.1828704147049764
P02645,5.9,6.248685544672187,-0.34868554467218704
P02646,5.4,6.326979556041485,-0.9269795560414851
P02648,6.6,6.0011992179410685,0.5988007820589312
P02649,7.8,7.03898739982813,0.7610126001718696
P02650,6.9,7.57620467073105,-0.6762046707310496
P02651,5.6,6.041984614423557,-0.4419846144235571
P02652,7.0,5.741807867933559,1.2581921320664406
P02653,8.6,7.569971255786836,1.0300287442131637
P02654,5.3,5.117142135801669,0.18285786419833094
P02655,7.8,7.24544106790066,0.55455893209934
P02656,7.0,7.1303812067045405,-0.13038120670454045
P02657,6.8,7.900135048758192,-1.100135048758192
P02658,8.8,8.400690737536003,0.3993092624639978
P02659,4.3,5.468522565081699,-1.168522565081699
P02660,7.9,6.762650015877885,1.1373499841221157
P02661,5.9,6.272419499338934,-0.3724194993389336
P02663,7.6,6.149797331782601,1.4502026682173987
P02666,7.2,6.518764634021795,0.6812353659782051
P02667,6.6,6.985828400789305,-0.3858284007893049
P02668,7.2,6.798463681658873,0.4015363183411269
P02669,6.0,5.81018287042454,0.18981712957546026
P02670,5.6,5.682006494538567,-0.08200649453856723
P02671,4.2,5.494089128806686,-1.2940891288066858
P02672,9.0,8.172377460789852,0.8276225392101484
P02673,8.3,7.600540605811831,0.6994593941881693
P02674,7.6,8.099272614736234,-0.49927261473623474
P02675,5.6,6.577583749002465,-0.9775837490024655
P02678,7.3,7.3374757204818195,-0.037475720481819685
P02679,8.1,7.461912581049994,0.6380874189500059
P02680,5.9,6.008833627578486,-0.1088336275784858
P02681,4.9,6.193673730927578,-1.2936737309275772
P02682,6.8,7.264293626390592,-0.46429362639059235
P02683,6.2,6.136073564362711,0.06392643563728928
P02684,8.2,6.836071062419995,1.3639289375800043
P02685,6.5,6.585011345104904,-0.08501134510490438
P02686,4.4,5.632891897703669,-1.2328918977036682
P02687,8.0,7.948947243047545,0.051052756952454814
P02688,9.0,8.782468187983948,0.21753181201605187
P02690,6.0,6.074365483596157,-0.07436548359615713
P02691,5.3,5.605908481067982,-0.3059084810679824
P02693,8.3,7.043175406807033,1.2568245931929676
P02694,7.0,7.089953307619842,-0.089953307619842
P02695,6.8,5.671302981005713,1.1286970189942869
P02696,7.3,6.678126132449655,0.6218738675503452
P02698,7.4,6.417382849660612,0.9826171503393883
P02700,9.4,8.309855196745024,1.0901448032549759
P02701,7.2,7.258076863860944,-0.05807686386094346
P02702,6.8,6.440168949888781,0.35983105011121896
P02703,7.1,7.419679339174028,-0.31967933917402824
P02704,6.4,6.953987525143456,-0.5539875251434561
P02705,6.9,6.4906286349083775,0.40937136509162286
P02706,9.3,7.946978653079654,1.3530213469203467
P02707,7.7,7.7086937007798895,-0.00869370077988929
P02708,8.2,8.142589688055875,0.057410311944124715
P02709,6.6,6.6212822957995705,-0.02128229579957086
P02710,5.5,6.7425953560780005,-1.2425953560780005
P02711,6.7,7.415858657229378,-0.7158586572293775
P02712,5.9,6.554217425007717,-0.6542174250077171
P02713,6.0,6.9735397516618045,-0.9735397516618045
P02714,7.5,7.001552400787346,0.49844759921265425
P02715,6.1,5.90713154779761,0.19286845220239002
P02716,5.9,6.436871967532276,-0.5368719675322753
P02717,8.4,7.780442513907654,0.6195574860923463
P02718,8.4,6.531484418197736,1.8685155818022645
P02719,6.6,7.029411250329567,-0.42941125032956773
P02720,6.1,5.953196027048588,0.14680397295141123
P02721,6.9,7.133425044860546,-0.23342504486054594
P02722,7.5,7.334000529867423,0.16599947013257665
P02723,7.8,8.118590007252859,-0.31859000725285913
P02724,7.3,7.602403239776066,-0.30240323977606653
P02725,6.3,5.936262138462324,0.3637378615376754
P02726,7.8,7.93705212469677,-0.13705212469676997
P02727,6.7,6.257794843894541,0.44220515610545874
P02729,5.9,6.796018678883709,-0.896018678883709
P02731,7.4,7.104652324182183,0.2953476758178173
P02732,7.0,6.98951121895629,0.010488781043710205
P02733,8.4,6.578476408852169,1.8215235911478311
P02734,6.6,5.770248091900241,0.8297519080997589
P02735,6.9,6.672766579962694,0.2272334200373063
P02737,6.7,5.934828415272696,0.7651715847273044
P02738,6.8,6.179838067354366,0.620161932645634
P02740,7.1,7.444089177644671,-0.34408917764467173
P02741,8.5,8.937622813389321,-0.4376228133893214
P02742,5.2,5.07583770952216,0.12416229047784011
P02743,5.5,5.801204177588598,-0.3012041775885983
P02744,6.9,7.326483452152412,-0.4264834521524117
P02745,7.3,6.862757761648898,0.4372422383511019
P02746,6.7,6.757326093374908,-0.05732609337490757
P02747,7.7,6.892105464463846,0.8078945355361542
P02748,6.0,6.471848651100301,-0.4718486511003013
P02749,6.0,5.738936134732506,0.26106386526749414
P02750,5.2,6.211591720181261,-1.0115917201812605
P02751,6.1,7.269843910155898,-1.1698439101558984
P02752,9.3,8.525563554654386,0.7744364453456143
P02753,6.9,7.317036902407372,-0.41703690240737146
P02754,6.8,6.095143241366861,0.7048567586331389
P02756,6.6,7.046825192303103,-0.4468251923031037
P02758,7.9,8.026300994633326,-0.12630099463332556
P02759,7.3,7.062829959265713,0.23717004073428694
P02760,6.9,6.429524142864417,0.4704758571355834
P02761,6.3,7.005127295177003,-0.7051272951770029
P02762,7.8,7.391743842350184,0.4082561576498156
P02763,7.2,7.7870841335161,-0.5870841335160994
P02765,6.1,6.592809907553644,-0.49280990755364407
P02766,7.3,7.798808640824287,-0.49880864082428733
P02767,7.3,7.172995699771338,0.12700430022866183
P02768,7.5,6.361330211136783,1.1386697888632167
P02771,6.6,6.021687870121154,0.5783121298788458
P02772,6.5,5.365187855448106,1.1348121445518942
P02774,6.8,5.972470898397533,0.8275291016024671
P02775,6.7,6.053229912125525,0.6467700878744749
P02776,6.7,7.077401871121753,-0.3774018711217524
P02777,6.3,6.430320006351043,-0.13032000635104346
P02778,8.1,7.103465597591054,0.9965344024089458
P02779,6.7,7.171262258794735,-0.4712622587947344
P02780,6.2,7.251021312396528,-1.0510213123965277
P02781,5.7,6.999984827944278,-1.2999848279442778
P02782,6.9,6.610908783277768,0.28909121672223215
P02783,5.3,5.2092036928633,0.09079630713670017
P02784,6.4,6.888897519841799,-0.48889751984179863
P02785,8.3,7.89475070758177,0.4052492924182305
P02786,8.0,7.83444954544892,0.16555045455107997
P02788,7.9,7.19859711306925,0.70140288693075
P02789,6.4,6.466463123792264,-0.06646312379226327
P02790,9.1,9.006477160333493,0.0935228396665071
P02791,6.8,6.936933078617391,-0.1369330786173908
P02792,5.8,6.063342263861156,-0.2633422638611558
P02793,7.2,7.75654838283066,-0.5565483828306599
P02795,7.0,7.627506558061435,-0.6275065580614347
P02796,7.2,7.936609094991695,-0.736609094991695
P02797,6.9,6.509056935450352,0.39094306454964833
P02798,6.0,6.795262954907236,-0.7952629549072361
P02799,7.9,7.562742046595472,0.3372579534045288
P02800,8.6,8.569242010111278,0.030757989888721582
P02801,6.5,6.414338969816985,0.08566103018301519
P02802,6.7,7.322857863391976,-0.6228578633919755
P02803,6.6,6.72559898031443,-0.12559898031443062
P02806,8.6,7.922281523669092,0.6777184763309076
P02807,6.4,6.187820435679861,0.21217956432013896
P02808,6.6,6.656648597913989,-0.05664859791398946
P02809,7.6,7.584393582906493,0.015606417093506408
P02810,7.6,7.7418559615545774,-0.1418559615545778
P02812,9.6,7.9768165146459165,1.6231834853540832
P02813,7.3,7.373481906908906,-0.07348190690890632
P02814,7.0,7.420895431209314,-0.4208954312093143
P02815,9.0,8.168626581051528,0.8313734189484716
P02817,8.6,7.801855357942388,0.7981446420576113
P02818,8.9,8.272705950548614,0.6272940494513861
P02819,6.3,6.090662524575794,0.20933747542420544
P02820,8.0,7.490530657917278,0.5094693420827223
P02821,7.3,7.129713816154215,0.17028618384578476
P02823,6.5,5.985579514857381,0.5144204851426188
P02824,7.2,6.255706997940858,0.9442930020591422
P02825,7.0,6.631446068839913,0.36855393116008717
P02826,7.3,7.256940115873541,0.04305988412645867
P02828,3.9,5.705556175502474,-1.8055561755024745
P02829,6.6,7.088649244276075,-0.4886492442760755
P02830,6.0,8.026673540310313,-2.0266735403103127
P02831,4.8,5.6042337196779055,-0.8042337196779057
P02833,5.8,6.369075718490424,-0.5690757184904243
P02834,7.3,7.747443173337875,-0.4474431733378754
P02835,5.1,5.823321157688201,-0.7233211576882015
P02836,6.6,6.846974465977788,-0.2469744659777886
P02837,8.3,7.933380328361813,0.36661967163818776
P02838,8.0,7.243802548111891,0.7561974518881094
P02839,7.0,7.418178420216124,-0.4181784202161243
P02840,3.6,4.704834898393909,-1.1048348983939085
P02841,7.1,7.993806592586736,-0.8938065925867367
P02842,5.5,6.856831788052921,-1.3568317880529213
P02843,5.8,5.547684181478168,0.25231581852183194
P02844,6.6,6.638288136053967,-0.03828813605396775
P02846,5.8,7.055929493992933,-1.2559294939929329
P02847,8.5,8.169158392957122,0.3308416070428777
P02848,6.5,7.321005736389026,-0.8210057363890257
P02849,7.1,7.278782095376628,-0.17878209537662837
P02850,5.7,5.976404172689784,-0.2764041726897837
P02851,7.1,7.206239033434271,-0.10623903343427177
P02852,6.4,5.882782516564683,0.5172174834353171
P02853,7.2,6.700743395616264,0.49925660438373587
P02854,6.9,8.198120893794979,-1.2981208937949784
P02855,6.4,5.964989070855547,0.43501092914445305
P02856,10.0,9.22000263223828,0.7799973677617196
P02857,6.5,6.5090929191999525,-0.009092919199952476
P02858,6.4,6.617345498853485,-0.21734549885348464
P02859,6.9,6.143879356109477,0.7561206438905232
P02860,7.3,7.759829102818844,-0.45982910281884415
P02862,8.3,7.837166676844916,0.46283332315508474
P02863,9.0,7.762957943282514,1.2370420567174856
P02864,6.3,5.755322148832427,0.544677851167573
P02865,5.6,6.366424814127285,-0.7664248141272854
P02866,7.0,7.404249981298571,-0.40424998129857137
P02867,7.4,8.214505703044063,-0.8145057030440626
P02868,5.7,6.846153350229534,-1.1461533502295342
P02869,5.4,7.614007876101988,-2.214007876101988
P02870,8.2,8.74444800639316,-0.5444480063931607
P02872,7.4,6.310686511643261,1.0893134883567397
P02873,7.2,6.979890751348347,0.22010924865165293
P02874,7.1,7.182586350933931,-0.08258635093393174
P02876,5.3,5.861461041064603,-0.5614610410646028
P02877,8.0,8.122978544342658,-0.12297854434265787
P02878,8.4,7.544277259586998,0.8557227404130021
P02879,8.6,8.200122299107369,0.3998777008926311
P02881,8.0,7.994492092485418,0.0055079075145823
P02883,8.9,8.572470559246927,0.32752944075307333
P02884,6.5,6.7365001501318185,-0.23650015013181847
P02887,6.9,7.518211126605897,-0.6182111266058969
P02890,7.4,7.26100097321114,0.1389990267888601
P02891,5.1,6.519205569281351,-1.4192055692813517
P02892,8.4,7.655409609159507,0.7445903908404929
P02893,7.9,7.170598666667434,0.7294013333325662
P02894,6.3,5.766063780114154,0.5339362198858462
P02895,7.0,7.824778337747605,-0.8247783377476052
P02896,7.6,7.808725842047286,-0.2087258420472864
P02897,7.1,7.684269620519032,-0.5842696205190325
P02898,8.5,7.9384075898188815,0.5615924101811185
P02900,6.6,6.637514741872833,-0.03751474187283321
P02901,6.2,7.951212641718392,-1.751212641718392
P02902,7.2,7.236699587177837,-0.03669958717783661
P02903,6.7,7.731318078057504,-1.0313180780575042
P02904,5.7,5.750184689099106,-0.05018468909910556
P02905,7.6,7.277491689668309,0.32250831033169103
P02906,8.7,7.641581272846486,1.058418727153513
P02907,6.1,5.757745641218479,0.34225435878152055
P02908,6.2,6.419339881331806,-0.2193398813318055
P02909,6.2,6.512549304854838,-0.312549304854838
P02910,6.6,5.283072266352857,1.3169277336471428
P02912,6.6,7.280300888426459,-0.6803008884264594
P02913,7.0,7.249354124702434,-0.24935412470243357
P02914,6.8,6.864581243973492,-0.06458124397349252
P02915,7.5,7.448936275950784,0.05106372404921622
P02916,6.1,6.850787233974315,-0.7507872339743153
P02917,9.5,8.732041387566833,0.7679586124331674
P02918,5.9,6.118741567498194,-0.21874156749819385
P02919,8.1,7.908443307493231,0.19155669250676866
P02920,7.6,7.666401441215608,-0.06640144121560798
P02921,7.2,7.488136612455754,-0.2881366124557534
P02922,6.6,6.769686304875413,-0.16968630487541336
P02924,7.6,6.978303207233648,0.6216967927663513
P02926,6.3,6.696088790945386,-0.3960887909453863
P02927,6.5,7.717915283689657,-1.2179152836896572
P02928,8.8,8.1455188878851,0.654481112114901
P02929,7.0,7.6800743784065615,-0.6800743784065615
P02930,5.0,5.046116081867552,-0.04611608186755234
P02931,7.7,7.169257053818129,0.5307429461818716
P02932,6.5,6.87264455332268,-0.3726445533226803
P02934,6.8,6.823946389298292,-0.023946389298291848
P02935,7.2,6.734603138857982,0.4653968611420183
P02936,5.8,6.616164621740787,-0.8161646217407874
P02938,8.1,7.235178918415231,0.8648210815847683
P02939,6.8,7.312382152067178,-0.5123821520671781
P02940,6.7,6.388402789118268,0.3115972108817324
P02941,6.6,6.219930610290311,0.3800693897096883
P02942,9.0,8.360150379378272,0.6398496206217281
P02943,5.7,6.873342905292516,-1.1733429052925155
P02944,7.4,6.721827944293997,0.6781720557060034
P02945,4.7,5.2332624995752255,-0.5332624995752253
P02946,5.1,5.81074678796848,-0.7107467879684801
P02947,5.0,5.022099376006227,-0.022099376006226912
P02948,7.3,7.504306570744551,-0.20430657074455105
P02949,7.5,6.484930991216197,1.0150690087838026
P02950,8.3,8.139113596238662,0.16088640376133867
P02951,8.8,8.763223824286698,0.03677617571330316
P02952,7.5,7.398233070434814,0.10176692956518618
P02953,6.2,6.772190899825223,-0.5721908998252232
P02954,5.5,5.920499865101974,-0.42049986510197357
P02955,8.1,8.145923116749596,-0.045923116749596815
P02956,7.3,7.382870841159792,-0.08287084115979226
P02957,9.1,7.692569947066355,1.4074300529336448
P02958,7.5,8.240787413979081,-0.7407874139790813
P02959,8.2,7.912625726615557,0.287374273384442
P02961,8.8,8.317114063633516,0.48288593636648436
P02962,6.5,7.534616236455639,-1.0346162364556388
P02963,8.2,7.010538738612446,1.189461261387553
P02964,9.2,9.117757779333196,0.08224222066680298
P02965,7.1,6.433691003266054,0.666308996733946
P02966,7.2,6.7302346405164695,0.4697653594835307
P02967,5.6,6.415707374569174,-0.8157073745691745
P02968,6.2,6.257935611552469,-0.057935611552468735
P02969,6.8,7.293745502425946,-0.49374550242594584
P02970,8.9,8.213978779545346,0.6860212204546539
P02971,7.3,7.472134485809445,-0.1721344858094449
P02972,8.0,7.714036257995113,0.2859637420048866
P02973,7.6,6.895812695073198,0.7041873049268013
P02974,6.6,5.990075839060912,0.6099241609390873
P02975,6.5,7.261450730843646,-0.761450730843646
P02976,7.6,7.095775635650615,0.5042243643493842
P02978,5.8,6.396943803921285,-0.5969438039212855
P02979,8.4,8.345309930270725,0.05469006972927559
P02981,7.5,8.52488812489165,-1.0248881248916497
P02982,6.0,6.107073043307792,-0.10707304330779177
P02983,7.7,7.217348509073893,0.4826514909261075
P02985,8.9,7.978000709286292,0.9219992907137087
P02986,10.0,8.667041916115796,1.3329580838842041
P02987,6.3,6.167812765859037,0.13218723414096267
P02988,5.9,6.565071572515926,-0.6650715725159255
P02989,7.1,6.701923974959466,0.39807602504053374
P02990,5.9,6.6502089005198215,-0.7502089005198211
P02991,5.5,5.356678791378791,0.14332120862120856
P02992,7.5,6.602801461597221,0.8971985384027787
P02993,6.6,6.501823881338325,0.09817611866167475
P02996,5.2,6.434377969712978,-1.2343779697129778
P02997,7.0,8.39859276563655,-1.3985927656365504
P02998,8.2,7.75507085949886,0.44492914050113885
P02999,4.5,5.756249814926728,-1.2562498149267283
P03000,7.2,7.052653364801677,0.14734663519832303
P03001,9.0,7.472824760892508,1.5271752391074918
P03002,8.1,8.707004683554654,-0.6070046835546545
P03003,7.0,6.865881848399028,0.13411815160097174
P03004,9.9,8.280550805855428,1.619449194144572
P03005,5.5,6.37299715246351,-0.8729971524635101
P03006,8.4,6.460639041426759,1.939360958573241
P03009,7.2,7.769685821256331,-0.5696858212563312
P03010,9.2,7.381045086967378,1.8189549130326217
P03011,8.1,7.666482230215651,0.4335177697843484
P03013,8.1,7.165321437276883,0.9346785627231169
P03014,7.2,6.039577138769317,1.1604228612306828
P03016,7.3,6.302119646615037,0.9978803533849625
P03017,7.5,7.283421914355909,0.2165780856440911
P03018,9.6,8.30380316997382,1.2961968300261795
P03019,8.3,7.477240298613198,0.8227597013868024
P03020,7.2,7.394586199780635,-0.19458619978063485
P03021,6.9,6.3644275943664805,0.5355724056335198
P03022,5.4,5.322333274662122,0.07766672533787844
P03023,5.2,5.796955876692084,-0.5969558766920837
P03025,7.9,6.915331626954279,0.9846683730457215
P03026,9.4,8.776335742920914,0.6236642570790867
P03027,6.5,6.298693471350861,0.20130652864913934
P03028,8.2,8.649530303693973,-0.4495303036939742
P03029,6.5,8.608071230525251,-2.108071230525251
P03032,6.8,7.590655169625739,-0.7906551696257393
P03033,5.4,5.605950967864855,-0.20595096786485456
P03034,6.9,8.001838030305002,-1.101838030305002
P03035,8.3,7.136574983833974,1.163425016166027
P03036,8.1,7.898434696465036,0.20156530353496382
P03038,7.2,7.49268770604861,-0.2926877060486097
P03039,5.7,6.473087044074681,-0.7730870440746811
P03040,6.3,5.8955215027241445,0.4044784972758553
P03041,6.7,7.290467046638609,-0.5904670466386088
P03042,7.6,7.579599545330965,0.020400454669034396
P03043,7.1,8.437032375614724,-1.337032375614724
P03045,8.3,7.725778529599398,0.5742214704006026
P03046,6.4,6.655298840095043,-0.2552988400950422
P03047,10.0,8.631007971105785,1.3689920288942155
P03048,5.6,5.36165734821464,0.2383426517853593
P03050,9.4,8.298228147974118,1.1017718520258821
P03051,6.8,6.098881742170952,0.701118257829048
P03052,7.9,7.571161923745918,0.32883807625408235
P03053,7.2,6.82782904596772,0.3721709540322804
P03054,7.1,6.705002789844665,0.39499721015533495
P03055,5.7,7.583940985689235,-1.883940985689235
P03056,4.7,6.320688920679925,-1.6206889206799246
P03059,8.7,8.632607608218235,0.06739239178176426
P03061,6.1,5.985614880655558,0.1143851193444414
P03062,6.8,7.227717953103093,-0.4277179531030928
P03063,6.9,6.576769398358384,0.3232306016416162
P03064,7.0,7.608813529614043,-0.6088135296140429
P03065,7.6,7.19021526812738,0.40978473187261955
P03066,7.5,7.372719761565158,0.12728023843484237
P03067,4.9,6.418708321347201,-1.5187083213472006
P03069,6.0,6.271461231358218,-0.2714612313582183
P03070,7.4,8.0924007448042,-0.6924007448041998
P03071,7.3,7.580899011258619,-0.2808990112586196
P03072,4.3,5.438485438939569,-1.1384854389395693
P03074,8.0,7.959803578849716,0.04019642115028432
P03075,8.4,7.623417233620902,0.7765827663790983
P03077,8.2,7.878857497910685,0.32114250208931416
P03078,5.8,6.041337628448469,-0.24133762844846895
P03080,6.7,6.997814767063331,-0.2978147670633309
P03083,6.6,6.442422107352906,0.15757789264709388
P03084,7.5,7.248478425064387,0.2515215749356132
P03085,7.9,7.683633135656935,0.2163668643430654
P03086,8.4,7.85473649881766,0.5452635011823403
P03088,6.7,6.545084450650388,0.15491554934961194
P03090,8.1,7.739210195547489,0.3607898044525104
P03091,7.2,6.980017942633992,0.21998205736600784
P03093,6.1,5.740223873099661,0.35977612690033833
P03094,7.5,7.586285022814938,-0.08628502281493766
P03095,6.3,6.966251275417712,-0.6662512754177126
P03096,6.0,6.793032083587799,-0.7930320835877991
P03097,6.6,6.6605666366411045,-0.06056663664110484
P03098,6.3,6.649048397098126,-0.34904839709812574
P03099,5.5,5.045502008206277,0.45449799179372263
P03100,7.4,6.580087281063086,0.819912718936914
P03101,6.7,6.80446064865832,-0.1044606486583195
P03103,6.0,6.745268000029297,-0.7452680000292968
P03104,9.2,8.830643401291155,0.3693565987088441
P03105,5.6,5.808939388113968,-0.2089393881139685
P03106,8.4,7.000434391866358,1.399565608133642
P03109,6.5,7.282915704647145,-0.7829157046471451
P03111,6.2,6.412180143853844,-0.21218014385384354
P03112,7.7,6.573862965846964,1.126137034153036
P03113,8.3,7.30171621650305,0.9982837834969507
P03114,8.6,8.766286997559583,-0.16628699755958287
P03115,9.2,7.808388753080548,1.3916112469194513
P03116,7.5,6.642654658217193,0.857345341782807
P03118,6.3,6.590698276432145,-0.2906982764321455
P03119,6.1,5.935292689987154,0.16470731001284555
P03120,5.2,5.276712292943196,-0.07671229294319559
P03121,9.7,8.433176682414933,1.2668233175850663
P03122,8.5,8.209684642205671,0.29031535779432893
P03123,7.2,7.431589240949876,-0.23158924094987565
P03124,8.6,8.35078349124823,0.24921650875177015
P03125,5.8,5.841511917587798,-0.041511917587798486
P03126,6.9,7.266927483271042,-0.3669274832710414
P03127,5.6,5.7301928095766845,-0.1301928095766849
P03128,6.2,6.35638562368712,-0.15638562368711995
P03129,6.6,7.302062215890312,-0.7020622158903125
P03130,6.9,6.3192341781934935,0.5807658218065068
P03131,6.2,6.713327378327267,-0.5133273783272667
P03132,7.3,7.358152613668082,-0.05815261366808233
P03133,6.8,7.175177880390102,-0.375177880390102
P03134,7.6,7.813443912402876,-0.21344391240287663
P03136,6.4,6.311024325655258,0.0889756743447423
P03137,6.7,7.275801828815846,-0.5758018288158455
P03138,6.6,7.197269805407001,-0.5972698054070014
P03139,8.7,8.009082219804833,0.690917780195166
P03140,6.6,5.990149907162211,0.6098500928377888
P03141,7.1,7.369733375997263,-0.2697333759972631
P03142,6.7,6.716050589188503,-0.016050589188503217
P03143,6.9,6.855608959425473,0.04439104057452692
P03144,4.4,4.6599560162033695,-0.25995601620336917
P03145,5.8,7.185434878388522,-1.385434878388522
P03149,5.6,6.179471899555063,-0.5794718995550632
P03150,4.7,6.207218444635716,-1.5072184446357157
P03151,6.7,6.813714988334163,-0.11371498833416283
P03153,6.4,5.634891056379328,0.7651089436206719
P03154,5.9,7.070606086021395,-1.1706060860213947
P03155,9.0,7.325322940867746,1.6746770591322537
P03156,5.8,6.167319245645935,-0.3673192456459349
P03158,9.4,8.30917636099317,1.09082363900683
P03159,6.8,7.8231395994152,-1.0231395994152006
P03161,7.4,6.946211149505881,0.453788850494119
P03162,8.0,6.730359975107537,1.269640024892463
P03163,7.2,6.877725123023834,0.3222748769761665
P03164,7.0,6.744451889844499,0.25554811015550083
P03166,7.4,8.012567769822414,-0.6125677698224141
P03167,8.8,8.171582292119172,0.6284177078808284
P03169,8.0,8.307990399005321,-0.30799039900532144
P03170,6.1,6.930526135650889,-0.8305261356508895
P03171,7.9,7.629817336698422,0.27018266330157825
P03173,6.3,6.979621109969597,-0.679621109969597
P03174,6.3,6.960588486981989,-0.6605884869819896
P03176,6.8,6.476056076109425,0.3239439238905746
P03177,5.2,5.313576444318896,-0.11357644431889558
P03178,7.4,7.685912987735792,-0.28591298773579155
P03179,7.8,7.089294681923692,0.7107053180763074
P03180,5.8,6.080795181672778,-0.2807951816727785
P03181,9.9,8.25262246098063,1.6473775390193701
P03183,7.5,8.071729351227312,-0.5717293512273116
P03184,7.3,7.414830298209981,-0.11483029820998158
P03185,5.8,6.023358074561106,-0.2233580745611059
P03186,6.6,7.245914302989686,-0.6459143029896861
P03187,7.0,6.365279662946134,0.6347203370538663
P03188,7.6,8.297194680068788,-0.6971946800687885
P03189,5.2,5.880787331779064,-0.6807873317790643
P03190,6.5,6.576661634619416,-0.07666163461941622
P03191,7.1,6.86041288332941,0.23958711667058985
P03192,5.8,6.759844103424353,-0.959844103424353
P03195,7.1,6.414385822669753,0.6856141773302467
P03196,7.7,7.663063595962845,0.03693640403715559
P03197,8.3,8.61089592296673,-0.3108959229667292
P03200,8.6,8.420673605925725,0.1793263940742751
P03202,7.7,7.51528637785588,0.18471362214412057
P03204,7.9,7.550604099974887,0.34939590002511345
P03205,4.5,5.751197964018525,-1.251197964018525
P03206,5.3,6.866475064759845,-1.566475064759845
P03207,7.2,7.68908633083748,-0.48908633083747954
P03208,6.3,7.168131894538384,-0.8681318945383838
P03209,8.7,8.553181477281017,0.14681852271898244
P03210,8.0,8.386611676217441,-0.3866116762174414
P03211,7.8,7.197087903660259,0.6029120963397405
P03212,7.3,7.509229155009844,-0.20922915500984374
P03215,8.8,8.57864300119103,0.22135699880896986
P03216,7.3,6.67805436613947,0.6219456338605296
P03218,5.1,5.729655583102263,-0.629655583102263
P03220,7.6,7.290708479278583,0.3092915207214171
P03221,7.6,7.135098583090692,0.4649014169093073
P03222,5.9,5.999866087656089,-0.09986608765608906
P03225,6.6,7.073996497777228,-0.47399649777722797
P03226,7.5,7.600075512777149,-0.1000755127771491
P03228,6.3,6.442857262714874,-0.1428572627148741
P03229,8.7,8.583368631063994,0.11663136893600523
P03230,5.9,6.410936270527751,-0.5109362705277505
P03231,6.2,6.167685021112625,0.03231497888737511
P03232,5.2,5.7412379385125485,-0.5412379385125483
P03234,7.1,6.620219257603191,0.4797807423968088
P03235,7.8,7.954403739693077,-0.15440373969307686
P03236,7.6,7.632136372418605,-0.032136372418605674
P03237,7.7,7.478850127461161,0.221149872538839
P03238,6.4,6.333188673650277,0.06681132634972364
P03239,7.3,7.023753267229098,0.27624673277090217
P03241,6.8,6.567262463006072,0.23273753699392774
P03242,9.1,8.18278151352604,0.9172184864739599
P03243,7.0,6.500259995167292,0.49974000483270764
P03244,6.6,6.6718931237274965,-0.0718931237274969
P03245,7.5,7.99703778225454,-0.49703778225454
P03246,6.6,7.035615753105402,-0.43561575310540235
P03247,7.8,7.469291433603862,0.33070856639613755
P03249,7.6,7.614189129642497,-0.014189129642497633
P03250,7.9,8.494594906730416,-0.5945949067304159
P03251,5.3,5.346065830443585,-0.046065830443585476
P03252,9.9,8.983722735047964,0.9162772649520363
P03253,6.3,5.683017817478696,0.616982182521304
P03255,6.0,6.830610654231769,-0.8306106542317693
P03257,7.3,6.68092782657459,0.6190721734254101
P03259,8.1,8.088393102617555,0.011606897382444359
P03260,8.0,8.025306135440154,-0.02530613544015381
P03262,7.2,7.254718468125247,-0.05471846812524639
P03263,6.6,6.988099007957858,-0.3880990079578588
P03264,7.5,6.6954488585169605,0.8045511414830395
P03265,8.9,7.786318582791255,1.1136814172087455
P03268,8.6,7.724302665114355,0.8756973348856443
P03269,7.6,8.068152127525138,-0.4681521275251388
P03270,6.1,5.712266772652726,0.38773322734727333
P03271,4.4,6.806281586588213,-2.4062815865882126
P03272,7.5,7.799402263535025,-0.29940226353502464
P03273,7.3,8.139506564781604,-0.8395065647816038
P03274,5.7,6.7272248739348495,-1.0272248739348493
P03275,7.5,7.145796730086178,0.354203269913822
P03277,6.8,6.770561800391524,0.02943819960847538
P03278,6.5,7.4298976185708945,-0.9298976185708945
P03279,7.3,7.589269816978129,-0.2892698169781296
P03280,6.4,6.938370299624688,-0.5383702996246873
P03281,7.1,6.890766081979655,0.2092339180203444
P03282,4.6,6.431530440697055,-1.8315304406970556
P03283,7.0,7.140616067476415,-0.1406160674764152
P03284,7.2,7.145768601824586,0.054231398175414114
P03285,7.8,7.050364361933897,0.7496356380661027
P03286,7.5,6.585017298049436,0.9149827019505636
P03287,7.6,6.83173857786278,0.7682614221372193
P03288,6.6,7.307471510697795,-0.7074715106977951
P03289,7.2,7.022747886873239,0.17725211312676148
P03290,7.9,7.792603350535028,0.10739664946497207
P03291,6.7,6.989085074366255,-0.2890850743662545
P03294,7.4,6.930610289255361,0.46938971074463964
P03295,5.8,6.161698563154347,-0.3616985631543468
P03300,6.5,6.815800227021488,-0.31580022702148813
P03301,7.0,7.597315174330863,-0.5973151743308627
P03302,8.6,8.486838920677352,0.11316107932264785
P03303,6.1,6.403523562180836,-0.3035235621808363
P03305,7.2,7.579385961094577,-0.37938596109457645
P03306,4.3,5.561843087290495,-1.2618430872904955
P03307,7.4,7.375812314411519,0.0241876855884815
P03309,5.2,6.033333501342584,-0.833333501342584
P03311,6.2,7.3391030665420125,-1.1391030665420123
P03312,7.4,7.450369991769218,-0.05036999176921775
P03313,7.5,7.636346754778504,-0.13634675477850422
P03314,8.1,8.406088524290686,-0.30608852429068634
P03315,8.5,8.70091590197215,-0.20091590197215048
P03317,5.5,5.801400731669276,-0.3014007316692764
P03318,7.8,7.203164320387999,0.5968356796120009
P03319,8.2,8.028911108219182,0.17108889178081732
P03321,6.7,6.961117969664493,-0.2611179696644932
P03322,7.8,7.751749698627305,0.04825030137269515
P03323,9.6,8.234799705935254,1.3652002940647456
P03325,5.2,6.431362931048343,-1.2313629310483432
P03328,7.5,7.1083401934214425,0.3916598065785575
P03329,6.0,7.142727476806913,-1.142727476806913
P03330,9.9,8.76051798788567,1.13948201211433
P03331,7.6,7.570599853275814,0.02940014672418556
P03332,7.8,7.699724072589682,0.10027592741031821
P03333,7.6,8.117636650626363,-0.517636650626363
P03334,5.0,6.4765950274458906,-1.4765950274458906
P03335,7.6,8.242005734522207,-0.6420057345222077
P03336,9.0,9.204199680507784,-0.20419968050778436
P03337,5.5,5.713076555271941,-0.21307655527194136
P03338,5.1,6.230140704985919,-1.1301407049859193
P03339,6.7,7.954723620245419,-1.2547236202454188
P03340,6.7,5.943924382208799,0.7560756177912014
P03341,7.0,6.983191630835035,0.01680836916496542
P03342,8.3,7.685331974979084,0.6146680250209169
P03343,7.4,7.928319920177203,-0.5283199201772026
P03345,5.8,6.44366506555362,-0.6436650655536198
P03349,8.0,7.864668552387647,0.13533144761235327
P03350,8.3,7.587643394866136,0.7123566051338646
P03351,8.3,7.619442803823702,0.6805571961762986
P03352,8.2,8.006815727172008,0.19318427282799178
P03354,6.9,5.900303113181476,0.9996968868185245
P03355,7.7,8.10628404708967,-0.40628404708966936
P03356,8.6,7.941602350784005,0.6583976492159946
P03357,7.9,7.161737144421792,0.738262855578208
P03359,6.6,6.402678960518365,0.19732103948163449
P03360,5.6,5.478507388703724,0.12149261129627575
P03361,6.5,7.753506861398709,-1.2535068613987086
P03362,7.1,7.0153699439628925,0.08463005603710716
P03363,8.3,7.910426062529043,0.38957393747095814
P03364,6.7,6.543983651182847,0.1560163488171531
P03365,8.2,8.131846809539601,0.06815319046039825
P03367,7.7,8.161020441842899,-0.4610204418428987
P03368,6.6,6.000582779243495,0.5994172207565045
P03370,7.4,7.349528423642895,0.050471576357105086
P03371,7.3,8.039457060757915,-0.739457060757915
P03372,6.0,6.00898216581559,-0.008982165815590193
P03373,6.9,6.639606508091727,0.26039349190827377
P03375,7.5,7.510856664881074,-0.010856664881074174
P03377,7.7,7.457422349452013,0.24257765054798686
P03378,7.4,7.232680467892587,0.16731953210741324
P03380,7.9,7.806200603051702,0.09379939694829798
P03381,6.6,6.88638359904663,-0.2863835990466308
P03382,7.6,7.889757384615413,-0.2897573846154131
P03383,8.0,7.364416306648854,0.6355836933511458
P03384,8.4,7.229599175577935,1.1704008244220656
P03385,6.2,6.614581577219487,-0.4145815772194865
P03386,6.3,7.122489664214775,-0.8224896642147748
P03387,7.2,7.346665968946347,-0.14666596894634676
P03388,6.1,5.937825446374173,0.16217455362582633
P03389,6.2,7.532511527108484,-1.3325115271084842
P03390,6.6,6.055434440035514,0.5445655599644859
P03392,7.4,7.035150648870854,0.3648493511291466
P03394,6.8,6.948117035100984,-0.1481170351009844
P03396,5.2,5.886858190560622,-0.6868581905606215
P03397,5.6,5.593206563222626,0.0067934367773734294
P03398,6.4,7.521429166138598,-1.121429166138598
P03403,5.5,5.606642191792431,-0.10664219179243073
P03404,8.3,7.281426742458163,1.0185732575418376
P03405,7.9,8.459375608533987,-0.5593756085339869
P03406,7.0,7.581538285185285,-0.5815382851852853
P03408,5.6,5.721483205005301,-0.12148320500530119
P03410,7.6,6.589853336445261,1.010146663554739
P03411,7.5,8.607064117462862,-1.107064117462862
P03412,4.6,6.31884355080109,-1.7188435508010906
P03414,7.3,7.997555810760485,-0.6975558107604849
P03415,7.5,6.447859543673863,1.0521404563261374
P03416,7.1,7.78364361333891,-0.6836436133389103
P03417,7.7,6.81961474774477,0.8803852522552305
P03418,7.4,6.947123659231013,0.4528763407689871
P03419,6.1,6.783984289364806,-0.6839842893648065
P03420,5.6,5.362247773271964,0.23775222672803586
P03421,7.7,7.792239989065686,-0.09223998906568553
P03422,7.5,7.225293518979455,0.2747064810205453
P03423,7.7,7.762537509066886,-0.06253750906688627
P03424,8.5,8.344608901013576,0.15539109898642423
P03425,6.9,6.378577053749374,0.5214229462506266
P03427,5.8,6.952274606886804,-1.1522746068868042
P03428,6.3,6.475097339471719,-0.17509733947171924
P03429,7.9,8.308521846726503,-0.4085218467265026
P03430,7.3,7.227708502827858,0.07229149717214156
P03431,7.4,6.710065830551691,0.6899341694483097
P03432,6.0,6.180494687688628,-0.1804946876886282
P03433,7.0,7.086938471460154,-0.08693847146015443
P03434,6.6,6.289895148816802,0.31010485118319764
P03436,9.5,9.420229212343733,0.07977078765626722
P03437,8.3,9.136459398777834,-0.8364593987778335
P03438,5.6,6.069227569932506,-0.4692275699325066
P03440,7.5,7.358778009142645,0.1412219908573551
P03441,8.4,6.792512444418978,1.607487555581022
P03443,5.7,5.8163625807283,-0.11636258072829975
P03444,6.3,7.101864671035445,-0.8018646710354451
P03445,8.9,6.831650646251653,2.0683493537483475
P03446,8.7,8.549013681641416,0.15098631835858356
P03447,9.1,8.0341876055943,1.0658123944057003
P03448,7.1,8.336630814971642,-1.236630814971642
P03449,9.7,8.714325478036368,0.9856745219636309
P03450,6.0,6.304638943391748,-0.3046389433917476
P03451,9.7,8.620534693089773,1.079465306910226
P03452,4.6,5.902296599451904,-1.3022965994519042
P03453,5.3,6.331490184261653,-1.0314901842616528
P03454,8.7,7.710430351976962,0.9895696480230374
P03455,8.5,7.632575125988255,0.8674248740117454
P03456,9.7,8.467762668906111,1.2322373310938879
P03457,7.1,6.828576973634515,0.27142302636548443
P03459,6.2,6.088642889732985,0.111357110267015
P03460,7.7,6.812207033212929,0.887792966787071
P03461,7.8,8.229992959438741,-0.4299929594387413
P03462,6.5,6.8286685435681775,-0.32866854356817754
P03463,5.7,7.069825717345215,-1.3698257173452149
P03464,7.8,7.228062560421031,0.5719374395789689
P03466,8.0,7.908485678381871,0.09151432161812867
P03467,7.0,6.769171428803565,0.23082857119643485
P03468,7.1,6.565896854330218,0.534103145669782
P03470,8.2,7.642668943139451,0.5573310568605478
P03471,8.2,7.472015226300369,0.7279847736996299
P03473,8.0,8.042319976382185,-0.042319976382184876
P03474,8.2,8.100972656065586,0.09902734393441293
P03475,6.2,7.211923383929117,-1.0119233839291164
P03477,7.4,7.412086771317687,-0.012086771317686207
P03479,6.7,7.589747969508856,-0.8897479695088562
P03480,6.2,5.910611862172049,0.2893881378279515
P03481,9.5,8.536921037802617,0.9630789621973825
P03483,6.4,6.530568421505283,-0.13056842150528247
P03484,7.4,7.396490911067844,0.003509088932156068
P03485,7.8,7.724247027853992,0.07575297214600774
P03486,5.5,7.008447772687481,-1.5084477726874814
P03487,5.5,5.780031780201628,-0.2800317802016279
P03489,7.0,7.784666305000504,-0.7846663050005036
P03491,6.3,7.804050250562795,-1.5040502505627948
P03492,6.6,7.38551692014309,-0.78551692014309
P03493,6.7,7.308144241871622,-0.6081442418716216
P03494,6.9,6.5357722778308585,0.3642277221691419
P03499,4.1,5.931982203534245,-1.8319822035342455
P03500,9.1,6.980573757664949,2.1194262423350505
P03501,6.2,5.847956616137101,0.3520433838628989
P03503,5.6,6.091755518999838,-0.49175551899983816
P03504,8.2,7.447248213427107,0.7527517865728921
P03505,8.8,7.673910561160996,1.1260894388390046
P03506,7.5,7.642040920122614,-0.14204092012261427
P03507,5.9,5.881974321366264,0.018025678633736497
P03508,8.3,8.400471456961956,-0.10047145696195514
P03510,7.7,8.759107695736345,-1.059107695736345
P03512,7.3,6.794155878729716,0.5058441212702842
P03513,7.0,6.052726576668137,0.9472734233318629
P03514,4.6,4.984974349392589,-0.38497434939258923
P03515,8.2,7.520041568212509,0.6799584317874903
P03516,6.0,6.2668678092024965,-0.26686780920249653
P03518,9.0,7.648542643842543,1.3514573561574572
P03519,6.8,6.529461961541706,0.2705380384582936
P03521,7.4,7.876317586738726,-0.47631758673872593
P03523,7.4,7.085653755616852,0.31434624438314795
P03525,8.4,7.090080266236747,1.3099197337632535
P03527,4.8,4.805573794001148,-0.0055737940011484355
P03528,7.7,7.235193433546077,0.46480656645392315
P03530,8.1,7.923961861985596,0.1760381380144036
P03531,6.1,7.125332885612664,-1.0253328856126647
P03532,8.4,7.661752862305311,0.7382471376946897
P03533,6.8,5.727422979649863,1.0725770203501366
P03534,6.8,5.696984165862407,1.1030158341375929
P03535,9.1,8.201936890204419,0.8980631097955811
P03536,8.3,7.487206811421721,0.8127931885782793
P03537,5.3,6.129033006362644,-0.8290330063626445
P03538,6.9,7.669829713172411,-0.7698297131724106
P03540,6.2,6.232238047105307,-0.032238047105306755
P03542,6.9,7.345133554602111,-0.44513355460211024
P03543,6.1,6.364167411889905,-0.2641674118899058
P03544,8.5,8.199989979396033,0.30001002060396686
P03545,7.0,7.862647216705124,-0.862647216705124
P03546,8.6,8.328738327480051,0.27126167251994815
P03547,7.4,8.219475968109622,-0.8194759681096215
P03548,7.8,7.144827107154436,0.655172892845564
P03549,6.1,6.072291032703274,0.027708967296725895
P03550,5.2,5.420722493800732,-0.22072249380073217
P03551,6.8,7.465117032956884,-0.6651170329568838
P03552,6.2,6.435706924271918,-0.23570692427191808
P03554,6.9,5.755212840682474,1.1447871593175263
P03555,7.9,7.528632005708834,0.37136799429116607
P03557,4.6,6.106036143800155,-1.5060361438001557
P03558,5.7,5.984311965819086,-0.2843119658190858
P03559,5.5,5.042503090544596,0.4574969094554042
P03560,7.0,6.621060186927419,0.37893981307258073
P03561,7.4,7.77199043851097,-0.37199043851097
P03562,7.3,7.929383637053298,-0.6293836370532979
P03563,8.1,7.23717350091282,0.8628264990871797
P03564,4.7,7.486742599208674,-2.786742599208674
P03566,8.5,8.626011072140495,-0.12601107214049456
P03569,8.2,7.557808364944123,0.6421916350558767
P03570,4.9,6.185834510109737,-1.285834510109737
P03572,7.1,6.599197172236794,0.5008028277632057
P03574,6.4,7.959469762796543,-1.5594697627965424
P03576,9.9,8.733869313269931,1.1661306867300691
P03577,7.9,7.023932934193267,0.8760670658067333
P03578,6.9,5.501725007862398,1.398274992137602
P03579,7.0,6.386565413790717,0.6134345862092827
P03580,6.0,6.515777419192831,-0.5157774191928306
P03581,6.7,6.317352579501596,0.3826474204984045
P03583,7.6,7.041165973810256,0.5588340261897438
P03584,8.9,8.257057171279587,0.6429428287204129
P03585,7.7,7.449143061718312,0.25085693828168854
P03586,7.5,7.442589139870146,0.05741086012985441
P03587,5.7,7.168848194395496,-1.4688481943954956
P03588,5.5,6.0197196042468,-0.5197196042468004
P03590,8.3,8.00732270925852,0.2926772907414801
P03591,7.4,7.342511617671571,0.057488382328429566
P03592,6.6,6.272264857981748,0.32773514201825193
P03593,8.0,8.556795941376384,-0.5567959413763841
P03594,6.7,6.739252932750531,-0.039252932750530434
P03595,7.1,8.678690262671406,-1.5786902626714063
P03596,3.9,4.9746695607282,-1.0746695607282004
P03597,7.6,6.986236723448195,0.6137632765518051
P03598,6.4,6.903704075428909,-0.5037040754289084
P03599,6.4,6.319087783428328,0.08091221657167225
P03600,5.5,6.945171524446796,-1.4451715244467964
P03602,7.7,7.0723798914373495,0.6276201085626507
P03603,7.5,7.414636504223773,0.08536349577622726
P03604,8.4,7.557076889921545,0.8429231100784556
P03605,6.5,7.727489907784788,-1.227489907784788
P03606,5.8,6.557552924663545,-0.7575529246635453
P03609,7.9,8.345818332093092,-0.44581833209309174
P03610,8.7,7.3997761613069795,1.3002238386930198
P03611,7.5,6.622642626130427,0.8773573738695726
P03612,6.0,5.956657826031053,0.043342173968946796
P03613,7.0,7.080541554910769,-0.08054155491076909
P03615,6.4,6.889272051816464,-0.4892720518164637
P03616,7.7,7.779996336490932,-0.07999633649093152
P03617,7.9,6.8570433650858025,1.0429566349141979
P03618,8.0,8.083304454671856,-0.08330445467185577
P03619,5.9,5.702781846165732,0.19721815383426833
P03620,7.5,7.312417762082297,0.18758223791770323
P03621,7.5,7.7643694122608,-0.2643694122608
P03622,7.2,7.043690215373252,0.15630978462674783
P03623,9.6,8.32634688306363,1.2736531169363694
P03626,7.0,6.999042085502209,0.0009579144977909237
P03627,5.2,6.504367321801726,-1.3043673218017258
P03628,6.2,6.471199652466471,-0.27119965246647126
P03629,6.4,5.834777608111187,0.5652223918888133
P03630,7.6,7.550211047387751,0.04978895261224903
P03631,7.5,7.656959312593994,-0.15695931259399387
P03632,7.2,8.177051193783015,-0.9770511937830149
P03633,6.1,6.177355430237323,-0.07735543023732294
P03635,5.1,6.24137251039711,-1.14137251039711
P03637,9.3,8.772546691047564,0.5274533089524365
P03638,7.4,7.867993074870615,-0.4679930748706145
P03639,7.7,7.904134126299498,-0.2041341262994978
P03640,6.6,7.444670200899517,-0.8446702008995173
P03641,8.1,7.880378025477066,0.21962197452293353
P03643,9.5,8.07050410168318,1.4294958983168193
P03645,7.2,6.931031147150446,0.26896885284955374
P03646,7.8,6.807817019065284,0.9921829809347162
P03649,7.1,7.293921718987828,-0.19392171898782795
P03650,6.5,7.442844616514863,-0.9428446165148632
P03651,6.0,5.711799643766894,0.2882003562331059
P03652,7.3,6.358322155553218,0.9416778444467822
P03653,7.0,6.831973582881151,0.16802641711884903
P03654,6.3,7.059779223493464,-0.7597792234934646
P03655,5.6,6.247624385886362,-0.6476243858863624
P03656,6.3,5.689769982226756,0.6102300177732438
P03657,8.0,7.718321504191203,0.281678495808797
P03658,7.2,6.175807171317224,1.024192828682776
P03660,5.5,5.942235177877375,-0.4422351778773752
P03661,6.5,6.639536684372655,-0.1395366843726551
P03662,5.2,6.034079841054812,-0.8340798410548116
P03663,8.1,6.734186534877678,1.3658134651223213
P03664,6.4,6.846867533754014,-0.44686753375401356
P03665,7.9,7.258138502511004,0.6418614974889962
P03667,9.1,8.003049778547217,1.0969502214527829
P03668,7.6,7.746569548669742,-0.14656954866974203
P03671,6.2,6.84910733206224,-0.6491073320622398
P03672,7.0,6.095122810363456,0.9048771896365437
P03673,7.1,7.129314902758857,-0.029314902758857286
P03674,8.1,6.924218851894322,1.1757811481056777
P03675,6.0,5.785833125869796,0.2141668741302043
P03678,7.8,7.433821157945149,0.3661788420548504
P03679,8.1,7.610378707102213,0.48962129289778655
P03680,5.4,6.489371089029224,-1.0893710890292239
P03681,5.1,5.198701108222581,-0.09870110822258127
P03683,8.0,7.546190588701793,0.45380941129820673
P03684,8.3,7.446690616447622,0.8533093835523786
P03685,8.1,7.61686973894065,0.4831302610593493
P03686,6.9,7.584263995509687,-0.6842639955096868
P03688,5.9,6.620835148165954,-0.7208351481659534
P03689,6.0,6.781598023027776,-0.7815980230277759
P03690,5.3,5.36230402172842,-0.06230402172842009
P03691,5.5,6.094430778745438,-0.5944307787454379
P03692,6.8,6.726986536690589,0.07301346330941083
P03693,7.8,7.256562773974113,0.5434372260258868
P03694,7.6,8.51211769042209,-0.9121176904220896
P03695,6.5,6.597762728687857,-0.09776272868785707
P03696,6.8,7.225753733479144,-0.42575373347914436
P03698,4.8,5.825534247238044,-1.0255342472380438
P03699,6.8,7.361056395273956,-0.5610563952739565
P03700,7.0,6.963438427083261,0.03656157291673878
P03702,8.7,8.565401600866489,0.13459839913351068
P03703,7.2,7.082918768553028,0.11708123144697247
P03704,6.7,6.545680627947391,0.15431937205260926
P03705,6.3,6.6711223559133375,-0.37112235591333764
P03706,7.5,6.577685459417371,0.9223145405826294
P03707,5.8,6.002624147838603,-0.20262414783860283
P03708,4.6,5.830680818924471,-1.2306808189244718
P03709,6.8,6.0575334537516,0.7424665462483997
P03710,7.5,7.4090626966919455,0.0909373033080545
P03711,6.2,7.296896474162319,-1.0968964741623184
P03712,5.3,5.690752781404671,-0.39075278140467073
P03713,5.1,5.99020416305466,-0.8902041630546602
P03715,6.7,7.3483072361265265,-0.6483072361265263
P03716,7.7,7.334143804774986,0.3658561952250139
P03717,5.1,6.566283178346184,-1.4662831783461847
P03718,7.1,7.657888015894542,-0.5578880158945427
P03719,6.3,6.220915560873817,0.07908443912618246
P03722,5.8,7.571501583251642,-1.7715015832516423
P03723,7.2,7.1179597288995735,0.08204027110042666
P03726,5.4,6.311228922349165,-0.9112289223491645
P03727,8.5,7.045540272675952,1.454459727324048
P03729,7.3,7.282334273064942,0.017665726935057968
P03730,7.0,7.3616581879035,-0.36165818790350013
P03731,6.5,7.218405054208461,-0.7184050542084606
P03732,7.8,6.996611240311707,0.8033887596882927
P03733,6.9,7.310225426117757,-0.4102254261177567
P03736,9.2,8.925288626740542,0.27471137325945705
P03737,8.1,7.196804561589856,0.9031954384101439
P03738,7.6,7.262231635688253,0.3377683643117466
P03739,5.6,7.042044870520029,-1.4420448705200295
P03740,6.9,7.034773286566122,-0.13477328656612197
P03741,7.2,6.593409314996183,0.606590685003817
P03742,5.0,5.99974027850826,-0.9997402785082601
P03743,8.5,7.481205233765519,1.018794766234481
P03744,6.2,6.502867380346755,-0.302867380346755
P03745,6.8,6.975586748894916,-0.17558674889491588
P03746,7.8,7.735062994972733,0.06493700502726707
P03747,8.1,7.885201252878521,0.2147987471214785
P03749,5.8,6.099968390237953,-0.29996839023795285
P03750,7.5,7.7919614530317025,-0.2919614530317025
P03751,7.5,6.438251397266065,1.0617486027339353
P03752,7.7,8.661190961496704,-0.9611909614967038
P03754,8.0,6.980625344627798,1.0193746553722018
P03755,7.3,7.239495979663646,0.060504020336353825
P03756,4.9,6.092939920116337,-1.1929399201163369
P03757,7.3,6.220603682996209,1.0793963170037912
P03758,7.0,7.533971690511068,-0.5339716905110681
P03759,6.8,7.051481086366676,-0.25148108636667654
P03760,6.9,8.030666308856347,-1.1306663088563464
P03761,7.8,7.56222833999042,0.23777166000957983
P03762,5.1,6.3340500557553305,-1.2340500557553309
P03763,6.9,6.129479774556621,0.770520225443379
P03764,5.8,6.124584556092607,-0.3245845560926073
P03765,6.8,6.706142459828231,0.0938575401717685
P03766,7.4,6.595405410674945,0.8045945893250552
P03767,5.4,6.870737407956824,-1.4707374079568236
P03768,5.3,6.026947822928053,-0.7269478229280528
P03769,6.2,7.232025686393233,-1.0320256863932329
P03770,8.1,7.737719234682127,0.36228076531787234
P03771,6.0,6.168766392989267,-0.16876639298926666
P03772,7.7,6.980307129471866,0.7196928705281342
P03773,6.7,8.279839683767488,-1.5798396837674877
P03775,6.9,7.242836154332256,-0.34283615433225556
P03776,6.3,7.074412851715129,-0.7744128517151294
P03778,7.1,7.37492124058138,-0.27492124058138057
P03779,8.8,7.6867924953707645,1.1132075046292362
P03780,8.6,8.725244412527857,-0.12524441252785756
P03781,8.2,7.434952746811362,0.7650472531886372
P03782,7.5,7.039791290067893,0.4602087099321066
P03783,5.5,6.375925348623754,-0.8759253486237544
P03784,7.7,6.997138999692378,0.7028610003076219
P03785,8.4,8.580467950873693,-0.18046795087369283
P03786,5.9,6.250127842944209,-0.3501278429442083
P03789,5.9,6.810035734864497,-0.910035734864497
P03790,7.0,7.8797277414111475,-0.8797277414111475
P03792,7.2,7.218809318506864,-0.018809318506863626
P03793,5.2,6.380869339508683,-1.180869339508683
P03795,6.4,5.492934034970061,0.9070659650299397
P03796,6.3,5.786338490368203,0.5136615096317971
P03797,5.7,5.808079799619847,-0.10807979961984682
P03798,7.0,7.016388731526178,-0.01638873152617837
P03800,5.3,5.918174826374716,-0.618174826374716
P03801,8.0,7.764962932617159,0.2350370673828408
P03802,9.0,8.377600823407693,0.6223991765923067
P03803,8.0,7.865669636176748,0.1343303638232518
P03804,7.8,7.797188756004406,0.0028112439955938484
P03805,7.1,7.469548378525767,-0.36954837852576716
P03806,8.8,7.309381197868029,1.490618802131972
P03807,7.4,7.588032915580566,-0.18803291558056578
P03808,6.9,5.829272003716993,1.070727996283007
P03810,9.4,8.5436679971905,0.8563320028095003
P03811,5.9,6.371891049451745,-0.4718910494517443
P03812,8.0,8.673730637653234,-0.6737306376532342
P03813,6.4,6.258378625478428,0.14162137452157264
P03814,8.2,7.296750548804692,0.9032494511953075
P03815,8.5,8.496929235844206,0.0030707641557938814
P03816,8.9,7.877776297375462,1.0222237026245384
P03817,9.4,7.260542649785339,2.139457350214661
P03818,7.9,8.216821723800706,-0.3168217238007056
P03820,7.8,7.851807074343574,-0.05180707434357412
P03821,7.4,7.602521571270538,-0.2025215712705375
P03822,7.8,7.787023586656675,0.012976413343325
P03823,8.0,7.824526468407999,0.17547353159200085
P03824,8.4,7.805112448809913,0.5948875511900873
P03825,5.5,6.255515392487789,-0.7555153924877889
P03826,7.5,6.627266764991783,0.8727332350082166
P03827,7.1,6.637821109677415,0.4621788903225843
P03828,7.5,7.820650284414853,-0.3206502844148531
P03829,7.2,6.851779916365496,0.3482200836345042
P03830,4.3,5.882614613422325,-1.582614613422325
P03831,6.3,6.893470386365416,-0.593470386365416
P03832,9.1,8.763863106383795,0.3361368936162048
P03833,7.1,8.006304602075378,-0.9063046020753784
P03834,7.8,8.124588751851547,-0.32458875185154756
P03835,7.4,7.999296764146476,-0.5992967641464757
P03836,4.3,4.9860582312948685,-0.6860582312948686
P03837,5.3,5.392259546483325,-0.09225954648332557
P03838,8.3,7.789685115963461,0.5103148840365401
P03840,7.1,7.149586097833424,-0.0495860978334246
P03841,7.4,6.94753865421327,0.45246134578673036
P03842,6.2,6.3477108469293295,-0.14771084692932934
P03843,8.5,7.989369777234284,0.510630222765716
P03844,6.3,6.89533264735212,-0.5953326473521203
P03845,6.5,6.791528709458028,-0.2915287094580279
P03846,6.9,5.865051429585183,1.0349485704148176
P03848,8.1,7.969441723249398,0.13055827675060172
P03849,6.5,5.423846200171138,1.0761537998288624
P03850,7.7,6.845759629503111,0.8542403704968891
P03851,5.9,5.783932190160993,0.11606780983900755
P03852,7.3,7.29255441784588,0.007445582154120167
P03853,6.6,7.16029498434575,-0.5602949843457505
P03854,7.5,6.387712428085532,1.112287571914468
P03855,5.5,5.969242782165015,-0.4692427821650149
P03857,6.4,7.195329794755177,-0.795329794755177
P03858,5.5,6.099834060713244,-0.5998340607132437
P03859,6.6,6.885692620326771,-0.28569262032677134
P03861,6.1,7.879938075255225,-1.7799380752552256
P03862,7.5,6.910695174711943,0.5893048252880568
P03863,6.2,6.100492117947449,0.09950788205255101
P03864,7.4,6.96980212985085,0.4301978701491507
P03865,6.4,6.644639238954928,-0.24463923895492723
P03866,8.2,8.194643023306538,0.005356976693461135
P03867,8.0,8.34709839472172,-0.3470983947217192
P03868,4.5,5.615837439140351,-1.1158374391403507
P03869,7.7,6.7500761173781205,0.9499238826218797
P03870,7.8,8.22623463867119,-0.4262346386711906
P03871,7.2,7.367360335307043,-0.16736033530704297
P03874,8.6,8.50341892632883,0.0965810736711692
P03875,6.4,6.938056750187614,-0.5380567501876135
P03876,6.0,6.426941405320535,-0.4269414053205347
P03877,5.6,5.840543855866334,-0.24054385586633398
P03878,8.1,7.60083253175579,0.49916746824420954
P03879,7.4,6.662823249345324,0.737176750654676
P03880,6.7,6.806565262063354,-0.10656526206335393
P03882,8.6,8.404989775029376,0.19501022497062337
P03883,6.7,6.798851845442036,-0.09885184544203618
P03884,9.6,8.011363444006419,1.5886365559935811
P03885,5.6,6.244763944668622,-0.6447639446686226
P03886,8.7,8.093045509981637,0.6069544900183619
P03887,6.5,6.714073069373868,-0.21407306937386839
P03889,8.2,8.635429037791658,-0.43542903779165876
P03892,7.5,7.606372372548304,-0.10637237254830367
P03893,5.9,6.160076743455383,-0.26007674345538234
P03894,8.5,8.364391765218954,0.13560823478104567
P03895,6.2,7.081568713885179,-0.8815687138851791
P03897,6.5,5.65280581748232,0.8471941825176801
P03898,8.1,8.011654842372593,0.08834515762740658
P03899,8.1,7.629489642866872,0.4705103571331275
P03901,7.8,6.817236385097468,0.9827636149025318
P03902,8.4,9.030761852692162,-0.6307618526921619
P03903,6.7,6.647814023042263,0.05218597695773752
P03904,6.2,6.2355270498242925,-0.035527049824292334
P03905,6.3,6.2003180625906165,0.09968193740938336
P03906,8.0,8.696752206793068,-0.696752206793068
P03909,6.2,5.982002441930813,0.21799755806918686
P03910,6.6,7.218348609793777,-0.6183486097937774
P03911,6.3,5.908841225658541,0.3911587743414584
P03913,6.5,7.047353681797544,-0.547353681797544
P03914,7.7,7.019023228115029,0.6809767718849713
P03915,6.1,5.034889059629739,1.0651109403702606
P03916,7.1,7.525090732130779,-0.4250907321307791
P03917,5.5,5.825896839044025,-0.32589683904402467
P03919,6.3,7.667237980529425,-1.367237980529425
P03920,5.4,5.824018033514697,-0.424018033514697
P03921,6.9,7.638890908406786,-0.7388909084067858
P03923,8.7,7.549102265215213,1.1508977347847864
P03924,7.5,7.9196654852567505,-0.4196654852567505
P03925,5.0,6.242077057872679,-1.2420770578726792
P03926,7.3,7.335295317656365,-0.035295317656364844
P03927,5.1,6.776114917361625,-1.676114917361625
P03928,7.8,7.652941586014117,0.14705841398588326
P03929,7.1,7.604485379165522,-0.5044853791655219
P03930,9.0,8.631421948862162,0.36857805113783826
P03931,7.6,6.539783289545231,1.0602167104547684
P03932,6.0,5.875563549021774,0.12443645097822564
P03933,6.3,6.634548983865307,-0.3345489838653073
P03934,7.0,6.980709798554735,0.01929020144526472
P03935,7.5,7.63044153079883,-0.13044153079883003
P03936,6.9,7.601809405213471,-0.7018094052134707
P03937,6.6,6.893554253952287,-0.29355425395228707
P03938,7.0,6.983749796764632,0.01625020323536841
P03939,7.1,6.536781818480017,0.563218181519983
P03940,7.3,6.789513216275167,0.5104867837248328
P03941,6.1,5.957274979925639,0.1427250200743604
P03942,8.4,7.695141208439644,0.7048587915603566
P03944,7.0,7.35184213817065,-0.3518421381706496
P03946,8.4,7.668757298919024,0.7312427010809763
P03948,5.2,5.744091068822818,-0.5440910688228175
P03949,7.6,7.34817944265418,0.25182055734581965
P03951,8.2,7.246869816616418,0.953130183383581
P03952,6.5,5.39994604279332,1.10005395720668
P03953,5.9,6.459576870535702,-0.559576870535702
P03955,8.1,7.916377607395797,0.1836223926042022
P03956,7.0,7.9732949405127505,-0.9732949405127505
P03958,6.9,6.762295849414027,0.1377041505859733
P03959,6.4,6.225228084572234,0.17477191542776627
P03960,5.7,6.014390160614717,-0.3143901606147166
P03961,7.6,7.154782532529971,0.44521746747002844
P03962,9.4,8.14202974348079,1.2579702565192097
P03963,9.0,8.181556519015281,0.818443480984719
P03964,7.9,7.634355187719423,0.265644812280577
P03965,7.5,6.5575196019223565,0.9424803980776435
P03966,8.2,8.542559470049524,-0.34255947004952425
P03967,5.5,5.237089116677907,0.26291088332209256
P03968,8.3,7.864724744498843,0.43527525550115787
P03969,6.7,6.413894628820064,0.2861053711799366
P03970,8.3,7.706888012672076,0.5931119873279247
P03971,7.4,7.017836501757437,0.382163498242563
P03974,6.0,6.029783888685995,-0.02978388868599513
P03975,7.8,7.820629805491565,-0.020629805491565456
P03977,4.9,6.389458364731068,-1.4894583647310675
P03978,7.6,7.108585353067246,0.4914146469327534
P03979,6.6,7.064582422783126,-0.4645824227831268
P03980,7.1,7.619582979367551,-0.5195829793675513
P03981,7.0,7.169293872787965,-0.16929387278796515
P03982,5.8,6.754804554594838,-0.9548045545948378
P03983,8.9,8.42540369789659,0.47459630210341075
P03984,8.4,8.515680119675043,-0.11568011967504255
P03986,6.9,7.175956179434176,-0.27595617943417583
P03987,5.0,4.777995564431888,0.22200443556811233
P03989,5.0,6.454388591672748,-1.454388591672748
P03991,6.2,6.5580525586483445,-0.3580525586483443
P03992,6.3,6.394847938428945,-0.0948479384289449
P03993,9.1,8.359548234331745,0.7404517656682543
P03994,8.7,8.729748558168735,-0.029748558168735784
P03995,7.6,8.002439387735908,-0.4024393877359085
P03996,7.3,8.122944822076299,-0.8229448220762992
P03998,5.3,4.717398318915768,0.582601681084232
P03999,7.8,7.712948160325741,0.08705183967425878
P04000,8.4,8.142781984349892,0.2572180156501087
P04002,8.8,7.932397623366281,0.8676023766337195
P04003,7.3,7.361563548279164,-0.06156354827916388
P04004,5.8,6.090539631260742,-0.2905396312607422
P04005,8.0,7.154900215445101,0.8450997845548986
P04006,8.5,7.788998716563073,0.7110012834369268
P04007,4.8,5.35944033489821,-0.55944033489821
P04008,4.7,6.116254410973655,-1.4162544109736546
P04012,7.0,7.669574194972004,-0.6695741949720038
P04013,7.6,7.850653796453486,-0.25065379645348607
P04014,7.7,6.973265868271348,0.7267341317286524
P04015,6.4,7.130261363135542,-0.7302613631355417
P04017,7.5,7.780030436064056,-0.280030436064056
P04018,5.3,6.257703140015352,-0.9577031400153526
P04019,7.5,6.710827828762803,0.7891721712371966
P04021,8.2,6.641603984938932,1.5583960150610672
P04022,8.4,8.322162622094783,0.07783737790521705
P04023,6.1,7.469399804656437,-1.369399804656437
P04024,6.6,6.599103916322011,0.0008960836779889902
P04025,8.2,7.829407571625985,0.37059242837401385
P04026,6.2,6.59642412645547,-0.39642412645546976
P04027,4.5,5.744753202044127,-1.2447532020441274
P04028,6.3,7.0411680026066445,-0.7411680026066447
P04030,6.0,6.151054766119418,-0.15105476611941793
P04031,7.7,7.420105253827668,0.27989474617233245
P04032,6.4,6.124100379536474,0.2758996204635267
P04033,6.8,6.914715390700512,-0.11471539070051229
P04034,7.8,7.2944856578156765,0.5055143421843233
P04036,6.4,6.098628823031368,0.30137117696863225
P04037,7.5,7.0402167512136415,0.45978324878635846
P04038,8.5,8.295046222994438,0.20495377700556183
P04041,7.5,7.549961397338503,-0.04996139733850313
P04042,9.6,7.981354333474329,1.618645666525671
P04044,6.9,6.029185220806773,0.8708147791932275
P04045,6.4,6.8081990086331805,-0.40819900863318015
P04046,5.7,6.818730711477886,-1.1187307114778857
P04047,7.5,7.478897750172477,0.021102249827523067
P04048,6.9,6.588330392391304,0.311669607608696
P04049,7.0,7.287021953002276,-0.2870219530022764
P04050,8.1,6.802612003479929,1.2973879965200705
P04051,6.6,7.18909812766605,-0.5890981276660501
P04053,7.8,6.673845070790431,1.1261549292095685
P04054,6.7,7.406275189121684,-0.7062751891216834
P04055,7.4,7.056277819269669,0.3437221807303317
P04056,7.8,7.821427767665943,-0.021427767665943342
P04057,5.6,5.7178767616773545,-0.11787676167735484
P04058,8.6,7.547368715008438,1.0526312849915618
P04059,8.4,7.951375554771037,0.4486244452289636
P04060,6.9,6.88243208111761,0.017567918882390288
P04061,7.1,8.200348351787287,-1.1003483517872876
P04063,7.3,7.241347904556971,0.05865209544302896
P04064,4.1,5.9980935740134935,-1.8980935740134939
P04065,8.0,7.924783045794603,0.07521695420539665
P04066,7.7,7.223214284012849,0.4767857159871509
P04067,5.4,6.375819479257862,-0.9758194792578614
P04068,6.9,6.855476748984987,0.04452325101501309
P04070,7.6,7.461568530114107,0.1384314698858926
P04071,7.0,7.051648291493449,-0.05164829149344907
P04073,6.8,7.127625255335002,-0.3276252553350023
P04074,6.2,6.118034047829957,0.08196595217004354
P04075,7.3,6.858752848826294,0.44124715117370616
P04076,7.7,6.98173105762482,0.7182689423751798
P04077,7.6,7.260018154653422,0.3399818453465775
P04078,6.6,7.406021003124992,-0.8060210031249921
P04079,9.8,7.945570823337327,1.8544291766626735
P04080,6.2,7.674454460166289,-1.4744544601662888
P04081,7.6,7.191341525549598,0.4086584744504016
P04082,7.0,7.670615446627898,-0.670615446627898
P04083,7.3,7.76690464080797,-0.4669046408079698
P04084,8.6,8.027978136649445,0.5720218633505549
P04085,7.1,7.247166822594213,-0.14716682259421354
P04086,7.8,7.407052470426082,0.39294752957391754
P04088,8.0,8.460926843185154,-0.4609268431851543
P04089,8.1,7.174762249846531,0.9252377501534683
P04090,6.3,7.331886625316904,-1.0318866253169041
P04091,6.2,6.063960633833303,0.1360393661666972
P04092,7.9,7.565094517508832,0.3349054824911679
P04094,7.5,7.071124003127162,0.42887599687283817
P04095,6.2,6.628898398748276,-0.4288983987482755
P04096,7.9,7.602499615183506,0.29750038481649455
P04097,7.3,8.454924142466028,-1.1549241424660286
P04100,7.5,7.590802730323439,-0.09080273032343911
P04101,9.1,9.14799224725421,-0.047992247254210696
P04102,6.9,7.02280080393844,-0.12280080393844006
P04103,7.3,7.542084301353308,-0.24208430135330783
P04104,5.2,6.45487782216764,-1.2548778221676402
P04105,5.5,6.567535011266539,-1.0675350112665392
P04106,7.2,7.073400763787178,0.12659923621282232
P04107,6.4,6.910800579745169,-0.5108005797451689
P04108,8.3,7.908186946556862,0.39181305344313877
P04110,8.0,7.653189721649962,0.34681027835003775
P04112,6.2,6.544888770332369,-0.34488877033236864
P04113,7.2,7.157520883597581,0.042479116402419415
P04114,7.9,8.14521399942792,-0.24521399942791966
P04116,6.8,6.870739019652979,-0.07073901965297935
P04117,4.8,5.7841523534409305,-0.9841523534409307
P04119,8.9,7.087885068338308,1.812114931661692
P04120,5.8,5.916732713921014,-0.11673271392101459
P04121,6.1,6.035237816872153,0.0647621831278462
P04122,8.7,8.039690673206252,0.6603093267937474
P04123,8.7,7.169668219184753,1.5303317808152466
P04124,8.4,7.897272873346707,0.5027271266532933
P04125,5.8,6.532431834094958,-0.7324318340949585
P04126,6.2,6.158642024514117,0.041357975485882825
P04127,7.6,7.248717904678316,0.3512820953216833
P04129,6.9,6.788125594123102,0.11187440587689856
P04132,6.3,6.578358123760891,-0.2783581237608912
P04133,6.7,8.080650246424288,-1.3806502464242874
P04134,9.2,8.03729875757034,1.1627012424296588
P04135,9.6,7.768635814106965,1.831364185893035
P04136,6.9,7.161576195596687,-0.2615761955966862
P04137,8.2,7.410087328361519,0.7899126716384801
P04138,7.1,7.179013458579514,-0.07901345857951458
P04139,7.0,7.147759151091105,-0.1477591510911047
P04140,6.0,6.290555576661238,-0.2905555766612382
P04141,6.8,6.352810007000335,0.44718999299966455
P04142,7.9,7.116274000496023,0.7837259995039769
P04143,8.4,7.279166096990295,1.1208339030097054
P04144,7.1,7.367028428577464,-0.267028428577464
P04145,5.3,5.836829217031651,-0.5368292170316513
P04147,5.8,7.0803802510756375,-1.2803802510756377
P04148,8.4,8.015014872242535,0.3849851277574654
P04149,7.4,8.104019005547862,-0.7040190055478615
P04151,6.0,5.42769713876563,0.5723028612343697
P04152,6.3,6.420717583663057,-0.1207175836630574
P04153,7.7,7.03248963274446,0.6675103672555398
P04154,6.6,5.912573324058474,0.6874266759415253
P04155,6.9,6.841831353963427,0.05816864603657379
P04158,7.1,6.898334617123476,0.20166538287652358
P04159,6.0,7.553692441823124,-1.5536924418231237
P04160,7.9,7.8846847058831875,0.015315294116812872
P04161,6.6,6.345986606213367,0.25401339378663224
P04162,6.9,6.86384477267346,0.03615522732654064
P04163,9.0,8.32602531610182,0.6739746838981802
P04165,8.0,8.494494972965676,-0.49449497296567557
P04166,8.2,8.501272019042984,-0.30127201904298495
P04167,7.1,6.693353905344613,0.4066460946553869
P04169,6.6,7.248179142328153,-0.6481791423281535
P04170,9.2,8.834282535805684,0.36571746419431506
P04175,8.4,8.594522383336026,-0.19452238333602523
P04176,7.5,6.369399512967837,1.1306004870321633
P04177,7.7,8.13898213709424,-0.43898213709424017
P04181,6.1,6.016702806727427,0.08329719327257301
P04182,6.7,6.082527711242192,0.6174722887578081
P04183,6.8,6.497773401009361,0.30222659899063853
P04184,6.8,6.966985723378312,-0.1669857233783123
P04185,6.7,7.825302347465939,-1.1253023474659392
P04186,6.5,7.565584513941437,-1.0655845139414373
P04188,8.0,7.055582740904232,0.9444172590957676
P04189,8.1,6.948950155681372,1.151049844318628
P04190,6.4,6.678466009241374,-0.27846600924137377
P04192,9.4,8.025945901817403,1.3740540981825973
P04193,8.1,8.352922476542822,-0.25292247654282285
P04194,7.0,6.670280546072811,0.32971945392718904
P04195,7.0,6.312927309229466,0.6870726907705338
P04197,7.6,6.996399113753475,0.6036008862465243
P04199,10.0,9.268133440712347,0.7318665592876528
P04200,6.8,6.776038109748836,0.023961890251164242
P04203,9.0,7.878992226446016,1.121007773553984
P04204,8.9,7.88467271388716,1.0153272861128402
P04205,8.0,7.81647610268312,0.18352389731687957
P04206,6.6,6.128283999057835,0.47171600094216437
P04207,6.3,6.163259751175499,0.1367402488245011
P04208,5.7,6.450171077003338,-0.7501710770033378
P04209,8.2,8.109109201657681,0.09089079834231839
P04211,8.0,7.949724410988653,0.05027558901134732
P04212,9.6,8.344702685572202,1.2552973144277981
P04213,6.7,7.700825326163167,-1.0008253261631666
P04214,9.8,8.074407999403979,1.7255920005960217
P04215,5.4,6.220721311956574,-0.8207213119565733
P04216,7.8,7.028554453975212,0.771445546024788
P04217,7.9,6.867623385506255,1.032376614493745
P04218,7.0,7.368594698797837,-0.36859469879783724
P04219,8.3,8.047683878428723,0.2523161215712779
P04221,6.1,5.454746000446744,0.6452539995532556
P04222,8.4,7.245453553798025,1.1545464462019757
P04223,5.4,6.060153126763787,-0.6601531267637863
P04224,6.4,5.955770862543844,0.44422913745615666
P04225,6.8,6.60419797831952,0.1958020216804801
P04226,6.5,6.847746479644931,-0.3477464796449308
P04227,4.6,4.850351715711655,-0.2503517157116555
P04228,6.5,7.735552939867079,-1.2355529398670786
P04230,7.8,7.930150073496127,-0.13015007349612695
P04231,5.0,5.346486174689554,-0.346486174689554
P04232,8.1,7.609238424330044,0.49076157566995526
P04233,7.2,7.141392771300939,0.058607228699060876
P04234,7.9,7.360803851873404,0.5391961481265968
P04236,8.2,8.406624823398591,-0.20662482339859167
P04237,6.0,6.320857308250469,-0.3208573082504689
P04238,8.8,8.459955392725883,0.3400446072741179
P04239,7.2,7.150913388736204,0.04908661126379599
P04240,5.0,6.686939415887087,-1.6869394158870872
P04241,4.6,6.109876924844175,-1.5098769248441757
P04242,7.2,7.098996567111786,0.10100343288821456
P04243,8.3,8.75071888353055,-0.45071888353054845
P04244,5.7,6.498224739906049,-0.7982247399060487
P04245,7.7,7.179012508633306,0.5209874913666939
P04246,5.5,6.736915109268637,-1.2369151092686366
P04247,6.0,6.434041372114977,-0.43404137211497673
P04250,7.9,8.02532135150863,-0.12532135150862977
P04251,6.1,6.319418800018788,-0.21941880001878822
P04252,6.1,6.57228059234432,-0.47228059234432074
P04254,6.6,6.400089758466812,0.19991024153318726
P04256,6.4,6.605102378359301,-0.20510237835930045
P04257,6.4,6.707077263360925,-0.30707726336092467
P04258,5.9,5.984359106514981,-0.08435910651498091
P04259,7.6,7.87126697025335,-0.27126697025335034
P04260,9.1,8.88635431389929,0.2136456861007101
P04261,8.8,7.478481396575463,1.321518603424538
P04262,7.7,6.807161858865578,0.8928381411344226
P04263,7.7,8.072228470224399,-0.37222847022439876
P04264,6.1,7.022970652774021,-0.9229706527740218
P04266,8.1,8.22701004595872,-0.12701004595871979
P04267,6.4,6.858258148933563,-0.4582581489335622
P04268,6.7,6.584214482628209,0.11578551737179144
P04269,9.4,8.833930385488694,0.5660696145113064
P04270,9.2,8.474918931815305,0.7250810681846946
P04271,8.3,8.137889758146924,0.16211024185307643
P04272,4.7,5.721918036434449,-1.0219180364344487
P04273,8.7,8.408952099526491,0.29104790047350804
P04274,6.1,6.333874135522132,-0.23387413552213232
P04276,6.2,7.230052248073079,-1.030052248073079
P04277,8.6,7.585815736269515,1.0141842637304848
P04278,8.3,7.106252244752605,1.1937477552473954
P04279,6.6,6.390625176381204,0.20937482361879578
P04280,5.8,6.75970689538289,-0.9597068953828902
P04281,7.8,7.747205711541582,0.052794288458417604
P04282,7.9,7.401769024672367,0.4982309753276333
P04284,6.4,6.634670987961684,-0.2346709879616835
P04285,6.8,6.92844352073104,-0.12844352073104037
P04286,8.3,7.850054553436136,0.4499454465638646
P04287,6.9,7.877213171914984,-0.9772131719149835
P04288,5.3,6.130567384135039,-0.8305673841350396
P04289,8.7,8.187309521955605,0.5126904780443944
P04290,5.2,6.675498218453656,-1.475498218453656
P04292,7.4,7.459810889770597,-0.059810889770596454
P04294,7.1,7.651421554298949,-0.5514215542989493
P04295,8.0,7.613809468579405,0.3861905314205947
P04296,6.5,6.254282294214077,0.245717705785923
P04297,6.7,6.977355417071628,-0.2773554170716279
P04298,7.2,7.660003928759533,-0.4600039287595328
P04299,7.2,7.052522609110249,0.1474773908897511
P04300,7.9,8.155781651120428,-0.2557816511204276
P04302,7.7,7.764439616434522,-0.06443961643452223
P04303,6.5,7.0114890578754485,-0.5114890578754485
P04304,8.2,7.641656128515924,0.5583438714840749
P04305,5.9,6.44965961840708,-0.5496596184070794
P04306,7.7,7.618847752824967,0.08115224717503278
P04308,6.5,7.04107461309003,-0.5410746130900304
P04309,6.6,6.255327668077216,0.34467233192278357
P04311,5.1,5.8439470038375525,-0.7439470038375529
P04313,6.4,6.174111719560265,0.22588828043973574
P04314,5.6,6.979694764703133,-1.3796947647031335
P04315,7.4,7.216071258483005,0.18392874151699523
P04316,7.0,6.497252429674356,0.5027475703256439
P04317,6.3,6.696210844359914,-0.3962108443599144
P04318,7.4,7.429421562808268,-0.029421562808267687
P04320,8.1,7.68798453339482,0.4120154666051796
P04321,7.0,7.093674326638695,-0.0936743266386948
P04322,5.9,5.10911747285917,0.7908825271408304
P04323,6.8,6.862607471992404,-0.06260747199240413
P04325,7.0,8.402979161039532,-1.4029791610395321
P04326,6.9,6.661680862684572,0.2383191373154281
P04327,8.1,7.375067912345051,0.724932087654949
P04328,6.6,6.859259831287402,-0.2592598312874026
P04329,8.7,8.109514915506779,0.5904850844932206
P04331,4.7,5.181537648616194,-0.48153764861619397
P04332,7.5,7.374288042148564,0.1257119578514363
P04334,7.5,7.304492410476303,0.19550758952369662
P04336,5.8,5.977362667408393,-0.17736266740839302
P04338,4.2,5.347501262346277,-1.1475012623462773
P04339,6.6,6.579236090637278,0.020763909362721655
P04343,6.6,7.141690671035734,-0.5416906710357345
P04344,8.6,6.614580428687684,1.985419571312316
P04345,7.0,7.913937733652077,-0.9139377336520766
P04346,7.7,7.79024770943949,-0.09024770943949001
P04347,7.3,6.577834106023902,0.722165893976098
P04348,5.0,5.7416916965450175,-0.7416916965450175
P04355,6.5,6.806798788188212,-0.30679878818821216
P04356,6.2,7.38455120146628,-1.18455120146628
P04359,7.5,7.512822137671596,-0.01282213767159579
P04360,7.2,7.0959055287351855,0.10409447126481464
P04361,9.8,8.375059607257818,1.424940392742183
P04362,6.4,6.460348933508493,-0.06034893350849302
P04363,8.9,8.411970068775831,0.48802993122416893
P04364,6.7,6.983144152494679,-0.28314415249467917
P04365,6.0,5.992912638596376,0.00708736140362376
P04366,8.4,7.130405161147628,1.2695948388523721
P04367,6.3,7.186212225412984,-0.8862122254129838
P04368,5.2,6.259200663946073,-1.059200663946073
P04369,7.0,6.593328016923026,0.40667198307697383
P04370,7.6,7.612887639392682,-0.012887639392682004
P04371,5.2,7.217564700440007,-2.0175647004400066
P04372,6.3,6.605124909273757,-0.3051249092737569
P04373,6.8,7.303809233864878,-0.5038092338648781
P04374,8.2,7.142087281440264,1.0579127185597352
P04375,8.6,7.985863162743866,0.614136837256134
P04376,5.8,6.289894739691313,-0.48989473969131314
P04378,7.4,6.889264126032119,0.5107358739678816
P04379,9.1,8.882565746813977,0.21743425318602227
P04380,6.0,5.94617539816865,0.05382460183134974
P04381,7.8,7.4481110722197075,0.35188892778029235
P04382,7.0,7.134408876448672,-0.1344088764486724
P04383,5.4,4.858094972506217,0.5419050274937831
P04384,7.0,6.861259398226422,0.13874060177357794
P04386,7.5,7.227856230032378,0.2721437699676219
P04387,6.3,6.445760475657176,-0.14576047565717598
P04388,8.1,8.360513828982283,-0.26051382898228326
P04389,8.0,7.874370425445631,0.1256295745543694
P04390,5.1,5.508473620165232,-0.4084736201652319
P04392,8.6,8.1353633851574,0.46463661484260044
P04393,7.3,6.9636710171071945,0.33632898289280533
P04394,6.5,6.483826152753302,0.016173847246697903
P04395,7.0,7.586963096608333,-0.5869630966083328
P04397,8.2,7.780532465092469,0.41946753490752986
P04398,6.4,5.74265143211863,0.6573485678813702
P04399,8.2,7.780926952822702,0.41907304717729765
P04400,8.7,8.138043757082013,0.5619562429179865
P04401,8.1,7.571096926756704,0.5289030732432956
P04402,6.3,5.941537131239515,0.35846286876048516
P04403,5.0,5.775722665489772,-0.7757226654897718
P04404,5.9,6.299857132915561,-0.39985713291556024
P04405,8.2,7.484878477754978,0.7151215222450213
P04407,7.4,7.6048293084022545,-0.2048293084022541
P04408,7.2,7.883257692255185,-0.683257692255185
P04409,9.7,9.417581983419256,0.2824180165807437
P04410,6.0,6.406450050776711,-0.40645005077671126
P04411,7.0,7.406673470694148,-0.40667347069414816
P04413,6.9,7.019159351572601,-0.11915935157260105
P04415,7.3,7.247140251738873,0.052859748261126605
P04416,8.5,8.70265767052307,-0.20265767052307027
P04417,7.0,7.042460606255905,-0.0424606062559052
P04418,10.0,9.332844030240707,0.6671559697592926
P04419,8.9,8.406407414460666,0.49359258553933394
P04420,7.3,6.8652031850583874,0.4347968149416124
P04421,7.1,7.657540746107006,-0.5575407461070068
P04422,8.0,7.639484479327248,0.3605155206727524
P04423,8.6,7.706952103348691,0.8930478966513089
P04425,7.3,6.427560550416277,0.8724394495837231
P04426,6.3,7.081360217105307,-0.7813602171053073
P04428,6.5,6.86371737260715,-0.36371737260714987
P04429,6.1,5.82893273027917,0.27106726972083006
P04430,5.9,6.653938747303955,-0.7539387473039545
P04431,6.8,7.128448607886959,-0.3284486078869593
P04432,8.2,6.859613858774707,1.3403861412252924
P04433,7.2,6.6668750738822204,0.5331249261177797
P04434,5.7,7.940048313860387,-2.2400483138603864
P04435,8.0,7.662314984026533,0.33768501597346656
P04436,8.0,6.765033293527208,1.2349667064727923
P04437,6.1,5.748500826549329,0.3514991734506703
P04438,5.6,7.292957372831271,-1.6929573728312715
P04439,8.1,6.631689025569885,1.468310974430115
P04441,6.3,7.312888416627844,-1.0128884166278445
P04442,5.6,6.503579284299473,-0.9035792842994734
P04445,6.1,6.151845064337733,-0.051845064337733504
P04446,6.1,7.021569345168654,-0.9215693451686544
P04447,7.6,6.902757571921335,0.6972424280786642
P04448,8.3,8.52750393125164,-0.2275039312516398
P04449,7.1,6.490247570348428,0.6097524296515715
P04450,7.0,7.090240523045583,-0.09024052304558339
P04451,5.5,5.966945611551196,-0.4669456115511963
P04452,8.2,8.53056138437313,-0.3305613843731301
P04453,6.2,5.352137266629613,0.8478627333703868
P04454,7.4,7.738120686859014,-0.3381206868590141
P04455,6.6,7.281376960527111,-0.6813769605271114
P04456,7.8,7.866218562705767,-0.06621856270576743
P04457,6.5,6.99394204816191,-0.4939420481619097
P04458,6.5,6.445316742592954,0.054683257407045716
P04460,5.8,6.168352141301657,-0.3683521413016573
P04461,7.2,7.468286869987176,-0.26828686998717544
P04462,7.2,6.618669351890861,0.5813306481091391
P04463,5.9,6.106289300808989,-0.20628930080898833
P04464,8.8,8.448671414841062,0.3513285851589387
P04465,7.4,7.207098883965018,0.1929011160349825
P04466,8.7,8.472771387608093,0.22722861239190628
P04468,5.4,5.29821910785113,0.1017808921488701
P04469,7.0,7.214909026123938,-0.21490902612393814
P04471,5.6,6.6760137292868045,-1.0760137292868048
P04473,6.6,5.504202571742754,1.0957974282572458
P04475,5.8,6.033821864872964,-0.2338218648729642
P04476,6.8,7.303986424594375,-0.503986424594375
P04479,5.7,5.434816221017002,0.2651837789829985
P04480,7.0,6.151467636307566,0.848532363692434
P04481,7.5,7.649396453557912,-0.14939645355791242
P04482,5.3,7.392567052404564,-2.092567052404564
P04483,7.1,7.339885459295869,-0.23988545929586902
P04484,6.9,6.717361479976054,0.18263852002394643
P04485,4.0,5.085931064488589,-1.0859310644885891
P04487,5.7,6.28061909815962,-0.5806190981596195
P04488,5.4,5.866197147103728,-0.4661971471037276
P04489,8.9,8.424385819833807,0.4756141801661933
P04490,5.9,6.924370461402496,-1.024370461402496
P04491,6.4,6.482507336242676,-0.08250733624267603
P04492,5.8,5.826970222120615,-0.026970222120615617
P04493,6.6,7.769883558065781,-1.1698835580657816
P04495,8.9,8.66095132187269,0.23904867812731112
P04498,5.1,5.615976042234142,-0.5159760422341426
P04499,8.0,8.30815884599529,-0.3081588459952904
P04500,6.5,6.664847088807282,-0.16484708880728238
P04502,6.2,7.319376243033982,-1.1193762430339822
P04503,6.4,6.067779492508077,0.33222050749192356
P04505,6.5,6.990840501163505,-0.49084050116350486
P04508,6.9,5.749114449634499,1.1508855503655013
P04510,8.3,8.851421618887734,-0.5514216188877334
P04511,8.1,7.41489591660812,0.68510408339188
P04513,7.5,7.443956028929753,0.05604397107024717
P04514,6.7,6.158374258080055,0.5416257419199448
P04515,7.8,7.942437294506893,-0.1424372945068928
P04516,6.5,6.982170175765345,-0.4821701757653454
P04517,6.8,6.482388783623381,0.31761121637661915
P04518,6.0,6.00332084662112,-0.0033208466211203103
P04519,6.9,8.181687761008769,-1.2816877610087687
P04520,9.1,8.411841866196662,0.6881581338033378
P04521,6.4,5.71431960128298,0.6856803987170199
P04522,8.7,8.399865211041305,0.30013478895869383
P04523,8.0,7.541370811618904,0.4586291883810958
P04524,6.5,6.613344390256177,-0.11334439025617726
P04526,7.3,5.971682272645273,1.3283177273547269
P04528,7.0,7.090655123600713,-0.0906551236007127
P04529,7.5,7.630530584137396,-0.1305305841373956
P04530,6.1,6.497940226199646,-0.39794022619964675
P04531,4.9,5.530297806156517,-0.6302978061565163
P04532,8.2,6.854294945560259,1.3457050544397404
P04533,7.9,8.263563708301108,-0.3635637083011076
P04534,8.5,8.488275768714756,0.011724231285244358
P04535,7.3,7.333046684758933,-0.0330466847589328
P04538,6.6,6.672512123749717,-0.07251212374971772
P04539,8.4,6.720158460762849,1.6798415392371515
P04541,8.7,8.124608849807421,0.5753911501925781
P04542,6.1,5.760850971842323,0.339149028157677
P04543,5.2,6.350870543313157,-1.1508705433131565
P04544,6.9,7.349934323215741,-0.44993432321574023
P04545,6.7,6.507357267999616,0.19264273200038406
P04548,7.6,7.457594700085848,0.1424052999141514
P04549,7.0,7.963540952157825,-0.9635409521578246
P04550,5.8,5.823646346405847,-0.023646346405847396
P04551,8.1,7.355270413527442,0.744729586472558
P04552,9.6,8.72370029113836,0.8762997088616391
P04553,6.7,6.869558499181681,-0.1695584991816812
P04554,8.2,7.5086091249242815,0.6913908750757178
P04555,6.5,8.058359592366491,-1.5583595923664912
P04556,8.0,7.980131360578194,0.019868639421805945
P04557,7.8,6.661134745546958,1.1388652544530418
P04558,6.0,6.875190879684765,-0.8751908796847649
P04559,7.6,7.465050705981031,0.13494929401896893
P04560,6.4,5.982628084902166,0.4173719150978341
P04561,9.3,8.3209487686253,0.9790512313747008
P04562,6.6,6.526365824309806,0.07363417569019326
P04563,6.3,6.170398267359644,0.12960173264035557
P04564,9.7,8.550978545384996,1.1490214546150028
P04565,6.9,7.6787888203544625,-0.7787888203544622
P04566,5.7,5.826477301055693,-0.12647730105569277
P04568,7.8,6.189105419852711,1.6108945801472885
P04570,6.6,6.406168467178032,0.1938315328219673
P04571,6.1,5.692547394404994,0.4074526055950054
P04572,9.3,7.835224711558256,1.4647752884417446
P04573,8.1,7.337056778055631,0.7629432219443686
P04574,7.3,7.970520553913904,-0.6705205539139039
P04575,7.3,6.852480447608722,0.4475195523912774
P04576,6.6,7.682636830489901,-1.0826368304899017
P04577,8.8,8.898265923094172,-0.09826592309417137
P04579,6.1,6.006923883807175,0.09307611619282508
P04580,8.8,8.132585965652748,0.667414034347253
P04581,6.9,6.70770824184613,0.19229175815387034
P04582,7.8,7.205095452438788,0.594904547561212
P04583,5.6,5.688018907690859,-0.0880189076908593
P04584,6.3,6.87596468415954,-0.5759646841595405
P04585,9.6,8.783576081253212,0.8164239187467874
P04587,6.8,7.398755273460371,-0.5987552734603714
P04588,7.4,6.929886199562227,0.4701138004377734
P04589,8.0,5.992916377193522,2.007083622806478
P04590,7.8,7.620432443079623,0.17956755692037696
P04591,7.2,8.142936164537769,-0.9429361645377687
P04592,9.1,7.741797453726331,1.3582025462736684
P04594,5.7,5.763236119369009,-0.06323611936900875
P04595,7.0,7.117702143790581,-0.11770214379058075
P04596,7.7,7.469563274032902,0.23043672596709808
P04598,5.2,5.930725557032368,-0.7307255570323674
P04599,6.6,7.234378074169965,-0.6343780741699652
P04600,5.4,5.525114899834869,-0.1251148998348688
P04601,6.1,6.442347963787951,-0.34234796378795096
P04602,7.6,7.2558518677355215,0.34414813226447816
P04605,7.9,7.512712180460003,0.38728781953999736
P04607,5.1,5.839483356672824,-0.7394833566728245
P04608,6.2,7.098884906717136,-0.8988849067171358
P04609,8.0,7.339543570222267,0.6604564297777333
P04610,7.8,8.4672819306789,-0.6672819306788993
P04611,6.4,6.274444840588606,0.1255551594113946
P04612,7.4,8.000201455009037,-0.6002014550090369
P04613,6.6,6.097895054427568,0.502104945572432
P04614,7.7,7.771519850655693,-0.07151985065569288
P04615,7.1,6.939458545464935,0.16054145453506496
P04617,6.5,6.902237582498378,-0.40223758249837793
P04618,6.3,6.364869945997217,-0.0648699459972173
P04619,6.9,7.499125919558921,-0.5991259195589205
P04621,5.6,5.694669971948859,-0.09466997194885973
P04622,6.5,6.779078375681099,-0.27907837568109883
P04625,7.0,7.573795467888498,-0.5737954678884982
P04627,8.3,8.66371092698329,-0.36371092698328944
P04628,5.8,6.022652880417882,-0.22265288041788178
P04630,6.3,7.16144002386402,-0.8614400238640201
P04631,7.1,6.459291531099558,0.6407084689004421
P04632,7.2,7.057277755306128,0.1427222446938723
P04633,5.9,6.72071343463543,-0.8207134346354295
P04634,8.0,7.136595795890592,0.8634042041094077
P04635,4.3,5.29294597909403,-0.9929459790940305
P04636,8.8,8.827663079759867,-0.027663079759866704
P04637,6.1,6.686116164862007,-0.5861161648620072
P04638,5.6,6.403199640126085,-0.8031996401260857
P04639,7.6,6.8649164337503485,0.7350835662496511
P04640,5.8,5.038355567683619,0.7616444323163805
P04641,6.8,6.726139892973558,0.07386010702644175
P04642,8.2,8.468345793233283,-0.26834579323328356
P04643,6.0,6.744130575474919,-0.7441305754749186
P04644,6.4,6.194718882304975,0.20528111769502555
P04645,6.6,6.918136253241247,-0.3181362532412475
P04646,7.2,6.894526742307208,0.30547325769279254
P04647,5.3,5.391587466458775,-0.09158746645877525
P04648,7.0,7.607051703736706,-0.6070517037367056
P04649,5.0,6.209747760949145,-1.2097477609491447
P04650,7.3,7.5593945516832335,-0.25939455168323367
P04651,6.8,7.570626119734117,-0.7706261197341169
P04652,7.8,7.691192363900729,0.10880763609927069
P04653,6.5,5.72277935208882,0.7772206479111796
P04654,6.4,6.144725985624085,0.25527401437591557
P04656,6.2,5.963239030326679,0.2367609696733215
P04658,6.8,7.05188940705151,-0.2518894070515101
P04659,7.7,7.175845126927266,0.5241548730727343
P04660,6.3,4.722360832731587,1.577639167268413
P04661,5.5,6.580582318070383,-1.080582318070383
P04662,7.2,7.602200655256955,-0.40220065525695503
P04664,8.0,7.760440619456984,0.23955938054301562
P04665,7.3,8.557621448896063,-1.2576214488960629
P04666,6.1,6.736630288164583,-0.6366302881645831
P04667,7.3,6.932804235784387,0.3671957642156132
P04668,7.5,7.974812061465377,-0.4748120614653768
P04669,7.1,6.512911186907794,0.5870888130922056
P04670,5.6,5.928928882985572,-0.3289288829855721
P04671,7.5,7.081133843301176,0.4188661566988241
P04672,6.8,7.573003121388621,-0.773003121388621
P04673,5.7,5.386291949400276,0.3137080505997245
P04674,8.3,7.670276284420252,0.6297237155797486
P04677,5.3,5.475457148595092,-0.17545714859509243
P04678,7.2,6.255561136782752,0.9444388632172478
P04679,6.3,7.030294049792769,-0.7302940497927688
P04680,6.5,6.8516137296080935,-0.35161372960809345
P04681,6.6,6.440650730097533,0.15934926990246634
P04684,9.1,8.63905462647492,0.4609453735250799
P04685,6.8,6.876090937116883,-0.07609093711688342
P04686,6.0,5.877674251952411,0.12232574804758922
P04689,6.2,5.687578797205372,0.512421202794628
P04690,5.4,6.181981812938625,-0.7819818129386249
P04691,6.4,5.772096829093409,0.627903170906591
P04692,8.3,7.504612905539083,0.795387094460918
P04694,7.3,6.398584213633675,0.901415786366325
P04695,6.1,6.721733846691385,-0.6217338466913853
P04696,8.4,9.064084541804812,-0.6640845418048116
P04697,8.6,8.588331633460555,0.011668366539444364
P04700,8.5,8.042853891799805,0.4571461082001953
P04702,6.8,6.161516499379252,0.6384835006207474
P04705,7.0,7.122379815681665,-0.1223798156816649
P04707,7.4,7.737570711468376,-0.33757071146837525
P04708,6.9,6.035198379705911,0.8648016202940889
P04709,6.4,6.583270323530707,-0.1832703235307065
P04710,6.3,5.994480844651653,0.30551915534834695
P04711,7.3,7.533647372621512,-0.2336473726215118
P04712,7.1,7.239665608972892,-0.13966560897289249
P04713,8.3,7.529191341618168,0.7708086583818323
P04715,8.7,7.685258388519053,1.0147416114809467
P04717,9.4,8.783361956092921,0.6166380439070789
P04718,5.9,5.616318334753879,0.28368166524612093
P04719,6.7,7.283467523051385,-0.583467523051385
P04720,6.9,7.831874716530672,-0.9318747165306718
P04721,7.2,7.278506919374966,-0.07850691937496546
P04722,7.2,7.437050556426824,-0.2370505564268237
P04723,8.9,8.062607915165097,0.837392084834903
P04724,7.0,7.229216227924217,-0.22921622792421736
P04725,5.3,4.961591727053436,0.3384082729465634
P04726,6.9,7.328751250444164,-0.4287512504441633
P04727,7.3,6.4919035927035305,0.8080964072964694
P04728,8.6,5.6161269776564655,2.983873022343534
P04729,7.0,6.754106372502403,0.2458936274975967
P04730,6.5,7.359157979627141,-0.8591579796271409
P04731,7.4,7.638465317345545,-0.23846531734554421
P04732,9.4,8.551344750337577,0.8486552496624231
P04733,8.4,7.275915073717218,1.1240849262827828
P04734,5.0,6.251783513382869,-1.2517835133828692
P04736,7.6,7.727798642749247,-0.12779864274924702
P04737,6.9,7.2907883786304755,-0.3907883786304751
P04738,9.9,8.389683777977647,1.5103162220223538
P04739,6.7,7.324415936371293,-0.6244159363712924
P04740,6.3,6.356024638318704,-0.05602463831870441
P04742,8.9,8.198778027301024,0.7012219726989759
P04743,5.9,6.403701192394475,-0.503701192394475
P04745,6.0,6.969852270618344,-0.9698522706183441
P04746,6.4,6.195553006775917,0.20444699322408333
P04747,3.2,5.104868468180716,-1.904868468180716
P04748,7.8,6.870420676809329,0.929579323190671
P04749,7.9,8.15566711047083,-0.2556671104708297
P04751,9.3,8.381167204608266,0.9188327953917348
P04752,9.5,8.726264829555934,0.7737351704440663
P04753,7.9,7.321538448595656,0.5784615514043443
P04754,7.8,8.04456101151423,-0.2445610115142296
P04755,6.7,6.918585337803402,-0.21858533780340217
P04756,6.3,6.086648969844502,0.21335103015549794
P04757,7.4,7.121997189208754,0.27800281079124645
P04758,6.4,6.8451005674023815,-0.44510056740238113
P04759,9.4,8.653012282370248,0.7469877176297519
P04760,6.5,7.550085857667398,-1.0500858576673977
P04761,6.5,6.617684202523276,-0.11768420252327605
P04763,5.2,6.491886602710355,-1.2918866027103544
P04764,6.2,6.690597751753976,-0.4905977517539757
P04766,6.4,7.51902385790494,-1.1190238579049394
P04767,6.9,6.594894474493225,0.30510552550677517
P04768,6.9,7.278683486444095,-0.37868348644409444
P04770,7.6,7.118098109414089,0.4819018905859105
P04771,5.6,6.020645504020353,-0.42064550402035294
P04773,6.3,6.344899614076068,-0.04489961407606824
P04774,5.6,5.972762720631634,-0.3727627206316342
P04775,8.0,7.797699859145213,0.20230014085478665
P04776,5.6,5.632267691003951,-0.03226769100395099
P04777,7.8,7.8834915223822435,-0.08349152238224367
P04778,5.8,5.868108538584192,-0.06810853858419197
P04779,7.7,7.356389887914989,0.34361011208501147
P04781,6.6,6.30258620430996,0.2974137956900398
P04782,6.3,6.073111754530707,0.22688824546929265
P04783,7.4,7.470302445946514,-0.07030244594651336
P04784,7.9,8.359192189946679,-0.45919218994667865
P04785,8.1,8.678201093102734,-0.5782010931027344
P04786,8.7,8.930417772244226,-0.23041777224422688
P04787,8.8,8.554319644652782,0.24568035534721844
P04788,6.9,7.865458517349757,-0.9654585173497567
P04792,6.7,5.960353011359039,0.7396469886409616
P04793,6.9,7.046918677705428,-0.14691867770542721
P04794,7.3,7.018196976609104,0.28180302339089547
P04795,9.1,8.189903992696,0.9100960073040003
P04796,6.1,6.097870436794476,0.002129563205524043
P04797,7.0,6.421241366587801,0.5787586334121988
P04798,7.0,6.642233923187021,0.3577660768129789
P04799,5.6,6.301446176773104,-0.7014461767731044
P04800,7.0,6.951715023399416,0.04828497660058417
P04801,7.2,6.961152367400048,0.2388476325999518
P04802,9.2,8.883668336987848,0.31633166301215176
P04803,6.9,7.691294713631359,-0.7912947136313591
P04804,6.0,6.659376012545393,-0.6593760125453931
P04805,6.0,5.76176018540524,0.23823981459475974
P04807,6.8,6.567084702194526,0.23291529780547382
P04808,8.9,7.620148355900377,1.2798516440996233
P04811,7.0,6.229414968848404,0.7705850311515956
P04812,7.8,8.128125870964483,-0.32812587096448365
P04813,6.4,6.286015006153956,0.11398499384604399
P04814,7.9,6.714356390299357,1.1856436097006435
P04815,8.1,7.300871191293837,0.799128808706163
P04817,6.0,7.203736862211116,-1.203736862211116
P04818,7.1,6.6475809587967145,0.45241904120328513
P04819,6.0,6.710437103860871,-0.7104371038608708
P04821,10.0,9.849964827024024,0.15003517297597568
P04825,7.7,7.209082131248914,0.4909178687510858
P04826,7.7,6.672233743084162,1.0277662569158386
P04827,8.4,7.288467603786314,1.1115323962136863
P04828,8.2,7.686057450286558,0.5139425497134411
P04829,5.0,5.789322726469168,-0.7893227264691678
P04830,7.1,6.775576368722771,0.32442363127722906
P04831,6.3,6.207415931235144,0.09258406876485559
P04832,8.0,6.945377790827466,1.0546222091725337
P04833,5.4,5.543958791967642,-0.14395879196764128
P04834,7.5,6.843721622669793,0.6562783773302074
P04836,6.3,6.545119015042486,-0.24511901504248623
P04837,8.7,7.983922400059127,0.7160775999408724
P04838,7.0,7.601850499388144,-0.601850499388144
P04839,7.4,7.233224141180067,0.16677585881993373
P04840,5.5,4.878648341126841,0.6213516588731594
P04841,7.9,6.6406457230016525,1.259354276998348
P04842,7.5,7.087000046656626,0.41299995334337414
P04843,5.5,6.248321755565913,-0.7483217555659127
P04847,7.3,8.296583997129497,-0.9965839971294974
P04848,5.6,6.821794207017091,-1.2217942070170915
P04850,5.8,5.568620274137435,0.23137972586256517
P04852,7.9,7.910565275373445,-0.01056527537344465
P04853,6.1,5.835419275659358,0.2645807243406413
P04854,5.8,6.455106968296711,-0.6551069682967112
P04855,8.0,7.002472569387734,0.9975274306122657
P04856,7.7,7.256726474260712,0.44327352573928813
P04857,6.1,6.061232106543346,0.038767893456653546
P04858,9.0,8.29033347080453,0.70966652919547
P04859,7.0,7.821387060554035,-0.8213870605540352
P04860,7.2,6.8301722151848505,0.36982778481514966
P04861,7.4,6.973067134981988,0.42693286501801264
P04862,5.2,6.515398926941257,-1.3153989269412572
P04865,7.3,6.691970490149534,0.608029509850466
P04867,8.7,8.3299027516515,0.37009724834849855
P04868,6.1,6.91561747854671,-0.8156174785467103
P04871,6.5,6.894017884269605,-0.39401788426960493
P04872,6.5,6.415682545665417,0.08431745433458282
P04873,8.0,8.70375750622129,-0.7037575062212902
P04874,7.0,6.095158952509514,0.9048410474904864
P04875,5.7,6.760166464490467,-1.0601664644904671
P04876,5.0,6.770979639550004,-1.7709796395500037
P04877,7.7,7.188861097910063,0.5111389020899368
P04878,8.0,7.02477333174889,0.9752266682511097
P04879,6.9,7.331341919732141,-0.43134191973214087
P04880,5.7,6.117485575832713,-0.4174855758327132
P04881,7.2,6.80855325798531,0.3914467420146899
P04882,6.2,6.91036111919469,-0.7103611191946895
P04884,6.3,6.8197259512022494,-0.5197259512022496
P04885,6.6,6.586708705758172,0.013291294241827956
P04887,4.9,5.8156548346766215,-0.9156548346766211
P04888,6.1,6.852419958464743,-0.7524199584647437
P04890,6.2,6.787849460132806,-0.5878494601328059
P04891,3.8,4.827830586984895,-1.0278305869848952
P04892,6.0,7.173870509784668,-1.1738705097846678
P04893,6.6,6.373917858995188,0.22608214100481128
P04894,7.6,6.806694123809549,0.793305876190451
P04895,9.3,8.808510060386137,0.49148993961386367
P04898,6.4,6.676619719838344,-0.27661971983834377
P04899,5.3,5.259174966360243,0.04082503363975665
P04900,8.4,7.300221206414054,1.099778793585946
P04902,6.5,6.382848112003839,0.11715188799616083
P04903,7.7,7.142135607114886,0.5578643928851141
P04905,7.4,7.40717563856606,-0.007175638566059739
P04906,7.6,7.879252197226892,-0.2792521972268922
P04907,6.6,7.035204540211399,-0.43520454021139976
P04908,5.2,5.141446449757159,0.05855355024284137
P04909,6.2,7.395193500986208,-1.1951935009862078
P04910,8.4,8.555485568394575,-0.1554855683945746
P04913,8.8,7.989159810818506,0.8108401891814951
P04915,6.3,7.005281982676681,-0.7052819826766807
P04916,6.9,6.894320267101318,0.005679732898681955
P04917,9.9,8.280591408806135,1.6194085911938654
P04918,6.7,6.07329594817788,0.6267040518221201
P04920,8.6,7.7195236360992014,0.8804763639007982
P04921,6.8,7.78388765725761,-0.9838876572576103
P04922,8.9,8.1623372910145,0.7376627089854999
P04925,7.3,7.400589377883175,-0.10058937788317479
P04926,6.7,7.092750311405096,-0.39275031140509586
P04927,5.7,5.583700676677596,0.11629932332240411
P04929,6.9,8.238086123103578,-1.3380861231035777
P04930,7.7,8.311494935388605,-0.6114949353886052
P04931,6.4,6.445096369693296,-0.04509636969329556
P04932,7.4,6.586183184279471,0.8138168157205294
P04933,6.9,7.260533687033281,-0.36053368703328026
P04934,7.8,8.274555345652539,-0.4745553456525391
P04935,6.6,6.56404330779233,0.035956692207669505
P04936,6.9,7.46242080686031,-0.5624208068603096
P04937,6.7,7.1294805202220015,-0.42948052022200134
P04938,8.2,7.326724602667811,0.8732753973321881
P04940,8.4,8.21658238103727,0.18341761896273034
P04941,4.9,4.768406223305595,0.1315937766944053
P04942,7.0,7.102977805168664,-0.10297780516866428
P04943,8.2,6.902220093195166,1.2977799068048332
P04945,5.9,6.508860887541655,-0.6088608875416543
P04947,8.3,9.6589099877625,-1.3589099877625
P04948,7.6,8.420498065756597,-0.8204980657565972
P04949,7.9,8.084335338709957,-0.1843353387099569
P04950,7.8,8.288941498010137,-0.48894149801013764
P04951,8.5,8.323327123553454,0.1766728764465455
P04952,8.7,7.3321557753834865,1.3678442246165128
P04956,6.7,5.886358844612183,0.8136411553878169
P04957,6.1,6.271671760649657,-0.17167176064965695
P04958,7.0,7.512784188523217,-0.5127841885232174
P04960,7.8,7.227662842773709,0.5723371572262907
P04962,7.3,6.976227603269911,0.32377239673008873
P04963,8.1,8.12699297278195,-0.026992972781950897
P04965,6.7,5.9020310408680485,0.7979689591319516
P04966,5.9,6.18720143500094,-0.28720143500093975
P04968,6.1,5.644222538206298,0.4557774617937014
P04970,7.7,8.219053649439681,-0.5190536494396811
P04971,6.5,6.766550343563038,-0.2665503435630381
P04972,4.7,5.559075309404022,-0.8590753094040222
P04973,8.9,8.027809263141092,0.8721907368589079
P04974,7.0,6.797984246707801,0.20201575329219867
P04975,6.1,6.2443445594171925,-0.14434455941719282
P04976,6.3,6.957753857784595,-0.6577538577845949
P04977,7.3,6.408085259152113,0.8919147408478869
P04978,6.4,5.299762607435667,1.100237392564333
P04979,8.8,8.842788132865175,-0.04278813286517469
P04980,9.3,7.624679661594494,1.6753203384055064
P04981,7.6,7.056662157158813,0.5433378428411864
P04982,7.1,7.399090957153367,-0.29909095715336775
P04984,6.7,7.769995795454279,-1.069995795454279
P04985,7.1,7.141722830179729,-0.04172283017972944
P04987,5.9,6.226794137534158,-0.32679413753415787
P04988,8.9,7.529150682668045,1.3708493173319551
P04990,8.7,7.926678156508253,0.7733218434917459
P04991,6.4,6.967529341723808,-0.5675293417238079
P04992,5.9,5.870091600273367,0.02990839972663295
P04993,8.5,8.239072948775041,0.2609270512249591
P04995,6.8,7.539554814530529,-0.7395548145305293
P04996,7.8,7.644539894821567,0.15546010517843278
P04997,6.8,6.894779823070404,-0.09477982307040378
P04998,5.3,6.631863513107017,-1.3318635131070176
P04999,5.2,5.761085229763266,-0.5610852297632656
P05000,7.7,7.207382462062169,0.49261753793783125
P05002,8.1,7.319830808913186,0.7801691910868138
P05003,7.6,6.781343358016314,0.8186566419836856
P05005,4.8,5.750534996676751,-0.9505349966767511
P05006,5.1,6.053781963083614,-0.953781963083614
P05007,6.9,6.773203514844503,0.12679648515549768
P05008,6.0,5.290490484561677,0.7095095154383229
P05010,6.9,7.329675354507925,-0.4296753545079248
P05011,7.5,7.280271942077311,0.2197280579226888
P05012,6.7,6.414127326270222,0.2858726737297781
P05013,7.3,5.569840874151343,1.7301591258486564
P05016,5.3,6.346307262226473,-1.046307262226473
P05017,8.2,8.275523020239726,-0.07552302023972679
P05018,6.0,6.421767092855937,-0.42176709285593716
P05019,6.8,6.740204975494802,0.059795024505198136
P05021,8.3,6.893312640428203,1.406687359571798
P05022,8.2,7.083376131305724,1.1166238686942753
P05023,7.9,7.650160902930796,0.24983909706920393
P05024,6.4,6.961465429859184,-0.5614654298591839
P05025,6.5,6.41671699276486,0.08328300723514026
P05026,7.5,7.867712695642625,-0.3677126956426253
P05028,7.4,7.004397884297529,0.39560211570247095
P05029,8.0,8.213950956291978,-0.2139509562919777
P05030,4.7,6.009081894134749,-1.3090818941347484
P05031,7.3,7.344213917748757,-0.04421391774875705
P05033,7.3,7.392123011226344,-0.09212301122634425
P05034,9.5,8.221812183068304,1.2781878169316965
P05035,5.9,6.259025281270963,-0.3590252812709629
P05036,7.9,7.1553699971572575,0.7446300028427428
P05037,8.8,8.437586498043123,0.36241350195687794
P05038,8.0,7.564519240823509,0.43548075917649065
P05039,8.2,8.351554946647553,-0.1515549466475541
P05041,7.2,6.776647351265992,0.42335264873400824
P05042,8.8,8.570716830135083,0.22928316986491737
P05043,5.4,5.45420348259053,-0.05420348259052954
P05044,6.9,5.648873962114109,1.251126037885891
P05045,8.9,8.615493849416705,0.28450615058329554
P05046,7.9,7.121827396758077,0.7781726032419236
P05047,9.1,7.998102042367146,1.101897957632854
P05048,6.7,6.547288322733306,0.15271167726669432
P05049,5.9,7.487392331939107,-1.5873923319391068
P05050,9.2,8.907565941923485,0.29243405807651435
P05051,6.7,6.205896405856646,0.49410359414335403
P05052,8.4,8.59997477985729,-0.19997477985728906
P05053,7.2,7.217441645666136,-0.017441645666135486
P05055,8.9,8.73687180397372,0.16312819602628004
P05056,7.5,7.058683384553521,0.44131661544647915
P05057,8.5,7.722770749678937,0.7772292503210627
P05058,4.0,4.688695088224382,-0.6886950882243816
P05060,7.3,7.86799746229256,-0.5679974622925599
P05061,6.8,7.597357439449837,-0.7973574394498373
P05063,6.0,6.2684862218597335,-0.2684862218597335
P05064,6.3,6.942021000441301,-0.642021000441301
P05065,6.4,7.40468835212625,-1.0046883521262497
P05066,5.2,6.47587933487972,-1.2758793348797202
P05069,9.1,7.919869628595697,1.180130371404303
P05070,7.1,8.324972202845228,-1.224972202845228
P05071,9.2,8.278726645721015,0.9212733542789842
P05072,7.2,7.378935728445027,-0.17893572844502703
P05073,7.6,8.169032449728762,-0.5690324497287627
P05074,4.9,5.166632647197541,-0.26663264719754043
P05076,6.6,7.890200131417407,-1.2902001314174072
P05078,7.0,6.834840108000022,0.16515989199997794
P05081,6.4,7.2273219277903715,-0.8273219277903712
P05083,5.9,5.359507206524753,0.5404927934752477
P05084,8.1,7.630897338656273,0.4691026613437268
P05085,9.3,8.803881264901303,0.4961187350986975
P05086,7.5,7.46915380418373,0.03084619581627024
P05087,8.0,8.301934714285508,-0.3019347142855082
P05088,8.0,8.236271981707548,-0.2362719817075476
P05089,6.4,5.715877319523643,0.6841226804763574
P05090,7.2,7.191631201136472,0.008368798863528149
P05093,6.6,6.792862440927459,-0.19286244092745974
P05094,6.5,6.076810442015274,0.4231895579847258
P05095,4.5,5.79288264635885,-1.2928826463588496
P05097,6.0,5.465641581789935,0.5343584182100649
P05098,8.2,7.325242366949272,0.8747576330507272
P05099,7.3,7.35903060866189,-0.05903060866189058
P05100,5.9,6.227698747404657,-0.3276987474046562
P05102,8.0,7.935001270521325,0.06499872947867491
P05104,8.1,8.497135000879311,-0.3971350008793113
P05105,6.2,6.220295035954822,-0.020295035954822183
P05106,7.2,6.8356935897480575,0.36430641025194266
P05107,7.9,8.919046944084279,-1.0190469440842786
P05108,9.4,7.863717445576991,1.5362825544230096
P05110,7.0,7.263280370837793,-0.2632803708377933
P05111,10.0,9.170405190715366,0.8295948092846341
P05112,7.3,8.335999251649984,-1.0359992516499839
P05113,5.6,6.21345052870503,-0.6134505287050303
P05114,5.6,6.1487098430262925,-0.5487098430262929
P05115,6.6,6.637260925105787,-0.03726092510578738
P05116,5.5,6.399482885304039,-0.8994828853040389
P05117,6.2,6.100821752710695,0.0991782472893048
P05119,8.3,8.330822194699241,-0.030822194699240413
P05120,8.2,8.424395630572807,-0.22439563057280765
P05121,6.5,6.131772336196263,0.3682276638037374
P05124,6.9,6.522729546413161,0.3772704535868394
P05125,8.2,8.106656719924665,0.09334328007533443
P05126,6.4,6.344126918549742,0.055873081450258155
P05127,5.5,5.773311421615539,-0.27331142161553856
P05128,7.6,7.513362069509812,0.08663793049018764
P05129,7.4,7.216620509899741,0.18337949010025945
P05130,6.7,7.288982054703036,-0.5889820547030356
P05131,6.1,6.522730067021822,-0.42273006702182236
P05132,7.5,6.815273500554052,0.6847264994459481
P05133,6.8,6.462148557795349,0.33785144220465124
P05134,6.7,5.88996017018919,0.81003982981081
P05135,7.4,7.280178313180682,0.1198216868193187
P05136,7.7,8.06477728380732,-0.36477728380732
P05138,9.7,7.964682269581858,1.7353177304181413
P05139,5.8,6.315753004478308,-0.5157530044783085
P05140,6.6,7.335233289595044,-0.735233289595044
P05141,8.0,7.393632292979284,0.6063677070207163
P05144,7.8,6.290051773890557,1.5099482261094428
P05145,6.4,6.371031329511284,0.028968670488715986
P05146,8.2,7.5661394152189505,0.6338605847810488
P05147,8.4,8.513105330589275,-0.11310533058927419
P05148,8.9,8.7856584306033,0.11434156939670004
P05149,6.0,7.363787440585951,-1.3637874405859511
P05150,9.3,8.273248942308216,1.0267510576917847
P05151,7.4,7.753728423598844,-0.3537284235988434
P05152,5.6,6.929753515167805,-1.3297535151678055
P05154,6.9,6.5205805208328815,0.3794194791671188
P05155,7.0,6.176337254643434,0.8236627453565664
P05156,7.0,6.760975503248594,0.2390244967514059
P05157,6.4,6.457119624306839,-0.05711962430683837
P05158,7.9,7.938084150789765,-0.03808415078976424
P05159,6.5,7.67856731181348,-1.17856731181348
P05161,7.1,6.45402707985385,0.6459729201461499
P05162,6.2,6.735003690483691,-0.5350036904836912
P05163,7.0,6.81441304548016,0.18558695451983986
P05164,5.0,5.881909749808222,-0.881909749808222
P05165,7.4,7.361102889336051,0.03889711066394952
P05166,6.1,7.552791598229929,-1.452791598229929
P05167,7.0,7.332580748235648,-0.33258074823564776
P05170,5.1,5.433505967835751,-0.3335059678357517
P05171,6.7,7.542612922055339,-0.8426129220553387
P05172,8.0,7.445764015545118,0.5542359844548823
P05174,9.1,7.513203461607594,1.5867965383924059
P05177,6.5,6.342741521076703,0.15725847892329714
P05178,7.6,7.28807453923635,0.3119254607636499
P05180,7.3,6.26630299276628,1.0336970072337195
P05181,5.9,5.657852003108643,0.24214799689135713
P05182,7.6,6.492453281795357,1.1075467182046426
P05183,8.9,9.269413776143244,-0.36941377614324367
P05184,6.2,6.687027826528569,-0.4870278265285686
P05185,6.5,6.559933424706679,-0.05993342470667873
P05190,7.7,8.237617016144643,-0.537617016144643
P05191,8.1,8.232658982690447,-0.1326589826904474
P05192,7.8,6.867125638644643,0.9328743613553572
P05193,6.1,7.015447760006445,-0.9154477600064457
P05194,8.8,7.484380422683245,1.315619577316756
P05195,6.9,6.4637142894475375,0.4362857105524629
P05196,8.8,8.395249367997454,0.40475063200254624
P05197,5.9,5.686190129007117,0.2138098709928835
P05198,7.9,8.123814038453714,-0.22381403845371395
P05199,5.7,6.896065065368999,-1.196065065368999
P05200,6.9,7.469734724012252,-0.5697347240122514
P05201,7.2,6.947284407832316,0.252715592167684
P05202,8.3,8.152339481449657,0.14766051855034412
P05203,7.6,7.485293215167873,0.11470678483212637
P05204,5.3,5.428629091086111,-0.1286290910861112
P05205,7.0,6.0338763205534125,0.9661236794465875
P05206,7.9,6.928696724410647,0.9713032755893529
P05207,6.0,6.040353296952267,-0.04035329695226686
P05208,6.5,6.5639717030270095,-0.0639717030270095
P05210,5.0,7.161926328616854,-2.161926328616854
P05211,8.2,7.461085706699679,0.7389142933003203
P05212,7.5,8.321491774706026,-0.8214917747060255
P05214,8.3,8.249227471989258,0.050772528010742946
P05215,8.3,7.771167138179662,0.5288328618203391
P05216,8.2,6.380844021331384,1.819155978668615
P05217,6.9,6.954480600600402,-0.054480600600401274
P05218,5.5,6.153433497690112,-0.6534334976901119
P05220,7.9,8.65679518912961,-0.7567951891296101
P05221,9.2,8.973259852576849,0.22674014742315052
P05223,7.4,7.570403990119245,-0.17040399011924467
P05224,7.2,7.756293392885915,-0.5562933928859151
P05226,7.1,6.407365247832723,0.6926347521672769
P05227,6.3,6.08551838357296,0.21448161642704022
P05228,8.6,7.989086979576355,0.610913020423645
P05229,5.9,6.768465602057604,-0.8684656020576034
P05230,5.2,5.059748119379561,0.14025188062043892
P05231,7.4,7.544639224447195,-0.1446392244471948
P05232,6.6,6.091869012217088,0.5081309877829119
P05233,8.4,8.60371906718742,-0.2037190671874196
P05234,8.3,8.007746894942686,0.2922531050573145
P05235,7.3,7.077821804431329,0.22217819556867102
P05238,6.7,6.495959369213933,0.20404063078606693
P05239,7.0,7.063014870780915,-0.06301487078091483
P05240,8.5,7.7087409106842415,0.7912590893157585
P05241,7.7,7.486119006584926,0.21388099341507427
P05243,7.1,6.943976406833894,0.1560235931661058
P05244,7.3,7.209486598415967,0.0905134015840332
P05246,5.7,6.279789138984166,-0.5797891389841654
P05247,6.0,6.747205382600121,-0.7472053826001206
P05248,7.2,7.576170030046283,-0.3761700300462829
P05249,7.3,6.768332998207281,0.5316670017927185
P05250,7.5,7.867025718844115,-0.36702571884411483
P05251,7.1,6.584054847489592,0.5159451525104073
P05253,8.2,7.822615125250073,0.377384874749926
P05254,7.2,6.606252931075048,0.5937470689249524
P05255,7.4,7.597992137514002,-0.19799213751400124
P05256,6.6,5.693131646199372,0.9068683538006272
P05257,5.0,6.058742542825306,-1.058742542825306
P05258,5.8,5.762607701359277,0.037392298640722466
P05259,6.6,7.382556307392932,-0.782556307392932
P05263,7.6,7.83450555040195,-0.2345055504019502
P05267,6.3,6.536175862869973,-0.23617586286997305
P05268,7.7,7.448531378000449,0.25146862199955144
P05269,5.3,5.9001038635942855,-0.6001038635942857
P05271,8.3,7.694199364272254,0.6058006357277463
P05272,5.7,5.972300013235079,-0.27230001323507924
P05273,7.4,7.4157798926071665,-0.015779892607166168
P05274,5.1,6.513413222488015,-1.413413222488015
P05275,7.3,7.16455987194221,0.13544012805779015
P05276,5.8,7.069073636853141,-1.2690736368531415
P05277,7.4,7.437655879601543,-0.03765587960154271
P05278,6.6,6.584610432157361,0.015389567842638563
P05279,8.5,8.470127211374542,0.029872788625457503
P05280,9.0,7.19643134491449,1.8035686550855097
P05281,5.7,6.1337136289378025,-0.4337136289378023
P05282,6.6,6.767985924876639,-0.1679859248766391
P05283,7.3,7.726084112975319,-0.42608411297531923
P05284,6.0,6.755921660338294,-0.7559216603382941
P05285,8.7,7.742520970110269,0.95747902988973
P05286,7.7,7.937605217144783,-0.23760521714478244
P05287,7.7,6.977157801034062,0.7228421989659379
P05290,7.3,7.194974428688857,0.10502557131114276
P05291,8.0,8.446652807159468,-0.4466528071594684
P05292,6.7,6.783517849045099,-0.08351784904509874
P05293,8.2,8.39288992145787,-0.19288992145787098
P05294,6.9,6.184905929661326,0.7150940703386741
P05295,7.6,5.952485282849978,1.6475147171500213
P05296,6.4,7.334059220884282,-0.934059220884282
P05297,8.0,7.762017498443285,0.23798250155671496
P05299,8.8,8.580503596672987,0.21949640332701392
P05301,8.3,7.025962625348325,1.2740373746516758
P05302,6.3,6.47621600524929,-0.17621600524929004
P05303,7.4,7.77491961718718,-0.3749196171871798
P05304,5.6,5.908345943214336,-0.30834594321433606
P05305,6.1,6.414779408057495,-0.31477940805749505
P05307,6.6,6.432975039867608,0.16702496013239188
P05308,8.5,7.729589616101991,0.7704103838980094
P05309,5.3,6.391775727974927,-1.0917757279749276
P05310,6.5,7.194282960961797,-0.6942829609617966
P05311,8.6,7.9284405598855265,0.6715594401144731
P05312,9.0,7.961805609256183,1.0381943907438167
P05313,5.7,6.859481139426833,-1.1594811394268332
P05314,8.1,8.48682300782319,-0.3868230078231907
P05315,8.5,7.1875050780488845,1.3124949219511155
P05317,8.5,9.094758850388686,-0.5947588503886863
P05318,6.4,5.960515334779903,0.439484665220097
P05319,7.4,7.186462283492912,0.21353771650708797
P05320,7.4,6.447809520490961,0.9521904795090395
P05322,7.9,7.174527104655396,0.7254728953446046
P05323,4.1,4.758790216112084,-0.6587902161120844
P05324,8.2,7.521410855580376,0.6785891444196235
P05325,6.4,5.496014793524594,0.9039852064754061
P05326,8.1,6.700199420416192,1.3998005795838075
P05327,9.0,7.706785593504118,1.2932144064958822
P05328,7.0,7.39749965362491,-0.3974996536249096
P05329,8.5,8.865370859257627,-0.36537085925762725
P05330,6.7,7.113578282531853,-0.41357828253185325
P05331,7.8,7.672933701120719,0.12706629887928056
P05332,7.3,7.221365809314957,0.07863419068504296
P05334,7.2,7.457359283544623,-0.25735928354462256
P05335,8.0,7.2091013884993105,0.7908986115006895
P05336,7.6,7.698473092800606,-0.09847309280060657
P05338,7.1,7.221439467873387,-0.12143946787338766
P05340,5.3,6.638406234090784,-1.338406234090784
P05341,6.9,6.14646717881916,0.7535328211808405
P05342,5.0,5.2473566688212845,-0.2473566688212845
P05343,6.6,6.199563931219015,0.4004360687809845
P05344,5.4,5.829040439521789,-0.4290404395217884
P05345,8.0,8.168140941503752,-0.16814094150375247
P05346,8.4,8.263566577863457,0.13643342213654286
P05347,5.5,7.3246767199496015,-1.8246767199496015
P05348,7.2,6.990077908999071,0.20992209100092918
P05349,7.4,7.946168867972257,-0.5461688679722565
P05351,6.8,5.212346650689694,1.5876533493103056
P05352,6.9,6.57143208220952,0.32856791779048056
P05353,7.1,8.24046925131968,-1.140469251319681
P05354,7.1,7.584105200060622,-0.48410520006062274
P05355,6.4,6.1451620165641225,0.2548379834358778
P05356,7.6,7.443168202792888,0.15683179720711138
P05357,5.8,6.014503760686617,-0.21450376068661736
P05358,7.2,5.71836848631193,1.48163151368807
P05359,8.2,8.18915541985608,0.010844580143919202
P05360,7.2,7.17370395544383,0.02629604455616974
P05361,7.5,7.067808732495485,0.432191267504515
P05362,9.2,7.571725848244019,1.6282741517559804
P05363,6.2,6.589783427543581,-0.38978342754358053
P05364,8.4,7.696686940739354,0.7033130592606467
P05365,8.2,7.498440833706954,0.7015591662930456
P05366,5.2,5.577645875634261,-0.37764587563426044
P05368,6.8,6.918752689444998,-0.11875268944499862
P05369,4.6,4.60416072801546,-0.00416072801546008
P05370,8.2,8.88190452329811,-0.68190452329811
P05371,7.7,7.567289567500911,0.13271043249908931
P05372,7.0,8.056256758977549,-1.0562567589775487
P05374,8.7,8.296106673442258,0.4038933265577409
P05375,5.8,5.843755406205886,-0.043755406205885805
P05376,8.0,7.239682937536082,0.7603170624639182
P05377,7.1,7.230917355183357,-0.13091735518335756
P05378,7.2,7.542453332223561,-0.34245333222356056
P05379,8.6,7.614230496689683,0.9857695033103164
P05380,8.2,8.039780657725196,0.16021934227480372
P05381,7.6,8.009857389945342,-0.4098573899453424
P05382,5.3,5.312095757361261,-0.012095757361261228
P05383,6.8,6.208051933300512,0.5919480666994881
P05384,6.9,7.523010062909966,-0.623010062909966
P05386,6.6,6.933319154950769,-0.333319154950769
P05387,6.5,6.996349914684234,-0.4963499146842336
P05388,7.9,6.9400643855440896,0.9599356144559108
P05389,8.9,7.930550848043187,0.9694491519568134
P05391,7.3,6.950137897193035,0.3498621028069646
P05392,6.7,7.0588936696534565,-0.35889366965345637
P05393,5.8,5.662524820799772,0.13747517920022823
P05394,5.5,6.502615188490953,-1.002615188490953
P05395,8.6,8.47445782968405,0.12554217031594916
P05396,5.8,6.530900784688552,-0.7309007846885525
P05397,6.8,6.883431839099635,-0.08343183909963514
P05398,5.7,6.261029925174482,-0.5610299251744815
P05399,6.4,6.493940843332093,-0.09394084333209296
P05400,8.6,7.987474679478492,0.6125253205215078
P05401,6.0,6.216397558990539,-0.21639755899053892
P05402,7.9,7.924667863553957,-0.024667863553956337
P05403,8.2,7.729785969141044,0.47021403085895486
P05404,8.7,9.02119328830522,-0.32119328830522065
P05406,10.0,9.153141004600664,0.8468589953993355
P05407,7.0,6.671985239200417,0.3280147607995829
P05408,5.7,6.196553323388587,-0.4965533233885866
P05409,5.8,5.548787229459041,0.2512127705409588
P05410,7.0,7.038233831666799,-0.03823383166679939
P05411,7.5,7.464979902751782,0.03502009724821775
P05412,7.8,7.127971687154547,0.6720283128454527
P05413,7.2,7.056801838379506,0.1431981616204938
P05415,7.1,6.110207722389266,0.989792277610734
P05417,6.9,6.742055458200023,0.15794454179997697
P05418,8.1,8.090458093830255,0.009541906169744152
P05421,5.4,4.786319214901522,0.6136807850984782
P05422,6.8,7.285824476864135,-0.4858244768641349
P05423,6.4,6.728410854727915,-0.328410854727915
P05424,5.5,6.070702905278565,-0.5707029052785648
P05425,6.3,5.550590154914443,0.7494098450855571
P05426,9.8,8.91004518328032,0.8899548167196816
P05427,6.4,6.342679503965648,0.057320496034352075
P05428,8.5,7.900780162868584,0.5992198371314164
P05429,7.6,8.278097331477092,-0.6780973314770922
P05430,6.4,7.225875392159361,-0.8258753921593609
P05431,9.5,8.228842336354163,1.2711576636458375
P05432,4.8,5.287560601238161,-0.4875606012381608
P05433,9.2,9.4304315118507,-0.23043151185069988
P05435,7.4,7.842740236353067,-0.4427402363530666
P05436,5.6,5.713660859081277,-0.11366085908127754
P05437,6.6,6.709297717022564,-0.10929771702256463
P05438,6.4,6.200565046642502,0.19943495335749795
P05439,5.8,6.267865479039656,-0.4678654790396566
P05441,5.3,5.560926983516886,-0.26092698351688615
P05442,7.6,7.608872059921031,-0.008872059921031017
P05443,7.1,7.490224113492104,-0.3902241134921045
P05445,8.5,8.292891168384756,0.20710883161524407
P05447,8.0,7.436915455556283,0.5630845444437167
P05448,7.4,7.327156082327188,0.07284391767281218
P05449,5.6,6.5369196646816485,-0.9369196646816489
P05450,7.6,7.611433358187864,-0.011433358187864506
P05451,8.1,7.876880313802332,0.2231196861976681
P05452,6.4,6.039427293571229,0.36057270642877093
P05453,8.7,6.819960008728908,1.880039991271091
P05454,4.6,5.932995124617899,-1.3329951246178995
P05455,6.3,6.691756977647905,-0.39175697764790485
P05457,5.1,5.496423007634837,-0.3964230076348372
P05458,7.4,6.85183447363872,0.5481655263612808
P05459,8.5,7.442173871616634,1.0578261283833656
P05460,5.9,6.415763823709219,-0.5157638237092188
P05462,6.4,7.118961644567573,-0.7189616445675728
P05463,8.2,8.606395018308989,-0.4063950183089897
P05464,7.8,7.855829318410136,-0.05582931841013661
P05465,7.6,7.174548034165337,0.4254519658346627
P05466,6.3,5.092661308407198,1.2073386915928017
P05468,10.0,8.883408551046408,1.1165914489535922
P05470,6.8,6.060038486111301,0.7399615138886988
P05472,7.2,6.114454488639394,1.085545511360606
P05473,6.4,7.1115513569076265,-0.7115513569076262
P05474,6.6,6.750155476812566,-0.15015547681256614
P05475,6.5,6.7476854630841165,-0.24768546308411654
P05476,7.4,7.45855413611079,-0.0585541361107893
P05477,5.6,6.908744151227914,-1.3087441512279145
P05478,7.6,7.961885779062335,-0.36188577906233554
P05479,7.2,8.01599467936973,-0.8159946793697292
P05480,6.4,6.71769737568227,-0.3176973756822701
P05481,6.0,6.246540193528951,-0.24654019352895062
P05482,6.0,6.908423928889614,-0.9084239288896141
P05483,8.0,6.794671447185995,1.205328552814005
P05484,5.5,6.031669497627417,-0.5316694976274174
P05485,6.9,6.247005250715595,0.6529947492844057
P05486,7.3,6.527433508453965,0.7725664915460344
P05487,6.8,7.27349699682564,-0.4734969968256406
P05490,5.7,6.068381436486625,-0.3683814364866249
P05491,7.5,6.73610249293775,0.76389750706225
P05492,9.2,7.760911039067521,1.4390889609324784
P05493,6.4,6.638018525974526,-0.23801852597452555
P05494,8.0,8.091112649570299,-0.09111264957029874
P05495,4.2,5.561360599893996,-1.3613605998939962
P05496,4.8,5.647866304874221,-0.8478663048742208
P05497,5.1,5.70422490827732,-0.6042249082773203
P05498,8.1,8.139686104871135,-0.03968610487113544
P05499,8.3,7.662448669940802,0.6375513300591988
P05500,7.1,7.094291503212305,0.005708496787694806
P05501,7.8,7.295063443335692,0.5049365566643083
P05504,7.9,7.414973524610191,0.4850264753898097
P05505,6.7,6.396116896024883,0.3038831039751173
P05506,6.8,8.141851929717001,-1.3418519297170013
P05507,7.0,6.253107035517572,0.746892964482428
P05508,5.2,5.96045414609018,-0.7604541460901801
P05509,8.1,7.9074316807040015,0.19256831929599816
P05510,7.2,6.970631958524919,0.22936804147508116
P05511,8.5,8.84053969437335,-0.34053969437334963
P05512,6.4,7.137880886096537,-0.7378808860965362
P05513,8.2,8.45438331250724,-0.25438331250724033
P05515,6.5,6.179535648446982,0.3204643515530181
P05516,7.5,6.699991414418537,0.8000085855814634
P05517,5.3,5.691042803569855,-0.39104280356985477
P05518,8.5,8.04399422874128,0.4560057712587202
P05519,6.7,7.008918386193039,-0.3089183861930387
P05520,7.0,6.9222111950158425,0.07778880498415752
P05521,6.4,6.364051691206581,0.03594830879341959
P05523,6.8,6.633474956904449,0.16652504309555116
P05524,7.2,7.318538692342553,-0.1185386923425531
P05525,6.2,5.916101035169418,0.2838989648305823
P05526,6.1,5.739515881014935,0.36048411898506494
P05527,9.0,8.721798940428023,0.2782010595719768
P05529,6.5,7.05310044206534,-0.5531004420653396
P05530,5.3,6.048168488640798,-0.7481684886407978
P05531,7.2,6.784865087935655,0.41513491206434505
P05532,7.2,7.234936378463083,-0.03493637846308317
P05533,8.7,7.142219258086556,1.5577807419134428
P05534,6.9,7.252298502806941,-0.3522985028069403
P05535,8.9,8.85354295702146,0.04645704297854003
P05536,7.2,8.003195047986697,-0.8031950479866969
P05537,5.4,4.886616310838625,0.5133836891613752
P05538,5.2,6.159414201684343,-0.9594142016843428
P05540,8.4,7.376533924934331,1.0234660750656692
P05542,5.9,5.159426763938389,0.7405732360616115
P05543,7.2,7.349055711473757,-0.14905571147375696
P05545,5.3,5.941106674836342,-0.6411066748363421
P05546,7.5,7.653295158946125,-0.15329515894612467
P05547,7.0,6.509604224617212,0.49039577538278767
P05548,7.4,6.721105547593651,0.6788944524063494
P05549,6.8,6.857996381337435,-0.057996381337435565
P05550,6.4,7.343782659296015,-0.9437826592960148
P05551,5.7,5.754320382411347,-0.054320382411346735
P05553,5.5,5.602063680292782,-0.10206368029278234
P05555,8.9,7.805223984298692,1.0947760157013082
P05556,6.3,6.647199454760919,-0.3471994547609194
P05557,6.7,7.060275284208604,-0.3602752842086039
P05558,8.0,8.243996061309476,-0.24399606130947582
P05559,6.8,6.489263732400748,0.31073626759925155
P05560,6.9,6.66914500846958,0.23085499153042033
P05561,10.0,9.579694525699905,0.4203054743000951
P05562,5.5,5.292605019147281,0.2073949808527189
P05563,8.7,8.778836843113172,-0.07883684311317296
P05564,6.1,6.519559058678536,-0.41955905867853627
P05565,5.3,6.352262982755001,-1.0522629827550007
P05566,6.0,6.051675646086463,-0.05167564608646291
P05567,5.5,5.412899717016737,0.087100282983263
P05568,6.7,6.4975359951862846,0.20246400481371563
P05569,6.9,6.53527780097433,0.36472219902567016
P05570,5.8,5.96987628063456,-0.1698762806345604
P05572,7.3,6.832129585172705,0.46787041482729474
P05573,8.3,6.985225682555485,1.314774317444516
P05574,6.9,6.882422680981287,0.017577319018712956
P05575,7.3,7.403269374908148,-0.10326937490814814
P05576,7.0,7.964463138627278,-0.964463138627278
P05577,6.1,6.40000324426563,-0.3000032442656302
P05578,7.9,7.583155909831728,0.31684409016827253
P05579,6.0,6.834605931368074,-0.834605931368074
P05580,7.9,8.499389888770205,-0.5993898887702045
P05581,9.4,7.986454200897228,1.4135457991027724
P05582,7.4,7.363734108823616,0.03626589117638446
P05584,6.9,6.88777752613361,0.012222473866390082
P05585,5.4,6.123534057813186,-0.7235340578131852
P05586,5.6,6.216701702221258,-0.616701702221258
P05587,7.9,7.532027942751101,0.3679720572488989
P05588,8.1,7.866551371232234,0.23344862876776595
P05589,5.8,5.982559935162249,-0.18255993516224933
P05590,7.0,7.431949759233114,-0.4319497592331141
P05591,8.1,6.979985920124305,1.1200140798756948
P05592,9.0,7.417822964314773,1.582177035685227
P05593,6.6,6.83275499401471,-0.23275499401471045
P05594,8.0,7.468715185473746,0.5312848145262539
P05595,7.6,7.382424871189506,0.2175751288104939
P05596,5.5,6.225404021945806,-0.7254040219458062
P05597,4.7,5.915449413478884,-1.2154494134788836
P05598,9.1,8.059623403472008,1.0403765965279916
P05599,7.4,5.809584499311694,1.590415500688306
P05600,7.6,7.823056295751734,-0.2230562957517339
P05602,6.4,7.052675897978049,-0.6526758979780487
P05603,6.2,5.326812018492634,0.8731879815073658
P05604,8.2,7.651738000911758,0.5482619990882416
P05605,6.6,7.03068619749518,-0.4306861974951808
P05607,7.3,7.410570073412012,-0.11057007341201253
P05608,6.2,7.076381082910228,-0.8763810829102274
P05609,6.0,5.903009010351213,0.09699098964878683
P05611,5.2,6.325041513806901,-1.1250415138069005
P05612,5.9,6.402482160277572,-0.5024821602775713
P05613,8.6,7.826642548132058,0.773357451867942
P05615,10.0,9.366287712209193,0.6337122877908072
P05616,6.5,7.001873283010331,-0.5018732830103314
P05617,7.0,6.911158331742601,0.08884166825739914
P05618,5.6,6.2665303576963005,-0.6665303576963009
P05621,7.6,7.250813743479674,0.3491862565203254
P05623,5.7,5.648409231273005,0.05159076872699497
P05624,6.2,6.666860855176706,-0.46686085517670595
P05625,7.5,7.771792239928924,-0.2717922399289243
P05626,3.8,4.876934244153858,-1.0769342441538585
P05627,6.8,7.518015354169856,-0.7180153541698564
P05628,7.3,7.862132816249503,-0.5621328162495036
P05630,9.1,8.60051222820631,0.4994877717936905
P05632,8.1,7.633873127516889,0.4661268724831107
P05634,8.3,8.397582527503426,-0.097582527503425
P05635,7.2,7.803932677366791,-0.6039326773667906
P05636,7.7,7.514913339584437,0.1850866604155632
P05637,6.7,6.1572099220991205,0.5427900779008796
P05638,6.4,6.284061393421118,0.11593860657888211
P05639,5.7,6.759998147553605,-1.059998147553605
P05640,5.1,5.6991016876562695,-0.5991016876562698
P05641,6.5,7.891976416597565,-1.391976416597565
P05642,6.7,7.44834705129927,-0.7483470512992696
P05643,3.9,4.883631698711212,-0.9836316987112119
P05644,7.6,7.824370569992566,-0.22437056999256644
P05645,6.9,6.640973350986759,0.2590266490132418
P05646,9.4,8.442548057643895,0.957451942356105
P05647,7.6,6.753779710788789,0.8462202892112103
P05648,6.2,7.156499499645167,-0.956499499645167
P05649,9.1,8.60987773576175,0.49012226423825034
P05650,8.1,7.760961279694762,0.3390387203052381
P05652,5.1,5.35473721630639,-0.2547372163063901
P05653,5.2,6.141014550871212,-0.9410145508712118
P05654,7.4,6.537096786107837,0.8629032138921637
P05655,6.8,7.013584671952284,-0.21358467195228403
P05656,8.6,8.126667902096012,0.4733320979039881
P05657,9.1,9.605075013350929,-0.505075013350929
P05658,6.5,6.511236615896239,-0.011236615896239144
P05659,8.7,7.097856879923691,1.6021431200763079
P05660,5.3,6.652149098774256,-1.3521490987742562
P05661,6.0,6.31422482011694,-0.31422482011694
P05662,7.9,8.590732034061187,-0.6907320340611864
P05663,7.4,7.628698060138706,-0.22869806013870608
P05664,8.9,7.778675878341899,1.121324121658101
P05665,6.4,6.528291995944983,-0.12829199594498242
P05667,4.2,4.382690846802173,-0.1826908468021724
P05668,8.7,7.074864177689455,1.6251358223105443
P05669,5.3,6.48660193282554,-1.18660193282554
P05670,7.8,7.49576989651422,0.3042301034857795
P05671,5.9,5.60968613181502,0.2903138681849802
P05672,8.3,7.913548508189117,0.3864514918108837
P05673,6.4,6.865156722139517,-0.46515672213951653
P05674,9.2,8.44557801645084,0.7544219835491592
P05675,7.2,7.575854094676897,-0.3758540946768969
P05676,6.4,6.92703520950837,-0.5270352095083695
P05677,5.7,6.109031681441478,-0.40903168144147806
P05678,8.3,7.420816561696149,0.8791834383038521
P05679,8.3,7.564440418615985,0.7355595813840159
P05680,8.6,7.67646101146752,0.9235389885324796
P05681,5.7,6.733274631567623,-1.0332746315676227
P05682,4.3,6.246864766712784,-1.9468647667127845
P05683,7.2,6.7417837413865564,0.4582162586134437
P05684,6.9,6.804332433654081,0.09566756634591922
P05685,7.2,6.76867946631341,0.4313205336865904
P05686,7.8,8.168738563796735,-0.3687385637967351
P05687,6.1,7.379677068179333,-1.2796770681793337
P05689,4.7,5.99713125273624,-1.2971312527362402
P05690,6.5,5.70712171470769,0.7928782852923097
P05691,7.0,5.948671939676369,1.0513280603236312
P05693,6.0,5.389812148139231,0.6101878518607693
P05694,8.4,7.360704157882029,1.039295842117971
P05695,8.4,7.928966702931834,0.47103329706816677
P05696,8.5,8.308089820881916,0.19191017911808395
P05697,6.9,7.1815272175982,-0.28152721759819954
P05699,6.3,6.820282018441787,-0.5202820184417876
P05701,8.1,7.909553723694741,0.19044627630525834
P05702,8.1,7.817564921397486,0.2824350786025134
P05703,6.5,5.241796360460784,1.2582036395392162
P05706,7.4,7.692842900591961,-0.2928429005919604
P05707,7.0,7.139478054143966,-0.1394780541439662
P05708,5.1,6.197204065607906,-1.0972040656079063
P05709,6.2,6.261861134111607,-0.06186113411160665
P05710,8.7,7.322240772710595,1.3777592272894044
P05711,6.5,8.241920900155623,-1.7419209001556233
P05712,8.1,8.43725765881224,-0.33725765881223957
P05713,5.9,6.886134739365574,-0.9861347393655739
P05714,5.8,6.266798743120326,-0.466798743120326
P05715,6.6,7.0549517116973846,-0.4549517116973849
P05717,7.6,7.938578052194479,-0.338578052194479
P05718,6.2,6.186531323379455,0.013468676620544962
P05719,4.4,5.349085975877382,-0.9490859758773817
P05720,8.3,8.06965256723794,0.23034743276206093
P05722,9.7,8.84476038261213,0.8552396173878698
P05724,7.3,7.163342349109453,0.13665765089054727
P05725,8.4,7.337523097350697,1.062476902649303
P05726,6.7,5.98039782572776,0.7196021742722403
P05727,6.6,6.542267582689386,0.05773241731061329
P05728,7.7,7.274777417577236,0.425222582422764
P05729,6.8,7.11216273488393,-0.3121627348839304
P05732,6.8,7.2600448533105135,-0.4600448533105137
P05734,7.8,7.921227611881232,-0.1212276118812321
P05738,4.8,6.425115686850834,-1.625115686850834
P05739,6.3,6.89772742676,-0.5977274267600006
P05740,7.6,7.049117491349371,0.5508825086506288
P05741,7.3,6.742427467504845,0.557572532495155
P05742,5.7,6.553693398657708,-0.8536933986577075
P05743,6.2,6.501827657762729,-0.301827657762729
P05744,9.0,8.580399760604315,0.4196002393956846
P05745,5.6,5.53150226454477,0.06849773545522986
P05746,7.8,7.961856643334043,-0.16185664333404315
P05750,5.5,5.724848020682443,-0.22484802068244303
P05751,7.0,6.075769881950822,0.9242301180491781
P05752,8.1,7.24298997070365,0.8570100292963501
P05754,4.5,6.218881440620976,-1.7188814406209758
P05755,5.4,6.006632900612098,-0.6066329006120981
P05757,8.5,7.304316028255101,1.1956839717448986
P05758,6.4,6.5906511049426255,-0.19065110494262516
P05760,7.4,7.515116932976991,-0.11511693297699033
P05762,7.2,8.136567732402781,-0.9365677324027812
P05764,7.3,6.3538760680669135,0.9461239319330863
P05765,9.6,8.115057789201508,1.4849422107984918
P05766,6.1,7.079601824410357,-0.9796018244103575
P05767,7.9,7.619335892990508,0.2806641070094926
P05768,8.3,7.706613471636091,0.5933865283639097
P05769,7.2,7.632773679025217,-0.4327736790252166
P05770,7.4,8.135537128382264,-0.7355371283822638
P05771,6.6,6.49151781796669,0.10848218203330973
P05772,5.5,6.33832027608135,-0.8383202760813502
P05773,7.8,8.126898087610304,-0.3268980876103038
P05774,8.3,8.183038900995362,0.11696109900463902
P05775,8.0,8.028471584975465,-0.028471584975465092
P05776,6.4,6.569736085839491,-0.1697360858394905
P05777,8.1,7.377839600785396,0.7221603992146033
P05778,5.9,7.276145657209745,-1.3761456572097446
P05779,8.0,7.15162754158392,0.8483724584160797
P05780,8.2,8.537312919722861,-0.33731291972286215
P05781,5.1,5.463363402840569,-0.36336340284056945
P05782,7.5,6.374676122837604,1.125323877162396
P05783,7.3,8.32479056200078,-1.0247905620007804
P05784,5.9,5.8606461631804345,0.039353836819565835
P05785,6.5,6.194940875083707,0.3050591249162933
P05786,6.2,6.05408633161359,0.1459136683864104
P05787,7.7,7.95181209450699,-0.25181209450698994
P05788,9.1,7.51917073318838,1.5808292668116195
P05789,6.0,6.089345442242484,-0.0893454422424842
P05790,7.6,6.696598363049229,0.9034016369507709
P05791,8.1,8.260384564050144,-0.160384564050144
P05792,4.9,6.21499153581226,-1.3149915358122595
P05794,5.5,6.98555703746659,-1.4855570374665898
P05795,8.0,7.583434390566092,0.4165656094339081
P05796,5.9,6.960837998846831,-1.0608379988468304
P05797,6.9,7.424755825434842,-0.5247558254348412
P05798,7.8,8.117312651967964,-0.3173126519679643
P05799,6.2,6.608366080024951,-0.4083660800249511
P05800,6.0,6.5233362354199365,-0.5233362354199365
P05802,8.5,7.990875582281403,0.5091244177185974
P05803,7.4,6.523279716721918,0.8767202832780825
P05804,8.5,6.654872933584367,1.8451270664156327
P05805,7.1,6.300903625087737,0.7990963749122626
P05806,6.7,7.120849010044816,-0.4208490100448161
P05808,6.7,7.031049245096043,-0.33104924509604317
P05809,8.8,6.878002032466427,1.9219979675335734
P05811,8.7,8.105780099034476,0.5942199009655234
P05812,7.3,7.598221044827143,-0.29822104482714273
P05813,8.6,8.111955964799428,0.4880440352005717
P05815,5.0,5.163413284981566,-0.1634132849815657
P05816,7.8,7.68196155441208,0.11803844558791976
P05817,7.2,6.701040787663715,0.4989592123362856
P05818,8.2,8.285517298541587,-0.0855172985415873
P05819,7.9,7.087556073207329,0.8124439267926711
P05821,6.0,6.706455064623085,-0.7064550646230847
P05822,5.4,6.333042324354374,-0.933042324354374
P05823,6.3,6.6655374262294105,-0.36553742622941066
P05824,7.4,7.155467682387235,0.24453231761276495
P05826,6.1,6.519938400269435,-0.4199384002694355
P05827,6.6,6.397335353253695,0.2026646467463049
P05829,5.9,6.987168785562516,-1.0871687855625156
P05830,7.1,6.8512054992039735,0.24879450079602616
P05831,6.8,7.575051190438727,-0.7750511904387274
P05832,5.4,5.39822238671965,0.0017776132803506428
P05835,6.8,7.369891383607316,-0.5698913836073158
P05836,7.0,7.110842937562967,-0.1108429375629667
P05837,5.0,5.738774324716956,-0.7387743247169558
P05838,8.0,8.904747049137294,-0.9047470491372938
P05839,6.0,6.220620344861103,-0.2206203448611026
P05840,8.1,6.850789408642931,1.2492105913570688
P05841,7.4,7.553624075983273,-0.15362407598327277
P05842,8.2,7.388737771743663,0.8112622282563366
P05843,6.7,5.24900547253834,1.4509945274616598
P05844,5.9,6.071477330339847,-0.17147733033984647
P05845,7.7,7.964610414751384,-0.2646104147513837
P05846,4.8,6.832645560625697,-2.0326455606256975
P05847,7.4,5.95280166660419,1.4471983333958107
P05851,5.8,6.044899973001408,-0.24489997300140853
P05852,6.9,7.06300425122003,-0.1630042512200296
P05854,6.3,6.059783965234054,0.24021603476594588
P05856,5.8,6.661295539538744,-0.8612955395387445
P05857,5.8,7.016448584520318,-1.2164485845203181
P05858,5.9,6.573170404714276,-0.6731704047142753
P05860,6.7,7.191304208959431,-0.4913042089594306
P05861,6.7,6.812774031263902,-0.11277403126390162
P05864,8.2,7.676018505251033,0.5239814947489663
P05865,10.0,9.351981489355204,0.6480185106447962
P05867,8.2,6.814824303840505,1.3851756961594939
P05868,7.2,6.830769741265042,0.36923025873495785
P05870,6.8,7.0598830129897,-0.2598830129897003
P05871,9.5,8.780452949247724,0.7195470507522757
P05874,5.6,5.665109612856028,-0.06510961285602868
P05875,8.1,7.877861384329455,0.22213861567054494
P05876,8.6,8.910184749465513,-0.3101847494655132
P05877,6.9,7.591262309919398,-0.6912623099193977
P05878,6.0,5.438380644166914,0.561619355833086
P05879,7.8,7.329213773226164,0.47078622677383564
P05880,8.3,6.722693343178287,1.5773066568217136
P05881,7.2,7.553547654293256,-0.35354765429325585
P05882,6.7,6.718402611611326,-0.01840261161132606
P05883,6.1,5.76846897286272,0.33153102713728
P05885,4.5,5.1526014000334905,-0.6526014000334905
P05886,6.5,5.861497177426327,0.6385028225736731
P05887,7.8,6.147423796468704,1.6525762035312956
P05888,6.7,7.495268505389608,-0.7952685053896076
P05889,9.1,7.078248907636215,2.0217510923637843
P05890,7.5,7.25687383780474,0.24312616219526006
P05892,9.1,8.98817594981968,0.11182405018031893
P05893,6.3,6.544341925203854,-0.24434192520385434
P05894,5.7,5.722297408873214,-0.02229740887321352
P05895,7.5,6.665538073377021,0.8344619266229794
P05896,7.4,7.147013902915806,0.25298609708419395
P05898,7.4,6.271792746172044,1.1282072538279566
P05899,8.8,8.189956158796392,0.6100438412036091
P05900,7.2,6.931026908048593,0.2689730919514073
P05902,5.3,6.81421417238489,-1.5142141723848903
P05903,7.4,7.2209511034003055,0.1790488965996948
P05904,6.9,7.6640774920669426,-0.7640774920669422
P05905,8.5,7.2580848674267795,1.2419151325732205
P05907,7.3,6.71999324474797,0.5800067552520298
P05910,8.1,8.506680436995815,-0.40668043699581524
P05913,9.9,8.413775163290317,1.4862248367096829
P05914,7.9,7.415182282351991,0.48481771764800907
P05915,8.1,7.177474369173654,0.9225256308263461
P05916,6.8,6.51637429958302,0.2836257004169802
P05919,6.9,6.742628294635973,0.15737170536402711
P05920,8.0,8.20799786798905,-0.20799786798905018
P05921,8.1,8.244487226565486,-0.14448722656548618
P05922,7.3,7.562591976045997,-0.2625919760459974
P05923,5.9,6.907429462373884,-1.0074294623738833
P05925,8.9,7.705414288954923,1.194585711045077
P05926,7.2,6.62370795755664,0.5762920424433604
P05927,7.1,7.192285361330322,-0.0922853613303225
P05929,8.2,7.701268306976481,0.49873169302351794
P05930,7.6,7.560642534214718,0.03935746578528132
P05931,6.2,6.99110586750954,-0.7911058675095397
P05933,5.9,5.65138986025991,0.24861013974008994
P05934,6.2,6.358189355489211,-0.15818935548921065
P05935,6.6,6.687077165032193,-0.0870771650321931
P05936,7.3,7.270001051647281,0.02999894835271899
P05937,6.3,7.348370049457299,-1.048370049457299
P05939,6.3,6.82614710525374,-0.5261471052537399
P05940,8.7,7.6978608803879105,1.0021391196120888
P05941,8.7,7.946586573761872,0.7534134262381276
P05942,7.9,7.271800488054067,0.6281995119459332
P05943,8.7,8.461216314026814,0.23878368597318556
P05946,6.3,7.376020474124447,-1.076020474124447
P05947,5.5,5.851978795764449,-0.3519787957644489
P05948,7.3,6.639160622293975,0.6608393777060249
P05949,7.1,7.293767759446348,-0.19376775944634872
P05950,7.8,7.659138327029001,0.14086167297099905
P05951,7.8,7.187108041069731,0.6128919589302688
P05952,6.3,7.250752481993673,-0.950752481993673
P05953,6.3,6.711097061841903,-0.411097061841903
P05954,6.5,7.405366984904048,-0.905366984904048
P05957,7.0,6.97081486072478,0.029185139275219818
P05958,6.6,6.912919118800485,-0.31291911880048495
P05961,7.9,7.8243103206102305,0.07568967938976989
P05962,8.6,7.732090142977929,0.8679098570220702
P05963,6.7,7.027772548480386,-0.32777254848038595
P05965,4.4,5.212511073541087,-0.8125110735410868
P05966,5.6,6.123894574216164,-0.5238945742161647
P05970,6.4,6.79059248493062,-0.39059248493061993
P05971,5.0,5.746522527349491,-0.7465225273494909
P05972,7.3,6.305485290737879,0.9945147092621207
P05973,6.9,6.98094185184494,-0.08094185184493963
P05975,8.3,7.220501128114394,1.0794988718856064
P05976,7.4,7.842144098773248,-0.44214409877324723
P05978,7.6,7.722577160070228,-0.12257716007022879
P05979,7.3,7.202192885033149,0.09780711496685068
P05980,6.0,5.594649800103303,0.40535019989669685
P05981,5.3,5.150181971174431,0.14981802882556838
P05982,6.0,7.236749335879291,-1.2367493358792911
P05983,8.5,8.390563817092039,0.10943618290796131
P05984,5.3,6.364676200041703,-1.0646762000417036
P05986,5.9,6.912371580500258,-1.0123715805002576
P05987,6.8,7.223776688654546,-0.423776688654546
P05988,7.7,8.192197328115443,-0.49219732811544237
P05989,9.2,8.593083692951982,0.6069163070480172
P05990,6.4,7.050748058997276,-0.6507480589972756
P05991,8.1,7.865246597171723,0.23475340282827695
P05992,7.6,7.249772908516615,0.3502270914833847
P05993,7.8,8.097208153054035,-0.2972081530540356
P05994,6.5,6.509035453772299,-0.009035453772298752
P05995,9.0,8.712741561408164,0.2872584385918362
P05996,5.7,5.1414891215616905,0.5585108784383097
P05997,4.1,5.984041168759769,-1.8840411687597696
P05998,7.3,7.723043781421381,-0.42304378142138077
P05999,6.7,6.369412482841461,0.3305875171585395
P06000,8.1,6.9729147410296495,1.1270852589703502
P06001,9.7,8.668622290908838,1.0313777090911618
P06002,6.3,6.781029314460301,-0.48102931446030084
P06003,5.4,6.270080548367336,-0.8700805483673353
P06004,6.2,6.928584008641839,-0.7285840086418389
P06005,7.6,6.839255104469367,0.7607448955306326
P06006,7.3,7.160339802945531,0.13966019705446886
P06007,8.2,8.316584280004365,-0.11658428000436594
P06008,7.3,6.014138843112153,1.2858611568878464
P06009,6.6,6.41785955163246,0.18214044836753995
P06010,7.8,7.05490866567269,0.7450913343273102
P06012,7.1,7.138791840218211,-0.03879184021821125
P06013,8.7,8.31992832133776,0.38007167866223845
P06014,6.2,6.19737648539204,0.0026235146079605087
P06015,6.1,6.603645031340686,-0.5036450313406862
P06018,6.9,7.44341053205201,-0.5434105320520093
P06019,6.3,5.927003289064484,0.37299671093551545
P06020,5.9,7.3494609740815555,-1.4494609740815552
P06021,6.2,6.021328981428427,0.1786710185715732
P06022,6.9,7.038742712245727,-0.13874271224572698
P06024,5.6,6.353728855689048,-0.7537288556890482
P06025,7.4,6.197797733666185,1.2022022663338152
P06026,7.0,6.970242689359006,0.02975731064099385
P06027,9.4,9.267327149489413,0.13267285051058764
P06028,7.6,7.346214129841535,0.253785870158465
P06029,5.2,5.4286724473923,-0.22867244739229964
P06030,7.0,7.262309840063311,-0.2623098400633106
P06031,5.7,6.052859211253814,-0.35285921125381403
P06032,8.1,8.36761965348449,-0.26761965348449124
P06033,7.8,6.776548992628395,1.0234510073716052
P06034,7.4,6.43661848959592,0.9633815104040799
P06036,7.3,7.919422680584372,-0.6194226805843721
P06037,7.7,7.606501310319055,0.09349868968094555
P06038,6.1,7.091861132325523,-0.9918611323255231
P06039,5.1,6.590253773783958,-1.4902537737839587
P06040,5.5,6.328474326757232,-0.8284743267572319
P06041,4.6,5.08186972997154,-0.48186972997154065
P06042,6.5,7.378198717985541,-0.8781987179855406
P06043,7.5,7.005650071273789,0.4943499287262112
P06044,8.6,7.797680169412086,0.8023198305879138
P06045,5.4,6.137438945008094,-0.737438945008094
P06046,8.0,7.794238632205104,0.20576136779489573
P06047,8.6,8.64663527032458,-0.0466352703245807
P06049,7.4,7.804214410274566,-0.40421441027456595
P06050,4.7,5.876325540821696,-1.1763255408216962
P06051,7.9,6.976222091424159,0.9237779085758415
P06052,5.4,6.217312736470228,-0.8173127364702273
P06054,8.3,7.816495466972197,0.48350453302780405
P06055,7.5,8.040684418941996,-0.5406844189419964
P06056,8.0,7.464222763927504,0.5357772360724962
P06058,6.9,7.449477052160817,-0.5494770521608165
P06060,5.4,5.313488694616057,0.08651130538394369
P06062,6.3,7.134385102918033,-0.8343851029180334
P06064,7.0,6.722116334786147,0.277883665213853
P06066,6.2,7.429975001004808,-1.2299750010048074
P06070,5.9,6.191320469057433,-0.2913204690574327
P06071,9.5,8.177573178039136,1.322426821960864
P06072,5.4,5.495192417787504,-0.0951924177875032
P06073,6.6,6.722252896574229,-0.12225289657422955
P06074,7.9,7.82073137922276,0.07926862077724017
P06076,7.6,7.08022206455271,0.5197779354472898
P06078,5.3,6.051390366185396,-0.7513903661853965
P06079,7.4,7.798959406981535,-0.3989594069815343
P06080,5.5,5.567821955671626,-0.06782195567162574
P06081,6.3,6.325813203350471,-0.025813203350470992
P06082,6.9,6.719878629327001,0.1801213706729996
P06086,6.8,7.342178476342105,-0.5421784763421051
P06087,6.6,6.843791358551681,-0.24379135855168155
P06088,7.8,8.442211407132993,-0.6422114071329927
P06089,10.0,7.976625640852545,2.0233743591474553
P06090,8.3,8.357684468673144,-0.05768446867314303
P06091,6.3,7.276379642792098,-0.9763796427920983
P06092,7.3,6.36131606950117,0.9386839304988301
P06093,6.9,7.308231343466104,-0.40823134346610335
P06094,6.7,7.470738371087776,-0.7707383710877762
P06095,8.2,7.409290625772269,0.7907093742277302
P06096,8.0,8.710709862494596,-0.7107098624945962
P06098,4.9,5.463803348736905,-0.5638033487369043
P06099,6.5,7.63904317148295,-1.1390431714829496
P06100,7.4,7.0191355126045565,0.3808644873954439
P06102,7.2,7.674408350446623,-0.4744083504466232
P06103,4.6,5.5070692899585305,-0.9070692899585309
P06105,8.1,8.48696205676244,-0.38696205676244055
P06106,6.4,6.656628574990622,-0.2566285749906214
P06107,7.1,6.940509628785049,0.15949037121495024
P06108,7.7,7.752828300888204,-0.052828300888204005
P06109,7.7,7.031860975926418,0.6681390240735823
P06110,7.5,7.960353262403199,-0.4603532624031992
P06111,10.0,8.726964943937563,1.2730350560624366
P06112,6.1,7.601046235265718,-1.5010462352657186
P06113,6.9,6.707381449446754,0.19261855055324606
P06114,8.9,8.608384150550165,0.2916158494498351
P06115,4.8,6.421480171897774,-1.6214801718977743
P06116,6.4,7.242831969287447,-0.8428319692874471
P06117,6.6,6.426749539187629,0.17325046081237083
P06118,8.1,8.335188152383274,-0.23518815238327484
P06120,6.7,5.916630785812596,0.7833692141874042
P06121,7.6,6.246866686329553,1.3531333136704466
P06122,7.4,7.082409188363117,0.3175908116368831
P06124,7.3,7.391643045772215,-0.09164304577221483
P06126,7.4,7.543109727095022,-0.14310972709502146
P06127,8.8,7.907459457340373,0.8925405426596278
P06128,8.6,8.779674760659649,-0.17967476065964938
P06129,6.7,7.108684501510378,-0.40868450151037816
P06130,9.7,8.027042094091012,1.6729579059089872
P06131,6.8,7.149823731698676,-0.34982373169867653
P06132,5.6,6.558011525504965,-0.9580115255049657
P06133,5.6,6.54635495486534,-0.94635495486534
P06134,6.2,6.614458905502604,-0.4144589055026042
P06136,7.8,7.829849927633606,-0.029849927633605944
P06137,5.8,6.483191122708593,-0.6831911227085934
P06138,6.8,5.957045306030248,0.8429546939697516
P06142,8.2,7.326551811621183,0.8734481883788163
P06143,7.0,7.967443065936775,-0.9674430659367754
P06144,6.5,6.667946221181119,-0.16794622118111935
P06145,8.4,8.3127651789606,0.0872348210394005
P06146,7.1,6.452682124399418,0.6473178756005815
P06147,8.8,7.141169339041406,1.6588306609585945
P06148,8.1,8.362108732149103,-0.2621087321491036
P06149,6.4,6.875613018555326,-0.47561301855532534
P06150,6.4,6.497789624114112,-0.09778962411411207
P06151,6.4,6.477377746752041,-0.0773777467520409
P06153,7.4,6.964481375799736,0.435518624200264
P06154,7.7,7.049170476248487,0.6508295237515132
P06156,7.8,7.346245531864904,0.453754468135096
P06157,5.9,6.221124813254839,-0.32112481325483877
P06158,6.0,6.106545390839169,-0.1065453908391687
P06160,8.6,7.962941637563702,0.6370583624362975
P06162,8.7,7.863642436680866,0.8363575633191331
P06163,6.0,6.767957728149996,-0.7679577281499963
P06164,6.7,7.419671263520612,-0.7196712635206115
P06165,6.6,6.740216472493364,-0.1402164724933641
P06166,7.1,6.645366262027529,0.454633737972471
P06167,9.4,8.44838012357575,0.9516198764242496
P06168,7.1,7.440223849158807,-0.3402238491588072
P06169,7.0,7.260450593352725,-0.2604505933527248
P06172,8.3,8.909982716734188,-0.6099827167341871
P06173,5.0,6.682801305371395,-1.6828013053713953
P06174,7.0,7.110136628239236,-0.11013662823923642
P06175,6.8,5.927751882095847,0.872248117904153
P06177,4.4,6.187680689749824,-1.7876806897498234
P06178,6.5,6.134012607865361,0.36598739213463904
P06179,8.2,7.781993372517445,0.418006627482554
P06180,8.0,6.642669465371573,1.357330534628427
P06181,6.2,6.554596597116136,-0.354596597116136
P06182,6.6,6.0183027044231245,0.5816972955768751
P06183,6.5,7.285578317866074,-0.785578317866074
P06184,6.7,6.865406265947279,-0.16540626594727925
P06185,7.2,6.853425108321161,0.3465748916788396
P06186,6.8,7.254887609447469,-0.45488760944746875
P06187,5.6,5.514825264376154,0.0851747356238457
P06188,7.0,7.217714737506357,-0.21771473750635728
P06189,6.6,6.351565865600771,0.24843413439922823
P06190,5.7,4.935733014185367,0.7642669858146336
P06191,7.4,8.210119267703979,-0.8101192677039784
P06192,8.5,7.474390416842824,1.025609583157176
P06193,4.9,5.848147001884712,-0.9481470018847116
P06194,8.5,7.675559862966668,0.8244401370333323
P06195,7.8,7.241851848206666,0.5581481517933335
P06197,8.0,7.162809356589217,0.837190643410783
P06199,8.0,7.324163786601781,0.6758362133982194
P06200,5.3,6.54013723594997,-1.2401372359499705
P06201,5.8,6.288807184691517,-0.48880718469151674
P06203,6.9,6.373440141549246,0.5265598584507547
P06204,8.5,8.367712784188733,0.13228721581126734
P06205,7.7,8.09682949515209,-0.39682949515208943
P06208,7.4,7.492943000972779,-0.0929430009727783
P06209,5.9,5.6158967041653405,0.2841032958346599
P06210,9.7,9.462122501597438,0.23787749840256112
P06211,6.9,5.441215063758929,1.458784936241071
P06212,6.0,7.362473881893492,-1.362473881893492
P06213,6.4,7.425296306516767,-1.0252963065167666
P06214,6.7,7.534865517824001,-0.8348655178240012
P06216,7.6,7.732912286662193,-0.13291228666219368
P06217,7.6,7.695066399848791,-0.0950663998487915
P06218,9.3,9.184539504037817,0.11546049596218388
P06219,6.3,6.525927101652304,-0.2259271016523039
P06220,6.8,7.068020891295556,-0.2680208912955564
P06222,6.0,7.0936540696162345,-1.0936540696162345
P06223,7.7,6.815976456991422,0.8840235430085785
P06224,8.8,9.30699232362062,-0.5069923236206186
P06225,5.5,7.120799372951652,-1.6207993729516517
P06226,6.1,7.192480025977877,-1.0924800259778777
P06227,7.7,7.705554137311652,-0.0055541373116518855
P06228,8.1,8.233718148746904,-0.13371814874690457
P06229,8.1,7.342199984733806,0.7578000152661932
P06231,6.1,6.731226060268218,-0.6312260602682187
P06232,6.6,6.588200618904295,0.01179938109570422
P06234,6.5,6.420543896246734,0.07945610375326595
P06235,6.3,6.529178413971803,-0.2291784139718036
P06236,5.6,6.475301651269431,-0.8753016512694316
P06237,6.8,7.516647237409698,-0.7166472374096982
P06238,4.7,6.360576464809282,-1.6605764648092816
P06240,8.4,7.578309561348627,0.8216904386513733
P06241,8.2,8.357283818954336,-0.15728381895433685
P06242,6.2,6.921804335683212,-0.7218043356832116
P06244,8.0,6.764661575415494,1.2353384245845058
P06246,5.2,5.600193609106619,-0.40019360910661916
P06247,6.5,7.209379927157951,-0.7093799271579506
P06249,8.3,8.15907514887498,0.14092485112502118
P06250,9.4,9.10246240241912,0.29753759758088094
P06252,7.6,7.51769902208331,0.08230097791668989
P06255,6.2,6.214935087422735,-0.014935087422735194
P06256,9.5,8.966209100405619,0.533790899594381
P06257,6.6,5.717064636812881,0.8829353631871184
P06258,3.8,4.633460395397168,-0.833460395397168
P06259,8.0,7.521162288801549,0.47883771119845076
P06260,6.9,7.118510019983779,-0.2185100199837784
P06261,8.2,8.08845188652418,0.11154811347581983
P06263,7.2,7.293953778630568,-0.09395377863056797
P06266,8.7,7.431258557895939,1.2687414421040604
P06269,7.3,7.168933737673367,0.131066262326633
P06270,5.6,6.216632280224367,-0.6166322802243673
P06271,7.4,7.278863972390548,0.12113602760945241
P06273,7.9,7.788897184117299,0.11110281588270166
P06275,8.0,8.559735285284221,-0.559735285284221
P06276,7.0,7.407045517610852,-0.40704551761085206
P06277,7.8,7.725284744722473,0.07471525527752654
P06278,5.6,6.002183346835593,-0.4021833468355931
P06280,7.2,6.116578273009237,1.0834217269907631
P06281,6.9,7.986877189699301,-1.086877189699301
P06282,5.6,5.548182213723383,0.05181778627661693
P06285,7.2,7.819169049671721,-0.6191690496717213
P06286,5.9,5.994594083340529,-0.09459408334052899
P06287,8.1,7.647503342334738,0.4524966576652618
P06289,5.3,5.129006670898047,0.17099332910195297
P06290,6.7,6.161310884217817,0.5386891157821836
P06291,8.2,7.895102648301249,0.30489735169875054
P06292,6.9,7.0720865540205775,-0.17208655402057715
P06293,8.1,7.6093062448655955,0.49069375513440416
P06295,8.8,7.811667699031635,0.9883323009683656
P06296,6.0,6.696745214107231,-0.6967452141072306
P06297,7.5,7.518188493417609,-0.01818849341760931
P06299,8.6,9.176196633437709,-0.5761966334377089
P06300,4.1,5.675256634870731,-1.5752566348707315
P06301,7.8,7.319765348730475,0.4802346512695248
P06302,6.6,7.009675037371115,-0.4096750373711151
P06303,7.0,6.975174176164124,0.024825823835875838
P06305,6.4,6.840324813693878,-0.440324813693878
P06306,5.5,6.14293209221729,-0.6429320922172899
P06307,8.7,7.734525069371166,0.965474930628833
P06309,5.9,6.062768533925962,-0.1627685339259619
P06310,5.7,5.778322038966943,-0.07832203896694256
P06313,7.3,6.796420800703324,0.5035791992966754
P06314,7.7,7.2936206248613695,0.40637937513863065
P06315,6.9,6.68371125713268,0.21628874286732014
P06316,6.3,6.235775975238471,0.06422402476152911
P06317,6.3,7.113878441557553,-0.8138784415575531
P06318,5.3,7.099293022666932,-1.799293022666932
P06319,7.8,7.397537786347962,0.40246221365203816
P06320,5.3,5.075115012338667,0.22488498766133258
P06321,6.1,6.670003188676547,-0.5700031886765471
P06322,9.3,8.42338844379508,0.8766115562049208
P06323,5.8,5.430243706604901,0.3697562933950991
P06324,7.3,6.704112246507388,0.5958877534926117
P06325,8.9,8.530580906104824,0.3694190938951767
P06326,6.1,6.254838104970262,-0.1548381049702625
P06327,8.0,8.451143163520674,-0.4511431635206744
P06329,4.3,5.9218871068387084,-1.6218871068387086
P06330,7.1,6.599835005009671,0.5001649949903291
P06331,5.6,6.470912955989292,-0.8709129559892927
P06332,7.3,6.981071449438687,0.31892855056131264
P06333,8.2,8.809604477465147,-0.6096044774651475
P06334,7.2,6.783444183265269,0.4165558167347312
P06335,7.2,6.803676967905755,0.39632303209424524
P06336,9.2,7.969014037632061,1.2309859623679387
P06337,6.3,5.982812613366108,0.3171873866338917
P06338,7.7,7.778649752776152,-0.07864975277615205
P06339,7.9,7.9157105201601565,-0.01571052016015617
P06340,7.2,7.757684087622125,-0.5576840876221247
P06343,6.9,5.967276574187033,0.9327234258129673
P06344,8.4,7.762491871866453,0.6375081281335477
P06346,8.2,7.525551016095678,0.6744489839043215
P06347,6.2,7.151590090722751,-0.9515900907227506
P06348,5.5,6.192054316990638,-0.6920543169906379
P06350,7.5,7.784293187472929,-0.28429318747292864
P06351,5.7,6.311923823020533,-0.6119238230205326
P06352,6.8,7.086875584710918,-0.2868755847109181
P06353,6.9,7.736728345783227,-0.8367283457832269
P06354,5.6,7.141781647792114,-1.5417816477921145
P06355,6.8,6.653883301977141,0.1461166980228592
P06357,8.7,8.226782608058084,0.47321739194191537
P06359,5.3,5.799908546047497,-0.49990854604749746
P06360,7.9,6.944772358375401,0.9552276416245995
P06361,4.9,5.937453714145033,-1.037453714145033
P06362,5.9,5.567979735084187,0.3320202649158137
P06364,7.2,6.729549726915925,0.47045027308407494
P06365,5.2,5.983927548862981,-0.7839275488629811
P06366,9.4,7.874015928615911,1.525984071384089
P06368,7.4,7.370665841995428,0.029334158004572508
P06370,6.4,7.012547012221772,-0.6125470122217713
P06371,8.5,7.551685402545277,0.9483145974547229
P06372,5.1,5.827165279643369,-0.7271652796433692
P06373,4.4,5.525220522393337,-1.1252205223933363
P06374,4.9,5.260325801873448,-0.3603258018734472
P06375,8.8,8.558387284045075,0.2416127159549255
P06376,5.9,6.083933091914576,-0.18393309191457607
P06377,7.1,7.81492506653243,-0.7149250665324303
P06378,7.9,7.987549458146096,-0.08754945814609538
P06382,7.3,6.316626702424145,0.9833732975758549
P06383,7.4,6.930603129766042,0.4693968702339584
P06385,8.7,8.285806172000822,0.4141938279991777
P06386,8.0,8.046014352083452,-0.046014352083451726
P06387,7.6,7.215413292099928,0.38458670790007154
P06392,7.5,6.88223472649007,0.6177652735099297
P06394,6.2,6.942923021419574,-0.7429230214195739
P06395,6.3,7.552799700528561,-1.252799700528561
P06396,8.0,7.684443598074578,0.3155564019254218
P06397,7.6,7.704588787892414,-0.1045887878924141
P06398,6.7,6.745209604648837,-0.04520960464883661
P06400,7.1,7.314953652394033,-0.2149536523940334
P06401,6.5,6.883975919719892,-0.38397591971989176
P06402,5.7,6.374767423708357,-0.6747674237083565
P06403,7.9,8.32623860910945,-0.4262386091094488
P06404,8.0,7.261615562055241,0.7383844379447586
P06405,8.4,7.97208075217797,0.4279192478220306
P06406,7.6,7.697765402482605,-0.09776540248260535
P06407,5.4,6.464819318278803,-1.0648193182788024
P06408,8.8,8.38306158390266,0.4169384160973415
P06410,7.2,7.164122479997694,0.03587752000230626
P06412,7.6,7.101888496289686,0.4981115037103132
P06414,6.2,6.393562000880578,-0.1935620008805774
P06415,6.1,5.543489920644852,0.5565100793551476
P06416,6.7,7.094712955253844,-0.3947129552538442
P06417,5.5,5.75512747144074,-0.25512747144073966
P06419,8.6,7.921783948232832,0.6782160517671674
P06420,9.0,8.036578491388509,0.963421508611491
P06421,7.4,7.644307410373947,-0.24430741037394643
P06422,6.1,6.519809908383946,-0.4198099083839466
P06423,8.0,8.798720719176403,-0.7987207191764032
P06424,8.4,7.853761494536778,0.5462385054632222
P06425,8.7,8.213695730859367,0.4863042691406321
P06426,8.3,7.65224324032866,0.6477567596713403
P06429,8.1,8.200747501614341,-0.10074750161434132
P06430,7.8,7.161218572124292,0.638781427875708
P06431,8.0,7.72483685814425,0.2751631418557503
P06432,6.4,6.833548649080396,-0.4335486490803957
P06433,6.5,6.793020689538146,-0.293020689538146
P06434,7.4,7.267202497758647,0.13279750224135345
P06435,7.9,8.152342522705455,-0.25234252270545454
P06437,6.0,6.8607838341639376,-0.8607838341639376
P06439,7.3,8.01703361400767,-0.7170336140076694
P06440,5.5,6.208057820642068,-0.7080578206420682
P06441,6.4,6.335285816918709,0.06471418308129095
P06442,8.4,8.175691434400097,0.22430856559990353
P06443,6.4,7.468406217570504,-1.0684062175705034
P06444,7.2,6.600459896568606,0.5995401034313943
P06445,7.9,7.155338674142087,0.7446613258579138
P06446,8.7,7.804665758174114,0.8953342418258856
P06447,6.8,7.32984904375692,-0.5298490437569203
P06448,4.4,5.161340569979258,-0.7613405699792573
P06449,8.7,7.661309790608923,1.038690209391076
P06450,7.3,6.088926095573978,1.211073904426022
P06451,7.3,6.961350084874798,0.3386499151252016
P06453,6.0,5.120471160234,0.8795288397660004
P06454,9.6,8.442511210577287,1.1574887894227128
P06455,9.4,8.29478884760911,1.1052111523908899
P06457,6.7,6.923191905708737,-0.22319190570873726
P06458,5.8,6.443290729573089,-0.6432907295730894
P06459,8.2,7.083038119017678,1.1169618809823216
P06460,8.0,6.9159882666818895,1.0840117333181105
P06461,6.1,6.871030537813132,-0.7710305378131324
P06462,6.9,6.835069758819674,0.06493024118032675
P06463,6.2,6.451188566012631,-0.2511885660126305
P06464,6.7,7.887282579832984,-1.187282579832984
P06465,6.9,7.073516152622691,-0.1735161526226907
P06466,6.8,6.805240581108013,-0.005240581108012954
P06467,7.6,7.339010533853343,0.26098946614665675
P06468,7.7,7.801285448337293,-0.10128544833729247
P06469,7.8,6.688645916987367,1.1113540830126327
P06471,7.0,6.394735037357162,0.6052649626428384
P06472,7.1,6.590547948287668,0.5094520517123318
P06473,6.3,7.016307632343915,-0.7163076323439155
P06474,5.9,5.1711911175911,0.7288088824089005
P06475,7.1,7.498954041514253,-0.3989540415142532
P06476,6.5,6.80779284895426,-0.30779284895425985
P06477,6.4,7.036915978002972,-0.6369159780029721
P06478,6.5,6.918848615989744,-0.4188486159897442
P06480,5.9,5.796687725215751,0.10331227478424942
P06481,6.2,7.506019488377998,-1.3060194883779976
P06482,7.8,7.1885627252395015,0.6114372747604984
P06484,6.0,6.332962351845212,-0.33296235184521183
P06485,5.3,6.473156245613091,-1.1731562456130913
P06486,5.9,6.977956798416226,-1.077956798416226
P06489,7.8,6.516827106441196,1.2831728935588043
P06490,7.8,7.099003360003951,0.700996639996049
P06491,5.6,5.785311285771725,-0.18531128577172495
P06492,5.3,5.995680977379161,-0.695680977379161
P06493,5.1,5.063266942693279,0.03673305730672105
P06495,7.7,8.055758963428767,-0.3557589634287668
P06496,6.9,6.99683976079073,-0.0968397607907292
P06497,7.7,8.701151313217203,-1.0011513132172025
P06498,4.5,5.359906914623743,-0.8599069146237426
P06499,6.8,7.242258999917766,-0.4422589999177662
P06500,7.0,6.572690718525254,0.4273092814747459
P06501,8.0,7.220443758033856,0.7795562419661444
P06502,6.9,6.206004463439908,0.6939955365600925
P06503,7.2,6.8798583624797685,0.3201416375202317
P06504,7.6,6.592675319410184,1.0073246805898153
P06505,4.5,5.278820509607691,-0.7788205096076908
P06506,8.2,8.091360934720917,0.10863906527908185
P06507,7.8,6.544184838402053,1.2558151615979467
P06510,6.1,6.046704388425683,0.05329561157431684
P06512,7.2,6.836524034304146,0.36347596569585416
P06513,6.9,7.409697832569628,-0.5096978325696275
P06514,5.8,6.290755242701194,-0.4907552427011943
P06515,8.2,8.50934067177651,-0.3093406717765106
P06516,6.8,6.485258176595525,0.314741823404475
P06518,6.9,6.44044257892753,0.45955742107247044
P06519,5.9,5.845012721256243,0.05498727874375753
P06520,7.3,7.4840026814731395,-0.1840026814731397
P06521,8.3,7.629125221648559,0.6708747783514415
P06523,6.7,6.330470401249391,0.3695295987506091
P06524,7.4,7.504632008257945,-0.10463200825794505
P06527,5.7,6.040331570077305,-0.3403315700773044
P06529,7.1,7.435748962659439,-0.335748962659439
P06530,7.2,6.677929704553186,0.5220702954468139
P06531,8.7,7.320175886760352,1.3798241132396472
P06533,5.7,6.8895692648607785,-1.1895692648607783
P06535,7.5,7.030387406961146,0.46961259303885416
P06536,8.0,7.715180107534545,0.284819892465455
P06537,6.0,7.2427921652547695,-1.2427921652547695
P06541,6.2,6.277946002176725,-0.07794600217672443
P06543,7.7,7.372193719414311,0.3278062805856896
P06544,7.7,7.224400013891597,0.4755999861084028
P06545,5.1,5.691585597590014,-0.5915855975900142
P06546,7.5,8.167332057999335,-0.6673320579993351
P06547,7.2,7.641118190060901,-0.4411181900609007
P06550,8.0,7.314925620180322,0.6850743798196781
P06551,7.2,6.489766590166279,0.7102334098337213
P06552,5.4,5.55124788741378,-0.15124788741377948
P06555,8.2,8.33395930830395,-0.1339593083039503
P06556,8.7,8.236264375175626,0.46373562482437336
P06557,4.1,6.478382817022884,-2.3783828170228842
P06558,7.0,7.056957602713625,-0.05695760271362538
P06559,7.7,7.321254095214543,0.37874590478545755
P06560,7.5,8.513190985095392,-1.0131909850953917
P06561,6.3,6.605138555510957,-0.3051385555109576
P06562,8.9,7.253645626791349,1.6463543732086512
P06563,7.5,8.464620042014364,-0.9646200420143636
P06564,8.2,8.010340989708949,0.18965901029105048
P06567,7.1,7.6006760332019665,-0.5006760332019669
P06568,6.0,6.873309608786691,-0.8733096087866912
P06569,7.4,7.499710632063826,-0.09971063206382524
P06570,6.0,6.523075904582092,-0.5230759045820923
P06571,7.5,6.740094375526319,0.7599056244736806
P06572,7.5,6.715097585156121,0.784902414843879
P06573,8.9,6.799988257535799,2.1000117424642015
P06575,6.3,5.976268265590205,0.32373173440979475
P06576,6.9,7.225447442584389,-0.3254474425843883
P06577,9.8,8.385288024201891,1.4147119757981095
P06578,8.0,7.163197200996497,0.836802799003503
P06579,6.6,6.517268809343627,0.08273119065637236
P06580,9.1,8.712802045212706,0.38719795478729324
P06581,9.2,7.407397945245754,1.7926020547542452
P06582,7.8,7.567359574615135,0.23264042538486507
P06583,7.2,7.668342169303489,-0.46834216930348926
P06584,6.4,6.105639587612136,0.2943604123878645
P06585,6.7,6.677684823674132,0.022315176325868435
P06587,8.0,8.21176037656756,-0.2117603765675593
P06589,7.6,7.268598331827981,0.33140166817201866
P06590,7.6,7.1273824597883415,0.47261754021165814
P06591,7.1,6.99189064034484,0.10810935965515966
P06593,7.0,6.818793856498759,0.18120614350124065
P06596,3.7,5.640531281278178,-1.9405312812781776
P06597,8.9,8.274486603148699,0.6255133968513018
P06598,4.5,5.605589631213759,-1.1055896312137588
P06600,7.2,8.177264967088824,-0.977264967088824
P06601,7.1,6.654299015086882,0.4457009849131177
P06602,5.7,5.5184941379341215,0.1815058620658787
P06604,7.2,7.295084652321735,-0.09508465232173524
P06605,6.8,6.526554571752813,0.27344542824718676
P06606,9.6,8.280031622124358,1.3199683778756413
P06607,6.0,6.035787452407586,-0.03578745240758607
P06608,6.7,5.95536384732906,0.7446361526709397
P06610,7.8,7.955419999580666,-0.15541999958066643
P06612,6.8,6.758951965037872,0.04104803496212739
P06613,5.8,5.798742061200032,0.0012579387999673841
P06614,8.5,8.164301064349848,0.33569893565015185
P06616,7.9,7.553799854426478,0.34620014557352263
P06617,6.9,7.000793381650226,-0.10079338165022556
P06618,7.4,7.157984405882108,0.24201559411789209
P06620,6.6,6.835173767243754,-0.23517376724375438
P06622,6.7,7.944070958168701,-1.2440709581687006
P06623,7.7,7.32566446924847,0.37433553075153014
P06624,6.3,5.8526802721341005,0.44731972786589935
P06625,5.9,6.514875249311984,-0.614875249311984
P06626,7.9,7.321636489324575,0.578363510675425
P06627,6.6,5.82244652833183,0.7775534716681696
P06628,8.3,7.406825316842031,0.8931746831579694
P06629,7.0,6.715243649915457,0.28475635008454336
P06630,7.8,7.984735301243534,-0.184735301243534
P06632,8.6,8.046200897025653,0.553799102974347
P06633,5.7,6.278950216529386,-0.5789502165293854
P06635,8.4,8.15083798056569,0.24916201943431027
P06638,6.8,6.255793065434784,0.5442069345652154
P06639,6.3,6.700715098815028,-0.4007150988150281
P06640,5.8,6.1551975877510685,-0.3551975877510687
P06641,8.6,8.103399767724891,0.4966002322751084
P06642,7.8,7.676200524111422,0.12379947588857743
P06643,7.9,8.159634762493782,-0.25963476249378203
P06644,6.1,5.9529599498107215,0.14704005018927813
P06645,6.2,5.591411098718136,0.6085889012818644
P06646,8.4,7.213427931720749,1.1865720682792515
P06648,5.7,6.786049218396322,-1.0860492183963215
P06649,5.2,5.281969620335023,-0.08196962033502242
P06650,6.1,7.228429877503536,-1.1284298775035362
P06651,7.5,7.497080154809235,0.002919845190764825
P06652,6.4,6.831688338115784,-0.43168833811578367
P06653,9.2,7.443080001339153,1.7569199986608464
P06654,6.1,6.457452729311202,-0.357452729311202
P06655,6.0,7.376986178620314,-1.3769861786203137
P06656,8.0,7.697995590758502,0.30200440924149774
P06659,6.2,6.901219876606781,-0.701219876606781
P06660,8.7,8.57440879209252,0.12559120790747968
P06661,6.4,6.607783726059621,-0.20778372605962048
P06663,6.5,6.6535365926427295,-0.15353659264272945
P06664,4.9,5.762455719284825,-0.8624557192848243
P06665,5.9,5.664244840646874,0.2357551593531264
P06666,4.2,5.677178461112066,-1.4771784611120662
P06667,6.1,6.601148949148494,-0.5011489491484946
P06668,7.4,8.517655805921198,-1.1176558059211974
P06669,8.3,7.520159712374322,0.7798402876256789
P06670,7.5,7.162110219891723,0.3378897801082772
P06671,6.0,5.943018164062283,0.056981835937716774
P06672,6.5,6.343483842791407,0.1565161572085927
P06673,7.9,7.769049888811075,0.13095011118892508
P06674,6.5,6.687749121654715,-0.1877491216547149
P06675,2.9,4.677032210790106,-1.777032210790106
P06677,5.9,6.5369130651486005,-0.6369130651486001
P06678,5.6,6.757927420389446,-1.1579274203894467
P06679,7.0,6.72995888096315,0.2700411190368497
P06680,5.9,5.808883502905527,0.09111649709447356
P06681,7.4,7.688385612954344,-0.28838561295434406
P06682,7.8,8.331601080854067,-0.5316010808540677
P06684,7.5,7.150036106825679,0.349963893174321
P06686,6.0,6.236764449301124,-0.23676444930112428
P06688,9.1,8.072532131992386,1.027467868007614
P06689,7.8,6.80705099483058,0.9929490051694199
P06690,5.3,5.768723297876647,-0.46872329787664757
P06691,8.0,7.362127496444044,0.6378725035559558
P06692,7.6,6.920088893122238,0.6799111068777615
P06693,8.1,7.754984623373413,0.3450153766265869
P06694,9.3,7.061768728620038,2.238231271379963
P06695,6.6,6.988396712672427,-0.38839671267242704
P06696,7.1,7.300077828105281,-0.20007782810528152
P06697,7.7,7.3649747111822865,0.33502528881771365
P06698,8.3,7.345059424168046,0.9549405758319551
P06699,8.7,7.739008986510283,0.9609910134897159
P06700,4.6,5.947008926207658,-1.3470089262076588
P06701,6.0,7.098031828644556,-1.0980318286445563
P06702,6.7,7.408614384498473,-0.7086143844984729
P06703,7.4,7.529340244029628,-0.12934024402962763
P06704,6.9,6.79285264119323,0.1071473588067704
P06705,5.6,6.696390279814117,-1.0963902798141172
P06706,8.8,8.506854374952717,0.29314562504728414
P06708,5.7,6.9590336912585,-1.2590336912584998
P06710,8.6,7.880491313473697,0.7195086865263027
P06711,7.0,8.213470769354206,-1.2134707693542062
P06712,6.8,6.518712440462896,0.2812875595371036
P06713,6.3,5.970723640334411,0.329276359665589
P06714,4.9,5.948373129924907,-1.048373129924907
P06715,6.8,6.542938258808263,0.25706174119173664
P06716,6.9,7.412080443702894,-0.5120804437028941
P06717,7.1,6.913463774743093,0.18653622525690672
P06718,5.8,6.20050490779801,-0.40050490779800985
P06719,7.5,7.42874771144788,0.07125228855212029
P06720,7.5,7.378585648241461,0.12141435175853932
P06721,5.6,5.032171750142435,0.5678282498575644
P06722,7.5,7.424924195569404,0.07507580443059592
P06723,5.6,5.719296397934393,-0.11929639793439328
P06725,7.0,8.284828186663582,-1.2848281866635816
P06726,5.6,6.048846214847197,-0.44884621484719744
P06727,6.1,6.809447124068559,-0.7094471240685589
P06728,7.4,7.800628823096162,-0.4006288230961612
P06729,8.2,8.278267542157087,-0.07826754215708753
P06730,7.2,7.447958518268292,-0.24795851826829196
P06731,5.3,5.659531715957371,-0.3595317159573712
P06733,5.8,6.109886676635115,-0.3098866766351156
P06734,6.8,7.598506158580187,-0.7985061585801869
P06735,6.9,6.994035913859051,-0.09403591385905052
P06737,6.2,6.387769884486246,-0.18776988448624543
P06739,7.8,8.203434193949311,-0.40343419394931157
P06740,8.8,8.07073650055001,0.7292634994499902
P06742,7.7,7.191809215416048,0.5081907845839524
P06743,7.0,6.759374427473129,0.2406255725268709
P06744,7.7,8.19283744898938,-0.49283744898937965
P06745,6.1,6.0859243014407,0.014075698559299354
P06747,5.4,6.7457117322655895,-1.3457117322655892
P06749,3.9,5.734676675817913,-1.8346766758179132
P06750,5.7,6.273824196644378,-0.5738241966443782
P06751,7.9,8.796391586949191,-0.896391586949191
P06752,7.3,7.002921220114529,0.2970787798854708
P06753,5.8,5.640769525436255,0.15923047456374473
P06754,6.1,6.167410095298487,-0.06741009529848707
P06756,9.1,8.822335764661627,0.2776642353383725
P06757,6.4,5.764914431942016,0.6350855680579848
P06758,7.6,7.240594877284949,0.3594051227150503
P06759,8.3,8.377872711517128,-0.07787271151712716
P06760,9.5,8.325171409104318,1.1748285908956824
P06761,8.8,7.277686994364289,1.522313005635712
P06764,6.7,7.078478896973971,-0.37847889697397097
P06765,7.9,6.929440448286066,0.9705595517139347
P06769,5.3,4.959323928096257,0.3406760719037427
P06771,7.5,7.484071850598186,0.015928149401814196
P06772,7.8,6.421161270719288,1.3788387292807114
P06773,7.6,8.078754059739051,-0.4787540597390514
P06774,8.5,6.952536741385696,1.5474632586143038
P06776,8.1,7.490684968727211,0.6093150312727884
P06777,7.3,7.182028774850365,0.11797122514963476
P06778,7.8,7.137531070083992,0.6624689299160078
P06780,6.2,5.944813151773705,0.25518684822629556
P06781,6.8,7.272721216489058,-0.47272121648905774
P06782,7.3,7.366430539886413,-0.06643053988641334
P06783,6.1,6.350399411749871,-0.25039941174987135
P06785,5.9,6.058482615959087,-0.15848261595908664
P06786,7.8,8.424896549319586,-0.6248965493195859
P06787,6.0,6.337745258215895,-0.33774525821589485
P06788,5.7,6.083719195761214,-0.3837191957612136
P06789,6.3,7.076339552660047,-0.7763395526600476
P06790,6.8,6.505792216701472,0.2942077832985275
P06791,5.0,5.885977286084316,-0.8859772860843158
P06792,6.5,7.154975339625686,-0.6549753396256861
P06794,5.5,6.490805762664515,-0.9908057626645146
P06795,8.4,8.429655499841989,-0.02965549984198823
P06796,6.3,7.41294339829095,-1.11294339829095
P06797,6.2,6.887329017453439,-0.6873290174534388
P06798,8.5,7.53052657320668,0.9694734267933196
P06799,6.6,6.863202823813661,-0.26320282381366145
P06800,5.1,6.129801965918927,-1.029801965918927
P06801,6.3,6.532682010162245,-0.23268201016224488
P06803,7.6,6.769625303560929,0.8303746964390708
P06804,6.6,6.497356964941065,0.1026430350589349
P06805,7.3,7.080080595004433,0.21991940499556684
P06807,8.2,8.223255323065699,-0.02325532306569933
P06808,6.5,7.101281577930905,-0.6012815779309051
P06812,8.2,7.815776963618045,0.3842230363819539
P06814,5.8,6.688237078993436,-0.888237078993436
P06815,6.1,6.55490593979203,-0.4549059397920301
P06816,8.4,7.978910502257574,0.4210894977424262
P06817,7.4,7.252377734263276,0.14762226573672432
P06818,9.0,8.855098955428113,0.14490104457188657
P06819,7.7,6.8786819251349,0.8213180748651006
P06822,6.5,6.432028160432759,0.06797183956724062
P06823,8.1,7.468326683347811,0.6316733166521891
P06824,4.5,5.155961483761438,-0.6559614837614376
P06825,6.7,6.240303494450015,0.4596965055499851
P06826,7.3,7.478758810611772,-0.17875881061177257
P06827,5.6,6.574315598647266,-0.9743155986472667
P06828,8.6,7.161640660768446,1.4383593392315532
P06829,6.5,6.789379204364961,-0.2893792043649608
P06830,6.3,6.8904702223890855,-0.5904702223890856
P06831,7.6,7.214299583647341,0.38570041635265895
P06832,6.0,6.541236408167918,-0.5412364081679177
P06833,6.6,7.040069304451068,-0.4400693044510682
P06834,6.3,7.051350635655939,-0.751350635655939
P06835,6.3,6.295662588735782,0.0043374112642178275
P06837,4.6,6.019784164422231,-1.4197841644222313
P06838,8.2,8.884118255272538,-0.6841182552725389
P06839,7.4,7.702415186690951,-0.3024151866909506
P06840,9.9,8.774767233501663,1.1252327664983373
P06843,8.2,7.345427523363828,0.8545724766361715
P06844,8.5,8.366994107899677,0.1330058921003232
P06846,6.9,6.718516338993797,0.1814836610062036
P06847,6.8,7.347840399749968,-0.5478403997499681
P06848,5.9,6.858028879952316,-0.958028879952316
P06849,7.9,7.664363576825259,0.23563642317474098
P06850,6.0,6.078483159946806,-0.07848315994680632
P06851,6.4,7.9164005122645404,-1.51640051226454
P06852,7.7,7.475611251358571,0.2243887486414291
P06853,7.4,6.924155533432519,0.47584446656748103
P06854,8.9,7.487863649215528,1.412136350784472
P06856,6.6,6.394399370671509,0.20560062932849021
P06857,9.2,9.44866676292536,-0.24866676292536027
P06858,6.9,6.9925685130423,-0.0925685130422993
P06860,8.6,8.511173947334942,0.08882605266505728
P06861,6.2,5.927938179615872,0.2720618203841285
P06862,6.1,5.724100075227682,0.3758999247723178
P06863,7.3,6.6146158487778495,0.6853841512221504
P06864,6.1,6.367805697806561,-0.26780569780656105
P06865,6.7,7.23042762508238,-0.5304276250823801
P06866,8.0,7.000422514720144,0.9995774852798558
P06867,7.7,6.570937927353032,1.1290620726469678
P06868,8.9,8.286760471401708,0.6132395285982923
P06869,5.3,5.578949063451422,-0.2789490634514218
P06870,7.3,6.671066127774168,0.628933872225832
P06871,7.5,6.9590431554188665,0.5409568445811335
P06872,8.1,7.244240833872925,0.8557591661270747
P06873,6.0,6.5124250029511135,-0.5124250029511135
P06874,7.5,7.802788534705151,-0.3027885347051509
P06875,7.0,7.972925743682632,-0.972925743682632
P06876,6.0,6.405710955592861,-0.40571095559286086
P06877,7.8,7.910972214125524,-0.11097221412552383
P06878,8.2,8.10818611117142,0.09181388882857888
P06880,5.7,5.810165696326145,-0.11016569632614459
P06882,7.4,6.903531232906085,0.49646876709391563
P06883,8.3,8.457674897829978,-0.15767489782997757
P06885,6.7,6.546175896546992,0.15382410345300812
P06886,7.4,7.177899289655263,0.222100710344737
P06888,6.9,6.976564002489201,-0.07656400248920026
P06889,7.4,6.82778166991043,0.5722183300895702
P06891,4.8,5.801728156215247,-1.001728156215247
P06892,6.4,5.9745134137579,0.42548658624210045
P06895,7.4,7.379593781255394,0.020406218744606797
P06896,7.0,7.537477577755592,-0.5374775777555918
P06898,7.4,7.299519969033054,0.10048003096694647
P06899,6.7,6.32333281018938,0.37666718981062
P06900,6.1,6.440252238846726,-0.34025223884672595
P06901,6.1,6.0981665564508125,0.0018334435491871304
P06902,8.3,7.57261185492038,0.7273881450796207
P06903,7.4,7.341489764275325,0.0585102357246754
P06904,5.4,6.651624159516264,-1.2516241595162638
P06905,7.0,6.679816630671097,0.3201833693289027
P06906,8.8,8.260634094319322,0.539365905680679
P06907,8.1,7.690014317472382,0.40998568252761736
P06908,7.9,6.364989628797936,1.5350103712020644
P06909,8.2,8.037221417589253,0.1627785824107466
P06910,5.2,6.3844531279559655,-1.1844531279559654
P06911,4.5,5.194723949717709,-0.6947239497177087
P06912,5.8,6.847492281387976,-1.0474922813879761
P06913,6.2,6.286527152119036,-0.08652715211903583
P06915,8.2,7.048455148789609,1.1515448512103905
P06916,8.2,7.262270601849514,0.9377293981504851
P06918,5.9,6.890133490697068,-0.990133490697068
P06919,8.3,7.127841644856425,1.1721583551435755
P06920,8.0,7.971201594389051,0.028798405610949374
P06921,6.6,7.1668009244515325,-0.5668009244515329
P06923,7.3,7.274879141772386,0.025120858227613674
P06924,8.2,7.821298461139819,0.37870153886018
P06925,4.6,5.57623505186563,-0.97623505186563
P06928,8.8,8.59981820330441,0.2001817966955901
P06929,5.9,6.188793375710424,-0.28879337571042374
P06930,6.0,6.178176059705698,-0.17817605970569783
P06931,5.3,4.912866965778616,0.38713303422138345
P06932,6.9,7.847145735449633,-0.9471457354496327
P06933,7.8,7.694376318720236,0.10562368127976374
P06934,4.4,5.157702426375888,-0.7577024263758876
P06935,9.0,8.638190941179511,0.36180905882048897
P06937,6.2,6.304221755468088,-0.10422175546808798
P06938,6.7,6.625889493590202,0.07411050640979777
P06940,4.9,5.449519946104335,-0.5495199461043345
P06941,6.1,6.1946776773342185,-0.09467767733421883
P06942,6.3,5.32833576083387,0.9716642391661301
P06943,6.7,7.655528487813298,-0.9555284878132975
P06944,6.9,7.217445926264867,-0.3174459262648668
P06945,8.9,7.8279147738717345,1.0720852261282658
P06946,10.0,8.997587047264364,1.0024129527356358
P06947,7.4,7.360555847827709,0.03944415217229125
P06948,6.8,7.31930319240743,-0.5193031924074303
P06949,8.3,7.713556050311312,0.5864439496886886
P06950,7.8,7.4846146508114,0.31538534918859984
P06951,7.1,7.038290376202662,0.0617096237973378
P06952,7.9,7.435572492019943,0.4644275079800577
P06953,8.5,7.390432892475976,1.1095671075240237
P06954,8.7,7.849501047260889,0.8504989527391107
P06955,9.2,8.106724511963803,1.0932754880361966
P06957,7.5,7.795042402390623,-0.2950424023906226
P06958,6.5,6.942338478528384,-0.44233847852838437
P06959,8.4,8.128855954917558,0.2711440450824423
P06960,9.2,7.4506445334057,1.7493554665942996
P06962,6.6,6.861875859004774,-0.2618758590047747
P06964,9.0,7.277249387862925,1.7227506121370748
P06965,4.0,4.88997406539678,-0.88997406539678
P06967,8.4,7.3663045524280815,1.033695447571919
P06968,5.9,6.262189629930181,-0.3621896299301808
P06969,8.2,8.24884222742871,-0.04884222742871103
P06970,8.8,7.93204603649061,0.8679539635093905
P06971,7.7,7.762737220636745,-0.0627372206367447
P06972,8.5,8.289973163736637,0.2100268362633635
P06973,6.7,6.814866403421037,-0.11486640342103716
P06975,8.2,8.17903093978836,0.020969060211639245
P06977,6.5,7.2571136305298705,-0.7571136305298705
P06978,6.3,6.917816550592262,-0.6178165505922619
P06979,7.5,8.083817191950963,-0.5838171919509634
P06981,6.9,8.03653315344009,-1.136533153440089
P06983,6.2,6.678921238534544,-0.4789212385345438
P06985,8.3,8.724910933926695,-0.42491093392669477
P06986,7.8,7.722970583298747,0.07702941670125263
P06987,6.8,7.4961248484797,-0.6961248484797
P06988,6.9,6.775349350249598,0.12465064975040274
P06989,5.8,5.9295403967812526,-0.12954039678125273
P06990,5.4,6.26635993068059,-0.8663599306805896
P06991,6.1,7.638464703149716,-1.5384647031497165
P06993,5.7,5.436155335748954,0.2638446642510459
P06994,8.6,8.2348852908533,0.36511470914669886
P06995,9.2,8.104879428499311,1.0951205715006882
P06997,5.9,7.018163463943816,-1.1181634639438158
P06998,7.1,6.933632555283937,0.16636744471606235
P06999,5.9,6.572698274568133,-0.6726982745681322
P07000,8.7,8.742967444306485,-0.0429674443064858
P07001,8.2,7.0100494599916665,1.1899505400083328
P07003,8.6,8.277097578517369,0.32290242148263104
P07004,6.0,6.33482718413823,-0.33482718413822976
P07005,9.2,7.616322619338494,1.5836773806615057
P07006,7.6,6.814757087936263,0.7852429120637368
P07008,5.2,5.085195856450544,0.11480414354945623
P07009,7.2,7.06486294459871,0.13513705540129006
P07010,5.8,6.439659013958462,-0.6396590139584619
P07011,6.6,6.768433294962463,-0.16843329496246362
P07012,8.1,7.693821715045478,0.4061782849545219
P07013,8.4,7.66868098843101,0.7313190115689903
P07014,6.3,7.128348378865274,-0.8283483788652743
P07015,7.4,8.521376472521563,-1.121376472521563
P07016,5.6,5.626102673351474,-0.02610267335147398
P07017,8.4,7.869364155636672,0.5306358443633288
P07018,7.1,5.855700936308477,1.244299063691523
P07019,8.8,7.504908019462617,1.295091980537384
P07020,4.0,4.899332909467656,-0.8993329094676561
P07021,6.5,6.525668823865058,-0.02566882386505842
P07022,8.1,6.794620335736132,1.3053796642638673
P07023,6.9,6.688024054010368,0.2119759459896322
P07024,6.8,5.956207261694623,0.8437927383053765
P07025,7.7,6.629237505273292,1.0707624947267078
P07026,7.1,7.6190182843609,-0.5190182843609001
P07028,6.7,6.275189771841158,0.42481022815884195
P07029,8.1,8.378997833077861,-0.2789978330778613
P07030,5.3,4.747635168451788,0.5523648315482115
P07031,8.3,8.487391909005781,-0.18739190900578073
P07032,6.5,7.198192306536512,-0.6981923065365123
P07033,7.2,7.652034401410169,-0.4520344014101685
P07034,7.0,8.095108156734835,-1.0951081567348346
P07035,4.5,5.664524148271948,-1.1645241482719477
P07036,9.1,7.511502803662107,1.5884971963378929
P07038,8.9,7.999657398931335,0.9003426010686653
P07039,8.5,7.841050375304754,0.6589496246952464
P07041,5.4,5.9396373598812,-0.5396373598811994
P07042,5.1,6.3399872893641325,-1.2399872893641328
P07043,6.2,6.539593465711805,-0.33959346571180493
P07048,6.0,7.227407839473116,-1.2274078394731163
P07049,6.7,6.2865386366232725,0.4134613633767277
P07050,8.5,8.309960508666773,0.19003949133322706
P07051,7.2,7.25684358728646,-0.05684358728646011
P07052,5.9,6.403200173799134,-0.5032001737991338
P07055,6.6,6.789332157013293,-0.1893321570132933
P07057,7.9,8.013817487485657,-0.11381748748565634
P07058,7.2,7.730504725344158,-0.5305047253441577
P07059,6.7,6.238014699834204,0.46198530016579653
P07061,6.8,6.908587448303164,-0.10858744830316436
P07062,5.9,6.119151928690866,-0.21915192869086564
P07063,6.5,6.747108320465757,-0.24710832046575693
P07064,7.3,8.04847180558112,-0.7484718055811195
P07065,7.2,6.754018046942604,0.4459819530573963
P07066,5.4,5.775268476185633,-0.3752684761856324
P07067,6.4,7.592633133396109,-1.1926331333961082
P07068,6.1,7.0126259006213045,-0.9126259006213049
P07069,10.0,8.09579758062101,1.90420241937899
P07070,7.7,6.998362572459088,0.7016374275409119
P07071,6.2,6.597045669709489,-0.39704566970948907
P07075,5.7,6.487219426452165,-0.7872194264521646
P07076,6.6,7.181236142835854,-0.5812361428358548
P07077,6.4,5.482941781991178,0.9170582180088225
P07078,7.9,7.511198884267081,0.3888011157329192
P07079,6.0,6.79235111404743,-0.7923511140474302
P07080,8.7,7.736923352153699,0.9630766478463002
P07081,6.9,7.048625526917178,-0.14862552691717745
P07082,6.4,6.336902391508239,0.06309760849176094
P07083,6.7,6.611577275240705,0.0884227247592948
P07084,5.7,5.950765596665162,-0.25076559666516207
P07085,4.6,5.405929853361791,-0.8059298533617918
P07086,5.4,6.6363581487406735,-1.2363581487406732
P07087,5.6,6.093683652682928,-0.493683652682928
P07088,6.2,7.605999713753482,-1.4059997137534817
P07089,8.4,6.612085783652386,1.7879142163476143
P07090,7.8,7.679355546888821,0.12064445311117922
P07091,5.9,5.964843321427935,-0.0648433214279347
P07093,6.4,6.07192206260298,0.32807793739701996
P07094,8.4,7.850730336806571,0.5492696631934297
P07095,7.8,7.485335529684338,0.3146644703156616
P07096,6.6,5.951645127989153,0.648354872010847
P07099,7.1,7.692309704429389,-0.5923097044293897
P07100,8.1,8.454054872144393,-0.3540548721443937
P07101,8.8,8.449008714244966,0.35099128575503435
P07102,8.8,8.354497723033528,0.44550227696647227
P07103,8.1,6.418325450125822,1.6816745498741774
P07104,8.8,8.24523455095818,0.5547654490418203
P07105,6.4,7.337204592507391,-0.9372045925073911
P07106,5.2,5.431639980620962,-0.2316399806209617
P07107,7.0,6.926774974110476,0.07322502588952418
P07108,7.6,6.794565124224288,0.8054348757757115
P07109,3.9,4.418906424194441,-0.5189064241944412
P07110,7.3,7.584467502812414,-0.2844675028124142
P07112,8.2,7.637187897461626,0.5628121025383734
P07113,7.3,7.144578907608679,0.15542109239132085
P07114,5.8,6.283726529839918,-0.4837265298399185
P07115,7.4,7.262511395049709,0.13748860495029103
P07117,8.5,6.128026938229994,2.3719730617700057
P07120,6.9,7.0912794062037765,-0.19127940620377615
P07121,6.1,6.188482645996955,-0.08848264599695543
P07122,8.1,7.767232185411542,0.3327678145884576
P07123,8.6,8.610660223767876,-0.010660223767876786
P07125,8.6,7.336485119531178,1.2635148804688212
P07126,7.6,7.272118531830369,0.3278814681696307
P07127,5.7,6.341143628681646,-0.6411436286816459
P07128,7.1,5.752916503919297,1.3470834960807023
P07129,7.1,8.367333999040184,-1.2673339990401846
P07130,8.4,7.725862964395668,0.6741370356043319
P07131,5.8,5.9367604967485965,-0.1367604967485967
P07132,6.6,7.425746892051968,-0.8257468920519679
P07133,7.3,6.730506486707081,0.5694935132929189
P07134,9.0,8.685201331153335,0.31479866884666485
P07135,6.3,6.886535629078429,-0.5865356290784289
P07136,3.9,5.724363452993998,-1.8243634529939983
P07137,7.1,7.6737460410803475,-0.5737460410803479
P07138,5.8,6.805227997602035,-1.0052279976020353
P07139,9.2,8.350974733220987,0.8490252667790124
P07140,7.5,8.098614797460531,-0.5986147974605309
P07141,6.4,5.823447937727439,0.5765520622725617
P07142,7.9,7.935725693376821,-0.03572569337682108
P07143,6.5,7.064735961766597,-0.5647359617665968
P07144,4.8,6.331737131790431,-1.5317371317904316
P07145,7.3,7.558356308562622,-0.2583563085626226
P07146,7.6,6.864920935124035,0.7350790648759649
P07147,6.8,6.872400746806664,-0.07240074680666453
P07148,8.4,7.213491007007458,1.1865089929925423
P07149,8.3,8.073586519310487,0.22641348068951395
P07150,8.1,6.967155130224043,1.1328448697759566
P07151,7.1,6.860800635906845,0.2391993640931549
P07152,6.3,6.13613128499589,0.16386871500411004
P07153,6.6,6.610531666500503,-0.010531666500503079
P07154,6.2,5.840618207209717,0.35938179279028315
P07156,6.9,6.799137410313382,0.10086258968661799
P07157,7.7,6.837309071377433,0.862690928622567
P07158,6.8,6.488434006185892,0.3115659938141082
P07159,8.2,7.250706846252277,0.949293153747722
P07160,6.4,6.995249244711068,-0.5952492447110673
P07161,5.9,7.322279558503929,-1.422279558503929
P07162,6.9,6.488203489252602,0.411796510747398
P07163,7.7,7.239203858346924,0.46079614165307614
P07164,5.4,6.704234025073999,-1.304234025073999
P07165,7.1,8.039769741918862,-0.9397697419188624
P07166,10.0,8.51976780560112,1.48023219439888
P07167,6.6,7.3543099697292895,-0.7543099697292899
P07168,6.3,7.16556554395131,-0.8655655439513099
P07169,5.8,5.86909723433732,-0.0690972343373204
P07170,7.2,6.628797254028026,0.5712027459719744
P07171,4.5,5.376982188558188,-0.8769821885581877
P07173,7.6,7.309426096313677,0.2905739036863224
P07175,8.0,7.621665603261604,0.37833439673839564
P07176,7.0,7.362117041713833,-0.36211704171383285
P07177,6.6,6.844656800007341,-0.24465680000734125
P07178,6.9,7.639509556179605,-0.7395095561796046
P07184,7.0,7.55892470763477,-0.5589247076347696
P07186,6.6,6.654034493825881,-0.054034493825881214
P07187,7.1,6.187831181186502,0.9121688188134973
P07189,8.5,8.36448340519673,0.1355165948032706
P07190,7.7,7.194138850413117,0.5058611495868828
P07192,8.4,8.754662804759022,-0.35466280475902145
P07193,6.5,6.084415861230484,0.41558413876951583
P07194,6.4,6.66608930400818,-0.26608930400817954
P07196,7.1,7.634020293879724,-0.534020293879724
P07197,8.3,8.09423932974818,0.20576067025182
P07198,7.2,6.781336844746142,0.4186631552538582
P07199,7.7,7.776554478065138,-0.07655447806513749
P07201,6.7,7.103148799477513,-0.4031487994775125
P07202,7.8,6.988518231936467,0.8114817680635324
P07204,7.1,6.949693454550667,0.15030654544933242
P07205,6.8,7.07858642855024,-0.2785864285502404
P07206,6.4,7.154236603227662,-0.7542366032276613
P07207,8.3,7.732085738354581,0.56791426164542
P07208,7.2,6.768719707273091,0.4312802927269095
P07211,8.9,8.214825538731368,0.6851744612686321
P07212,7.9,7.822377835489238,0.0776221645107622
P07215,8.3,7.793635775553646,0.5063642244463544
P07216,6.8,6.888729967147139,-0.0887299671471391
P07217,5.3,6.417280399230367,-1.117280399230367
P07219,9.0,7.818056634448346,1.1819433655516542
P07220,6.5,6.810000205114156,-0.3100002051141564
P07221,6.2,7.277915937567061,-1.0779159375670604
P07222,7.3,7.981559604379868,-0.681559604379868
P07223,8.4,8.70994978491276,-0.30994978491276015
P07224,7.0,8.279123940688674,-1.2791239406886739
P07226,7.9,7.0586226255114255,0.8413773744885749
P07227,7.2,6.251286838273654,0.9487131617263458
P07228,6.8,7.31112747914985,-0.5111274791498506
P07229,8.0,7.224446857121796,0.7755531428782039
P07230,9.6,9.281733301053812,0.31826669894618753
P07231,6.8,6.101039875938364,0.6989601240616361
P07232,8.0,7.962325078621781,0.03767492137821904
P07233,8.4,8.675271134964545,-0.2752711349645445
P07234,7.7,7.66641857964412,0.03358142035587974
P07235,8.5,7.783064384454567,0.7169356155454327
P07236,8.5,7.978143986725606,0.5218560132743937
P07237,5.0,5.966270843156222,-0.9662708431562219
P07239,5.6,5.989395200435945,-0.38939520043594555
P07240,8.5,8.447153616268876,0.052846383731123936
P07241,7.9,7.536436906499842,0.3635630935001579
P07242,6.6,7.424000147614143,-0.824000147614143
P07244,5.3,7.552406514745185,-2.252406514745185
P07245,8.3,8.069655193813801,0.23034480618619924
P07246,5.8,6.310526665974507,-0.5105266659745071
P07247,7.0,8.441780621621332,-1.4417806216213318
P07248,7.8,7.428474260769242,0.3715257392307576
P07249,6.3,6.540867862638234,-0.24086786263823434
P07250,6.1,6.490335820279088,-0.39033582027908853
P07251,8.4,7.275311382373843,1.1246886176261572
P07252,7.2,8.02706388243285,-0.8270638824328502
P07253,7.2,6.975173693894443,0.2248263061055571
P07254,7.3,6.788647409713514,0.5113525902864859
P07255,7.9,6.7611912525802005,1.1388087474197999
P07256,7.1,7.723737666734249,-0.6237376667342494
P07257,5.3,5.825609414149471,-0.5256094141494714
P07258,5.9,6.9209234210217,-1.0209234210217
P07259,6.1,6.294477315222653,-0.19447731522265332
P07260,7.1,6.842458982588832,0.2575410174111674
P07262,7.0,6.881996816742532,0.11800318325746773
P07263,7.4,7.674632242323479,-0.27463224232347905
P07265,6.9,7.524588486253428,-0.6245884862534279
P07266,7.9,7.457801733442789,0.4421982665572113
P07268,5.0,6.1162371133762505,-1.1162371133762505
P07270,6.9,6.8203669881437605,0.07963301185623983
P07272,7.6,7.969665888470749,-0.36966588847074977
P07273,6.5,6.378067558893953,0.12193244110604695
P07274,6.8,6.411864151434909,0.3881358485650912
P07275,6.0,6.99137280064485,-0.9913728006448501
P07276,7.0,6.810037888187226,0.18996211181277367
P07277,8.0,7.174040142808208,0.8259598571917923
P07278,7.0,6.695834104427328,0.30416589557267226
P07279,6.4,6.483034172347412,-0.0830341723474115
P07280,6.9,7.236998277061748,-0.33699827706174723
P07281,5.9,6.881665180742749,-0.9816651807427483
P07284,6.6,6.363038219512273,0.23696178048772687
P07285,6.1,6.564733681878318,-0.4647336818783181
P07286,6.3,7.283803280067463,-0.9838032800674634
P07287,6.4,6.777199746757795,-0.37719974675779433
P07288,6.3,5.733819241774821,0.5661807582251788
P07289,6.6,6.785257564885572,-0.1852575648855721
P07290,7.2,6.906123625353088,0.29387637464691174
P07291,7.7,8.308563080387767,-0.6085630803877669
P07293,7.9,7.29733882522736,0.6026611747726403
P07294,6.7,6.4438883359549655,0.2561116640450347
P07295,7.5,7.678473810666537,-0.1784738106665369
P07296,10.0,8.259555835417316,1.7404441645826836
P07297,6.3,7.287181484003388,-0.9871814840033881
P07301,6.6,6.860257794475199,-0.2602577944751996
P07302,8.8,8.003097197725717,0.7969028022742837
P07303,5.9,5.785593640968344,0.11440635903165663
P07304,6.8,7.042882889316876,-0.24288288931687596
P07305,6.5,6.25398349045377,0.2460165095462301
P07306,9.2,8.340885988697018,0.8591140113029816
P07307,5.8,6.266324481939374,-0.4663244819393739
P07308,6.3,6.37393179409857,-0.07393179409856998
P07309,4.7,5.774615338464498,-1.0746153384644979
P07310,9.5,9.131364989405029,0.3686350105949714
P07311,6.5,6.578082065399166,-0.07808206539916629
P07313,7.2,7.411376007829553,-0.21137600782955257
P07314,8.0,7.101573698680806,0.8984263013191942
P07315,6.8,7.054517849963826,-0.2545178499638263
P07316,8.2,7.107487829663363,1.0925121703366365
P07317,6.5,6.254273959906471,0.24572604009352883
P07318,8.8,7.842813413810045,0.9571865861899553
P07320,8.3,7.282702996762458,1.0172970032375428
P07321,6.3,6.103023890562132,0.19697610943786792
P07322,7.6,7.068193182512268,0.5318068174877313
P07323,6.3,6.531794794391631,-0.23179479439163142
P07324,5.9,5.604971752774788,0.29502824722521215
P07325,6.7,7.402300554368468,-0.7023005543684677
P07326,5.9,6.177391565555988,-0.27739156555598754
P07327,5.0,5.71497409943473,-0.7149740994347296
P07328,7.8,6.90386549625293,0.8961345037470698
P07330,7.2,7.455599557453278,-0.25559955745327745
P07337,4.6,5.103410479532173,-0.5034104795321737
P07338,6.3,5.994917752473928,0.30508224752607216
P07339,7.0,7.0560267296822445,-0.056026729682244536
P07340,6.7,5.381381683412833,1.318618316587167
P07341,6.5,6.983920539161429,-0.48392053916142874
P07342,8.7,8.71900982668078,-0.019009826680781217
P07344,6.3,6.180572464135385,0.11942753586461485
P07346,7.8,8.160187609455473,-0.36018760945547346
P07347,9.2,9.045417652191183,0.15458234780881597
P07348,5.8,6.443799708414657,-0.6437997084146572
P07349,10.0,9.050448872568516,0.9495511274314836
P07350,8.3,7.495593282703867,0.8044067172961338
P07351,7.8,7.884122494759052,-0.0841224947590522
P07352,7.1,7.652939416906291,-0.5529394169062911
P07353,7.8,7.765191603055434,0.034808396944566056
P07354,6.8,6.73529984158226,0.06470015841773957
P07355,8.8,8.47224677844575,0.32775322155425
P07356,5.7,6.680341214883112,-0.9803412148831114
P07357,6.2,6.969685063075716,-0.7696850630757162
P07358,8.0,8.41581909362504,-0.4158190936250392
P07360,6.4,6.447790026093829,-0.04779002609382843
P07361,6.0,5.891598139493324,0.10840186050667633
P07362,6.6,6.928009381169582,-0.3280093811695828
P07365,6.9,7.797616382813549,-0.897616382813549
P07366,4.1,4.847186570979131,-0.7471865709791317
P07367,6.9,6.833609536239861,0.0663904637601398
P07368,7.8,6.776591125752203,1.0234088742477967
P07369,8.0,8.032589254058928,-0.03258925405892832
P07370,8.3,7.1305202975170925,1.1694797024829082
P07372,6.5,6.395807876134501,0.10419212386549859
P07373,7.2,7.559937679379917,-0.35993767937991716
P07376,6.8,6.676236494058242,0.12376350594175811
P07377,7.7,6.798688479026707,0.9013115209732936
P07378,7.6,7.929546233673991,-0.32954623367399094
P07379,5.0,4.348499091971208,0.6515009080287921
P07380,6.9,6.994183075088928,-0.0941830750889272
P07381,6.0,6.411261663672993,-0.41126166367299266
P07382,7.3,6.560746754251564,0.7392532457484355
P07383,8.5,7.924084604989781,0.5759153950102194
P07384,7.7,6.96984411803159,0.7301558819684102
P07386,6.8,6.351777725473796,0.4482222745262039
P07389,6.8,6.551853117962693,0.2481468820373065
P07390,7.6,7.2822611591674065,0.3177388408325932
P07391,8.3,8.196602938350376,0.10339706164962514
P07392,7.1,7.446440493832092,-0.34644049383209197
P07394,6.3,6.869801073975421,-0.5698010739754213
P07397,8.2,8.702736580229994,-0.5027365802299943
P07398,9.1,8.65967573024053,0.44032426975947025
P07399,7.4,6.551253383844778,0.8487466161552222
P07400,7.3,7.152700469396655,0.14729953060334466
P07401,5.3,5.965807662985977,-0.6658076629859773
P07402,6.4,6.765363185933618,-0.3653631859336173
P07403,8.6,7.736571998214206,0.8634280017857936
P07404,6.1,6.858874084958607,-0.7588740849586078
P07405,6.9,6.558342673684475,0.34165732631552537
P07408,8.4,8.113848929560554,0.28615107043944654
P07409,7.5,7.368542731680952,0.13145726831904803
P07410,6.0,6.142404493733324,-0.14240449373332442
P07411,6.6,6.579294748048826,0.02070525195117323
P07412,5.9,7.052850249040109,-1.1528502490401085
P07413,9.2,8.62010775641598,0.5798922435840197
P07414,6.2,6.643425944006687,-0.44342594400668656
P07415,6.2,6.344367869478013,-0.14436786947801306
P07416,7.6,8.085869813205061,-0.4858698132050616
P07418,7.4,7.420268491429053,-0.020268491429052737
P07419,7.1,7.505448240402819,-0.40544824040281924
P07420,8.4,7.278264418886803,1.1217355811131977
P07421,8.1,7.477332975540678,0.6226670244593215
P07422,8.7,8.446820884178049,0.2531791158219505
P07423,8.2,8.83237517477868,-0.6323751747786801
P07424,6.3,6.506890415374196,-0.20689041537419595
P07425,6.9,7.025807052429427,-0.12580705242942702
P07426,8.0,6.762041531152651,1.2379584688473493
P07428,6.6,7.298155317621501,-0.6981553176215014
P07430,9.3,8.16612511214366,1.13387488785634
P07433,7.3,6.7059984547089,0.5940015452910998
P07434,8.0,7.626227475083358,0.37377252491664237
P07435,6.4,6.655533226589714,-0.2555332265897139
P07436,7.6,7.759642892665845,-0.15964289266584508
P07438,7.0,7.020407042198645,-0.020407042198645087
P07439,7.8,7.187534723852576,0.6124652761474234
P07441,5.9,5.962722135114622,-0.06272213511462166
P07442,7.9,7.4480720979864445,0.4519279020135558
P07443,7.6,7.753263452405761,-0.15326345240576167
P07444,9.2,8.44010513260841,0.7598948673915888
P07445,8.1,7.196805709593245,0.9031942904067547
P07446,8.5,7.941792984437635,0.5582070155623651
P07447,6.9,6.803470926114023,0.09652907388597765
P07448,9.2,8.511430695740778,0.6885693042592216
P07449,7.6,6.666163048476716,0.9338369515232836
P07451,7.6,8.338437027257072,-0.7384370272570724
P07452,6.9,7.453835647808149,-0.5538356478081488
P07453,6.6,6.565993640322812,0.03400635967718735
P07454,8.1,7.600678968823752,0.4993210311762475
P07455,5.9,6.537951799211784,-0.637951799211784
P07456,6.8,6.827648969966321,-0.0276489699663216
P07457,8.2,7.396562494796385,0.8034375052036147
P07459,7.2,6.651103393751066,0.5488966062489338
P07461,6.1,6.313372584803519,-0.21337258480351906
P07462,8.1,8.016379803361437,0.08362019663856302
P07463,5.8,6.000359353916656,-0.2003593539166566
P07464,6.8,6.569993672809566,0.23000632719043423
P07465,7.3,7.302219329849225,-0.00221932984922546
P07466,6.7,6.763127108321035,-0.06312710832103452
P07468,5.9,6.350559212881553,-0.45055921288155254
P07469,7.7,8.471459205216238,-0.7714592052162379
P07471,6.5,6.533746965662399,-0.033746965662398765
P07472,7.1,7.730493160390627,-0.6304931603906274
P07473,7.0,7.557419221525702,-0.5574192215257021
P07474,6.5,7.110160166312392,-0.6101601663123919
P07475,9.6,8.816734698667595,0.7832653013324045
P07476,5.9,6.54461793401138,-0.6446179340113796
P07477,5.5,6.229426246874809,-0.7294262468748087
P07478,6.1,6.090144408995515,0.00985559100448441
P07479,8.1,8.172374657012345,-0.07237465701234491
P07480,6.3,6.533587757985491,-0.23358775798549125
P07481,7.5,7.31731164036393,0.18268835963607
P07482,5.0,6.148431100089763,-1.1484311000897627
P07483,6.6,7.270706324742624,-0.6707063247426239
P07484,8.3,7.367523943837339,0.9324760561626615
P07487,7.5,7.221240845071493,0.27875915492850734
P07488,7.0,6.193860984598233,0.8061390154017669
P07490,4.6,5.720686667784799,-1.120686667784799
P07491,7.2,6.171493319002576,1.028506680997424
P07492,5.4,6.214024026069591,-0.8140240260695908
P07494,6.7,6.883261099014588,-0.18326109901458754
P07495,6.7,7.399745941941364,-0.6997459419413641
P07496,6.3,6.855133158506638,-0.5551331585066386
P07498,6.6,6.696810036027534,-0.09681003602753435
P07499,8.9,8.656005735950982,0.24399426404901803
P07502,7.2,7.508836000858884,-0.30883600085888396
P07503,7.6,7.280196048710659,0.3198039512893409
P07504,6.9,6.351987362218179,0.5480126377818211
P07507,8.0,8.279966559696355,-0.279966559696355
P07508,7.6,7.062499312072714,0.5375006879272854
P07509,9.0,8.163104289722977,0.8368957102770231
P07510,7.9,7.953150147857351,-0.05315014785735084
P07511,7.1,6.802415896582575,0.2975841034174245
P07512,7.8,7.690497987813526,0.10950201218647404
P07513,5.9,6.241774608021763,-0.34177460802176274
P07514,6.8,6.495071269386057,0.304928730613943
P07515,8.4,8.454462842599902,-0.05446284259990186
P07516,6.5,7.36293556294838,-0.8629355629483797
P07517,7.8,7.063566930622406,0.7364330693775942
P07518,5.1,6.548395210941023,-1.4483952109410234
P07520,5.9,5.98475871749186,-0.08475871749185959
P07522,8.5,8.235886138467736,0.26411386153226424
P07523,5.3,6.271739157541068,-0.9717391575410685
P07525,8.2,7.52318493257453,0.6768150674254692
P07527,7.4,7.367791970165517,0.03220802983448312
P07528,7.4,5.920117984619514,1.4798820153804861
P07529,8.4,7.913588480260094,0.4864115197399066
P07530,6.9,6.45092875089022,0.4490712491097799
P07531,7.6,7.613346765023364,-0.013346765023364071
P07532,6.1,6.098330533252969,0.0016694667470309454
P07533,7.1,5.645614788749757,1.4543852112502424
P07534,5.9,5.825097347402027,0.07490265259797368
P07536,7.6,6.679691905216789,0.920308094783211
P07537,5.6,6.507595672325155,-0.9075956723251553
P07538,7.0,7.323277675011169,-0.3232776750111688
P07539,7.1,7.84982032333258,-0.74982032333258
P07540,7.0,8.12251111812738,-1.1225111181273792
P07543,7.1,6.852570591786456,0.2474294082135433
P07546,6.6,6.066524871779903,0.5334751282200969
P07547,8.2,7.50420544851601,0.6957945514839894
P07548,6.2,7.001421185346789,-0.801421185346789
P07549,5.5,6.259601653562751,-0.7596016535627506
P07550,9.3,9.1285711620261,0.17142883797390063
P07551,3.8,5.215303853885818,-1.4153038538858178
P07552,5.3,5.736823932721331,-0.4368239327213308
P07553,6.9,6.438700410479627,0.4612995895203733
P07554,7.4,8.27677436285962,-0.876774362859619
P07556,7.1,6.696174829013538,0.40382517098646176
P07557,6.5,7.915835552103743,-1.4158355521037427
P07558,7.5,7.818863782322627,-0.3188637823226266
P07560,8.2,8.274694938838655,-0.07469493883865574
P07561,6.7,7.284757044437711,-0.584757044437711
P07563,5.9,6.493940227836197,-0.5939402278361969
P07564,7.4,7.579857008138106,-0.17985700813810546
P07565,8.1,8.266795332141822,-0.16679533214182207
P07566,6.4,6.211627441180526,0.18837255881947446
P07567,6.5,7.486539907895205,-0.9865399078952048
P07568,7.0,6.72996529555744,0.27003470444256017
P07569,6.0,5.825860169378855,0.17413983062114458
P07570,6.0,6.7917971487856725,-0.7917971487856725
P07571,6.5,5.985321061435325,0.5146789385646748
P07572,9.1,8.329070271584499,0.770929728415501
P07573,6.1,6.815438269426595,-0.7154382694265955
P07574,7.9,7.307417220357915,0.5925827796420853
P07576,9.7,8.347195618498862,1.3528043815011372
P07577,6.5,7.03900813016928,-0.5390081301692797
P07578,6.9,6.472195912284513,0.4278040877154874
P07579,8.2,8.26929972336174,-0.06929972336174117
P07581,8.4,7.593958345425981,0.8060416545740194
P07583,8.2,8.048437676121548,0.15156232387845137
P07584,7.9,7.116921568979071,0.7830784310209298
P07587,7.3,7.230055470569559,0.06994452943044038
P07588,5.8,6.22337550498901,-0.4233755049890098
P07590,7.2,6.667731989860596,0.5322680101394042
P07591,5.3,6.657397560436705,-1.3573975604367048
P07593,6.3,6.799563992845996,-0.49956399284599584
P07594,7.9,7.651228205336625,0.24877179466337562
P07595,6.7,7.241725762245617,-0.5417257622456164
P07596,6.3,5.546912680581937,0.7530873194180625
P07597,7.0,8.174991058904418,-1.1749910589044177
P07599,10.0,8.86208490182991,1.1379150981700903
P07600,7.7,7.307272669329079,0.3927273306709216
P07601,7.5,8.211604938073485,-0.711604938073485
P07602,7.6,6.465732996871353,1.134267003128647
P07603,7.4,8.422816327227423,-1.0228163272274227
P07604,7.5,6.389645454761045,1.1103545452389554
P07605,6.9,8.988081781703762,-2.088081781703762
P07606,8.6,8.226465901193714,0.3735340988062852
P07607,6.8,6.624783943465912,0.17521605653408745
P07608,7.1,6.774005678023076,0.3259943219769239
P07610,5.5,6.4874133365654725,-0.9874133365654725
P07611,6.9,6.643671079100393,0.2563289208996071
P07612,8.4,7.329136166639671,1.0708638333603293
P07613,7.0,7.13305885722149,-0.13305885722149036
P07614,6.5,5.650389494011799,0.8496105059882009
P07616,5.9,6.060718338155231,-0.16071833815523107
P07617,5.4,5.674518364543996,-0.2745183645439955
P07618,6.4,6.878763552523662,-0.4787635525236613
P07619,7.3,6.8217773592336,0.47822264076639964
P07622,8.8,7.720207417115995,1.0797925828840054
P07626,8.4,8.1253935512214,0.2746064487786004
P07627,8.3,7.717217865688823,0.5827821343111781
P07628,6.5,6.644065156654963,-0.1440651566549631
P07629,8.3,8.32054095185978,-0.020540951859779
P07630,8.9,8.286715469477262,0.6132845305227388
P07631,6.4,6.213980551131981,0.18601944886801913
P07632,8.3,7.656082959150092,0.6439170408499084
P07633,7.9,8.097347575673199,-0.1973475756731986
P07634,5.6,6.535349218319183,-0.9353492183191836
P07636,5.0,5.814383631390369,-0.8143836313903687
P07637,9.0,8.09915391636628,0.90084608363372
P07639,8.0,6.724704615301192,1.2752953846988078
P07640,8.4,7.169425869660072,1.230574130339928
P07641,7.6,7.988728168524283,-0.38872816852428294
P07642,8.8,8.253413581259993,0.5465864187400076
P07643,6.8,7.269210663921601,-0.4692106639216016
P07644,7.3,6.828410599967695,0.4715894000323049
P07645,8.3,7.689514980564825,0.6104850194351759
P07646,9.0,8.110096296379487,0.8899037036205133
P07647,6.6,7.356240299589967,-0.7562402995899671
P07648,7.8,6.876562696140051,0.9234373038599486
P07649,7.1,7.497755151875229,-0.3977551518752289
P07651,7.0,6.935177238378014,0.0648227616219863
P07652,6.1,6.515106761242419,-0.4151067612424191
P07654,6.9,7.633985137860778,-0.7339851378607776
P07655,7.4,6.288683269821347,1.111316730178653
P07656,8.6,7.563124368300243,1.0368756316997567
P07659,6.2,6.45418072060138,-0.2541807206013802
P07660,6.2,7.320956801874884,-1.1209568018748834
P07662,6.8,6.928917500298111,-0.1289175002981109
P07663,6.1,6.735840743440864,-0.6358407434408644
P07664,7.7,7.3753456848842145,0.3246543151157857
P07666,7.9,7.998462822741178,-0.0984628227411779
P07667,6.6,7.285005831401442,-0.6850058314014422
P07668,6.7,6.483316390344376,0.2166836096556244
P07669,7.4,7.116327212792793,0.2836727872072071
P07671,7.4,6.404578490791929,0.9954215092080716
P07672,6.8,7.144415486062937,-0.34441548606293715
P07674,6.2,6.201254993043115,-0.001254993043114716
P07675,6.8,6.963651710325737,-0.16365171032573755
P07676,5.7,6.649168224576594,-0.949168224576594
P07677,6.7,6.459329413787964,0.24067058621203596
P07678,9.0,7.824801352074271,1.175198647925729
P07679,9.1,8.449702353495224,0.6502976465047752
P07681,5.9,6.222606663710679,-0.3226066637106788
P07683,6.2,6.796254070766644,-0.5962540707666442
P07685,6.6,6.86453684492608,-0.26453684492608076
P07686,5.5,5.916992185440621,-0.41699218544062067
P07687,7.7,7.458746679207514,0.2412533207924863
P07688,6.8,6.750457562982208,0.049542437017791485
P07690,8.1,7.481677931128241,0.618322068871759
P07692,6.4,7.296631078300981,-0.896631078300981
P07693,6.4,6.084855920178012,0.3151440798219882
P07694,7.2,6.847777933907711,0.35222206609228923
P07695,7.0,7.714523686445816,-0.7145236864458164
P07696,7.1,7.824082099900999,-0.7240820999009996
P07697,7.3,7.725617571820684,-0.42561757182068405
P07698,7.7,7.044233672180196,0.655766327819804
P07700,7.6,6.649953689330608,0.9500463106693919
P07702,7.0,7.277318286980789,-0.27731828698078864
P07703,5.8,5.233372467248952,0.5666275327510482
P07704,6.3,6.65620816885901,-0.35620816885900997
P07705,7.7,8.165854771330668,-0.465854771330668
P07706,6.9,5.518362689893393,1.3816373101066075
P07707,6.9,6.961407289412353,-0.06140728941235274
P07708,7.1,6.271431045166854,0.8285689548331456
P07709,7.0,7.245165849703222,-0.24516584970322164
P07710,6.5,6.702611191688602,-0.20261119168860198
P07711,7.1,7.552311735076253,-0.4523117350762531
P07713,8.3,7.82024231817387,0.4797576818261309
P07714,6.4,6.969730515663448,-0.5697305156634478
P07715,7.9,8.356624747552516,-0.4566247475525156
P07716,6.0,7.669407557313469,-1.6694075573134688
P07717,8.0,7.006974106141779,0.9930258938582206
P07719,7.6,6.866931620732517,0.7330683792674826
P07721,7.8,7.345760487754587,0.4542395122454126
P07722,7.8,7.980799656112419,-0.180799656112419
P07723,8.0,7.194062556941399,0.8059374430586006
P07724,6.5,6.585319832668419,-0.0853198326684188
P07727,8.0,8.699245691181012,-0.6992456911810123
P07728,4.7,5.244454517874596,-0.5444545178745956
P07729,7.9,7.393713326522293,0.5062866734777076
P07730,6.4,6.702779468521793,-0.30277946852179305
P07731,5.1,5.864777047358435,-0.764777047358435
P07732,6.7,6.991844484011207,-0.29184448401120644
P07733,8.9,8.720526211535942,0.17947378846405826
P07734,7.8,8.147896362744657,-0.34789636274465696
P07736,6.8,7.094350824230896,-0.29435082423089654
P07737,7.6,7.261150317434312,0.33884968256568726
P07738,7.4,8.76875303997458,-1.36875303997458
P07739,7.1,8.341244929682569,-1.2412449296825692
P07740,6.7,6.13792400775079,0.56207599224921
P07741,7.4,8.410805115784676,-1.0108051157846756
P07742,5.5,5.439990481785665,0.06000951821433542
P07743,6.9,6.545466771575299,0.35453322842470136
P07745,4.8,6.190683853758447,-1.3906838537584472
P07746,6.8,7.033667318567778,-0.233667318567778
P07747,6.8,6.854560788263283,-0.05456078826328348
P07748,6.2,6.495109101483699,-0.29510910148369884
P07749,5.9,6.648445301656338,-0.7484453016563375
P07750,6.7,7.434147021389179,-0.7341470213891785
P07751,7.2,7.204008328295703,-0.0040083282957024124
P07752,7.0,7.14691627701737,-0.14691627701736998
P07753,7.2,7.432937094448878,-0.23293709444887778
P07754,6.9,6.139655211293875,0.7603447887061252
P07755,7.6,8.46446424477065,-0.8644642447706499
P07758,9.7,7.800511545126723,1.8994884548732767
P07759,7.1,7.45687597695967,-0.3568759769596701
P07760,9.9,8.618980143740332,1.2810198562596682
P07761,6.1,7.312396862355107,-1.2123968623551074
P07762,7.2,6.7778547758968894,0.4221452241031107
P07763,5.6,6.127293891925619,-0.5272938919256189
P07764,7.9,8.007500097034544,-0.10750009703454388
P07765,6.2,7.106213561155787,-0.9062135611557869
P07766,9.3,8.410781650027864,0.8892183499721362
P07767,6.8,5.913799177962188,0.8862008220378117
P07768,6.5,7.94381165582485,-1.4438116558248497
P07770,7.2,7.532800731277073,-0.33280073127707244
P07771,6.0,5.83191065473164,0.16808934526835984
P07772,7.9,6.930091886574331,0.9699081134256691
P07773,5.5,6.5445277755172775,-1.0445277755172775
P07774,6.6,6.20458147673118,0.39541852326881965
P07775,8.0,8.01934844637195,-0.01934844637194999
P07776,6.2,6.959000148220531,-0.7590001482205304
P07777,7.0,6.733532179178984,0.26646782082101605
P07782,8.5,7.783515691219816,0.716484308780184
P07783,7.5,6.5142809909444805,0.9857190090555195
P07784,7.4,6.311593262796365,1.088406737203635
P07785,9.5,9.448770155965946,0.051229844034054395
P07786,6.2,7.117805599307605,-0.9178055993076049
P07787,8.0,6.897400969324549,1.1025990306754512
P07789,6.9,8.523994798302656,-1.6239947983026557
P07790,6.2,6.994419238732633,-0.7944192387326332
P07791,8.4,6.522234508307441,1.8777654916925597
P07792,7.1,7.735431619258536,-0.6354316192585365
P07793,8.2,6.523687935793772,1.6763120642062272
P07794,6.6,7.358437763072358,-0.758437763072358
P07795,8.8,8.558691523171465,0.24130847682853585
P07796,4.8,5.368738099040678,-0.5687380990406785
P07797,8.4,8.632275456667351,-0.2322754566673506
P07798,5.8,6.20179242256031,-0.4017924225603098
P07799,6.5,6.808028792793794,-0.30802879279379436
P07800,9.4,7.977707551089697,1.4222924489103033
P07802,7.3,6.707101238437264,0.5928987615627355
P07803,6.6,6.961856782857755,-0.361856782857755
P07804,8.3,7.941762252899913,0.3582377471000875
P07805,6.0,6.07061112203747,-0.07061112203747033
P07806,6.7,7.612979070843108,-0.9129790708431083
P07809,7.1,6.9537393355347055,0.14626066446529418
P07810,6.1,6.064006255247941,0.03599374475205863
P07811,6.3,6.971421370620988,-0.6714213706209886
P07813,8.2,6.845471521494298,1.354528478505701
P07816,4.9,5.677241877575829,-0.777241877575829
P07817,8.6,8.271507607013731,0.3284923929862682
P07821,7.0,6.471969254711371,0.5280307452886293
P07822,7.8,7.154742847071484,0.645257152928516
P07824,5.6,6.519861490980642,-0.919861490980642
P07825,7.4,7.991167509707512,-0.5911675097075113
P07827,6.6,8.10682139187432,-1.50682139187432
P07828,5.7,5.6258058689164985,0.0741941310835017
P07829,7.7,6.750521356534202,0.949478643465798
P07830,5.1,5.459069501363453,-0.3590695013634537
P07831,7.7,7.296477183010906,0.40352281698909387
P07832,6.9,7.0071253244507625,-0.10712532445076217
P07833,7.4,7.4195090572656275,-0.019509057265627128
P07834,6.3,6.598214559328671,-0.29821455932867114
P07836,7.8,6.531153971968887,1.2688460280311125
P07839,6.5,6.262348563379352,0.2376514366206477
P07840,6.4,7.948213497760059,-1.5482134977600586
P07842,5.8,6.123991602068977,-0.32399160206897726
P07843,8.9,8.484916696126719,0.4150833038732813
P07844,5.5,7.474442153749124,-1.9744421537491244
P07845,7.3,7.351007507784265,-0.05100750778426555
P07846,10.0,8.965615787051652,1.034384212948348
P07847,7.5,7.488695188509059,0.011304811490941091
P07849,7.1,7.726271686805861,-0.6262716868058611
P07850,6.2,6.308400851308644,-0.10840085130864363
P07851,5.7,5.157513213289847,0.5424867867101533
P07853,8.0,7.458838156640866,0.5411618433591343
P07854,6.5,5.729476261669828,0.770523738330172
P07855,7.8,8.068497690156411,-0.2684976901564111
P07856,7.1,6.776405224808518,0.3235947751914816
P07857,5.7,6.861239924108341,-1.161239924108341
P07859,5.5,6.223521132459923,-0.7235211324599229
P07860,6.2,6.116340703525255,0.08365929647474513
P07861,7.4,6.474718004442511,0.9252819955574889
P07862,6.8,6.6292941151241855,0.17070588487581428
P07863,6.9,6.879113684302488,0.020886315697512536
P07864,6.3,5.8079514280142135,0.49204857198578633
P07866,5.7,6.632995208505806,-0.9329952085058055
P07867,6.7,6.615181351945065,0.08481864805493533
P07868,6.1,6.628950048845107,-0.5289500488451075
P07869,7.1,8.09884789533361,-0.9988478953336095
P07870,7.5,6.172860405795374,1.3271395942046258
P07871,6.4,6.150412620276016,0.2495873797239847
P07872,6.8,7.213697465574858,-0.41369746557485776
P07875,6.7,6.630131746737682,0.06986825326231827
P07876,8.7,8.704602616289282,-0.004602616289282935
P07878,7.8,9.01169583512051,-1.2116958351205094
P07879,7.4,6.547248937469747,0.8527510625302535
P07880,5.7,6.10771848884207,-0.40771848884206996
P07881,7.1,7.468686768391015,-0.3686867683910151
P07882,7.2,7.553262756884767,-0.3532627568847664
P07883,7.3,8.061856996192246,-0.7618569961922459
P07885,7.4,7.295035627199122,0.104964372800878
P07886,5.3,5.164002711636706,0.13599728836329383
P07887,6.7,7.727599799891033,-1.027599799891033
P07888,8.0,7.325606929883766,0.674393070116234
P07889,6.4,7.532036640678524,-1.1320366406785238
P07891,5.4,6.61717381873565,-1.2171738187356498
P07892,7.5,8.031996122207499,-0.5319961222074987
P07893,7.3,7.396583428014214,-0.09658342801421416
P07894,5.9,6.232864476015769,-0.33286447601576885
P07895,7.6,5.815818506183741,1.7841814938162583
P07896,8.0,8.29120988280545,-0.29120988280545035
P07897,7.1,6.587854770027911,0.5121452299720888
P07898,5.8,5.7265075904212805,0.07349240957871928
P07899,5.4,6.121065865144875,-0.7210658651448743
P07900,9.2,8.46425770443194,0.735742295568059
P07902,6.2,6.251958781972693,-0.05195878197269277
P07904,8.1,7.843635205769988,0.256364794230012
P07907,6.5,7.262226507099317,-0.7622265070993173
P07908,7.4,7.515125775518188,-0.11512577551818737
P07909,7.6,6.5037001253135385,1.0962998746864612
P07910,4.7,5.971467545616238,-1.2714675456162379
P07911,7.0,6.445279949103831,0.5547200508961687
P07912,8.7,8.225263564185804,0.47473643581419545
P07913,7.4,6.736774396152613,0.6632256038473869
P07915,7.6,7.456278963560846,0.14372103643915324
P07917,5.5,6.247951959741742,-0.7479519597417417
P07918,6.9,6.823340504472308,0.07665949552769202
P07919,7.1,7.615701119787136,-0.5157011197871366
P07920,7.5,6.61224446891141,0.8877555310885903
P07921,5.7,5.425430144941539,0.274569855058461
P07922,8.2,8.692083458035633,-0.49208345803563347
P07924,8.6,9.105124835399833,-0.5051248353998332
P07925,7.7,7.463338623068966,0.23666137693103462
P07927,7.6,6.7362010499860085,0.8637989500139911
P07928,6.4,6.992408595344536,-0.5924085953445353
P07930,6.2,6.701112773588028,-0.5011127735880274
P07931,6.9,6.588342671707032,0.3116573282929682
P07934,7.3,6.75366736167101,0.5463326383289902
P07935,9.9,9.129765859293297,0.7702341407067035
P07936,7.4,8.203344652345987,-0.8033446523459862
P07937,6.2,7.197320079824853,-0.9973200798248527
P07938,6.9,6.032812595234355,0.8671874047656454
P07939,8.3,8.395523930950514,-0.09552393095051315
P07940,8.5,8.650298336217226,-0.15029833621722588
P07941,9.2,8.048986803746146,1.151013196253853
P07944,8.5,7.32587333050708,1.17412666949292
P07945,6.2,6.07843990178613,0.12156009821387048
P07946,7.0,7.95181764467446,-0.9518176446744597
P07948,6.5,6.295433758835177,0.20456624116482303
P07949,6.0,5.4186427510137,0.5813572489862997
P07950,6.8,7.575338289136695,-0.7753382891366956
P07951,8.3,7.8630410701694915,0.4369589298305092
P07952,7.5,6.617196406598977,0.8828035934010234
P07953,4.6,6.334352277420756,-1.734352277420756
P07954,6.3,7.196212176751046,-0.896212176751046
P07955,6.9,6.982144910631648,-0.08214491063164786
P07956,7.8,6.784905154185684,1.0150948458143159
P07957,6.5,6.592642244891839,-0.09264224489183892
P07958,5.3,5.820507209252243,-0.5205072092522434
P07959,6.4,7.023458608123143,-0.6234586081231424
P07960,4.8,5.263382322471422,-0.4633823224714222
P07961,8.1,7.833589530920641,0.26641046907935895
P07962,8.5,8.0800820923901,0.4199179076099
P07963,6.2,7.50068073315283,-1.3006807331528298
P07965,8.0,7.791260257584885,0.20873974241511473
P07967,7.6,7.229942994339263,0.37005700566073685
P07968,7.8,7.226901198208998,0.5730988017910015
P07969,7.2,7.164031792580015,0.03596820741998474
P07970,6.4,8.005661666160401,-1.605661666160401
P07971,8.4,7.708277784549992,0.6917222154500084
P07972,7.4,7.006002325715764,0.39399767428423615
P07973,5.8,5.107429836886465,0.692570163113535
P07975,5.4,6.182276682194094,-0.7822766821940936
P07976,7.4,7.663266389837979,-0.26326638983797856
P07977,6.8,7.234055259667564,-0.43405525966756375
P07978,6.9,7.130599576119999,-0.2305995761199986
P07979,5.4,5.934142897950735,-0.5341428979507343
P07980,6.2,6.371962223840392,-0.17196222384039217
P07981,6.8,7.613003379473485,-0.8130033794734848
P07982,7.7,8.059769490921564,-0.35976949092156385
P07984,5.8,5.899820971971265,-0.09982097197126549
P07985,6.9,6.943634383814391,-0.04363438381439089
P07987,5.8,6.075812580524196,-0.275812580524196
P07988,7.1,6.939106806945218,0.16089319305478167
P07989,10.0,8.47761839614659,1.5223816038534093
P07991,7.4,7.500287887276378,-0.1002878872763775
P07992,7.1,7.726337037839199,-0.6263370378391997
P07993,5.7,5.848369840295166,-0.14836984029516564
P07994,5.6,6.42483011479665,-0.8248301147966499
P07995,8.0,7.625650873389354,0.374349126610646
P07996,6.2,6.967323565022713,-0.7673235650227133
P07997,7.9,6.906576104669348,0.9934238953306522
P07998,6.5,6.920248295104974,-0.4202482951049742
P07999,7.9,8.427761866677198,-0.5277618666771975
P08000,6.7,7.287531619721829,-0.5875316197218288
P08001,10.0,9.174931867564204,0.8250681324357956
P08004,5.9,6.289553348543588,-0.38955334854358803
P08005,7.8,7.985522838532326,-0.18552283853232598
P08006,5.1,5.812129157775535,-0.7121291577755358
P08007,5.2,5.68910299165416,-0.4891029916541596
P08008,9.1,8.295080297511472,0.8049197024885277
P08009,5.5,5.933977507975652,-0.43397750797565227
P08011,7.0,6.21176957077269,0.7882304292273101
P08012,6.6,6.855892672104581,-0.2558926721045811
P08013,6.1,8.06390137192936,-1.96390137192936
P08014,7.6,8.108823127305662,-0.5088231273056625
P08016,8.3,8.667946445219947,-0.3679464452199461
P08017,8.0,8.082302631075335,-0.08230263107533453
P08018,6.0,5.557167657114749,0.442832342885251
P08019,7.9,7.441989528021668,0.45801047197833267
P08021,6.3,6.620316977582108,-0.32031697758210775
P08022,7.3,8.200332114242215,-0.9003321142422154
P08023,8.1,7.544050542047733,0.5559494579522664
P08024,7.7,6.646106458619872,1.0538935413801278
P08025,8.6,8.330392825683482,0.2696071743165174
P08026,7.8,7.280319772970768,0.519680227029232
P08027,6.8,7.4360361767393455,-0.6360361767393456
P08028,6.4,7.159484865073592,-0.7594848650735919
P08029,6.8,7.11251960224232,-0.31251960224232
P08030,9.7,8.026308677692557,1.6736913223074428
P08033,6.0,5.817560173647971,0.18243982635202904
P08034,8.4,8.223901182629222,0.1760988173707787
P08035,6.5,7.086234364358013,-0.5862343643580132
P08036,6.4,6.883522173322037,-0.4835221733220365
P08037,9.0,8.794769406560103,0.20523059343989658
P08038,6.7,7.497447246388141,-0.797447246388141
P08039,10.0,9.408668455569307,0.5913315444306928
P08040,5.9,6.518347430503599,-0.618347430503599
P08042,7.5,5.683844493845135,1.8161555061548649
P08043,8.5,7.459806790925363,1.040193209074637
P08044,7.1,7.127793426190837,-0.027793426190837245
P08045,8.2,7.271051838460808,0.928948161539191
P08046,8.3,7.986076605030281,0.31392339496972
P08047,6.7,5.967966212347434,0.7320337876525658
P08050,7.5,7.641837603009593,-0.14183760300959314
P08052,8.5,8.361234787063125,0.1387652129368746
P08054,9.5,7.594745609702722,1.9052543902972783
P08055,5.6,5.9881378868396045,-0.3881378868396048
P08057,8.6,7.565511407450604,1.0344885925493958
P08059,5.2,5.117528237531105,0.0824717624688951
P08062,7.0,6.142531489207191,0.8574685107928088
P08064,5.9,6.19685257004329,-0.29685257004328935
P08065,6.7,6.061680601519875,0.6383193984801254
P08066,8.7,8.520773793624647,0.17922620637535225
P08069,7.6,7.590025216368671,0.009974783631328421
P08070,6.0,6.377647397772754,-0.3776473977727539
P08072,6.6,6.32776314099161,0.27223685900838923
P08073,6.1,6.500258017757998,-0.40025801775799863
P08074,5.0,6.500401648589834,-1.5004016485898344
P08075,5.4,6.743704504892581,-1.3437045048925809
P08076,8.1,8.046232040196859,0.05376795980314064
P08078,7.5,6.687587804810804,0.8124121951891956
P08079,5.3,7.128873205492592,-1.8288732054925925
P08080,8.9,8.159741427271804,0.7402585727281963
P08081,6.6,5.997210610527278,0.6027893894727212
P08082,8.5,7.312122679112198,1.187877320887802
P08083,6.4,6.879433078633679,-0.47943307863367846
P08084,9.5,8.955295480488974,0.5447045195110256
P08085,8.2,7.078179919129404,1.1218200808705951
P08086,7.1,7.076827398236007,0.02317260176399305
P08087,7.9,7.912459840931221,-0.012459840931220434
P08088,5.0,6.057960585977971,-1.0579605859779706
P08089,7.5,8.026217899156707,-0.5262178991567072
P08090,7.5,7.692194321361666,-0.19219432136166592
P08091,6.9,6.437443793334645,0.46255620666535524
P08092,5.4,6.33909981523404,-0.93909981523404
P08095,7.8,7.291561554632631,0.5084384453673687
P08096,6.1,6.790278940950757,-0.6902789409507575
P08097,6.6,6.948646849996302,-0.34864684999630224
P08098,9.0,8.708577932450186,0.2914220675498136
P08099,5.9,5.291663285949318,0.6083367140506821
P08100,7.6,6.938798711687637,0.6612012883123626
P08101,8.3,7.190637191327729,1.1093628086722713
P08102,5.0,5.884654828524036,-0.8846548285240363
P08104,7.6,7.53318533125129,0.06681466874870967
P08105,5.2,5.37870269670161,-0.17870269670160965
P08106,6.8,6.85317912353818,-0.05317912353817977
P08107,7.6,7.185584186449669,0.4144158135503311
P08109,8.5,8.933470495838431,-0.43347049583843145
P08110,9.0,8.246172294574937,0.7538277054250635
P08112,6.6,6.7201353780539455,-0.12013537805394581
P08113,7.4,7.19096316399993,0.20903683600007028
P08115,7.3,7.257682065340888,0.0423179346591116
P08116,8.0,7.746672548267073,0.25332745173292714
P08117,7.6,7.876945004134757,-0.276945004134757
P08119,6.9,7.765157701664767,-0.8651577016647662
P08121,5.6,5.608909307072401,-0.00890930707240134
P08123,7.8,7.707510476522,0.0924895234780001
P08126,7.4,7.413985410065087,-0.01398541006508669
P08127,7.9,7.119878732526855,0.7801212674731453
P08128,7.0,7.172395895426762,-0.17239589542676192
P08129,6.8,5.907020367322557,0.8929796326774424
P08131,7.3,7.337594108447761,-0.03759410844776134
P08132,8.9,8.74890039871248,0.15109960128751965
P08133,6.1,6.524247859375725,-0.4242478593757255
P08134,8.2,7.280474930062414,0.9195250699375856
P08135,8.1,7.767931791831231,0.3320682081687689
P08136,7.2,7.981777497564009,-0.7817774975640086
P08137,6.8,6.747271161256911,0.052728838743088424
P08138,4.8,6.644454338974966,-1.8444543389749661
P08139,5.3,5.5968759296569255,-0.29687592965692566
P08140,7.3,7.370414615210794,-0.07041461521079384
P08141,4.6,6.058347065691801,-1.4583470656918012
P08143,5.5,5.948927119166274,-0.4489271191662736
P08144,6.4,6.225374269435344,0.17462573056465658
P08145,7.3,6.719361134054774,0.5806388659452262
P08146,5.9,5.48741543040899,0.41258456959101064
P08147,6.9,6.010947577124747,0.8890524228752534
P08148,6.5,7.740854480209379,-1.2408544802093786
P08149,6.3,6.769267394201601,-0.46926739420160146
P08150,9.0,7.9031542035237,1.0968457964763
P08151,6.8,6.851875820699594,-0.0518758206995944
P08152,6.6,7.277643860243592,-0.6776438602435926
P08153,7.3,7.180189419585205,0.11981058041479464
P08154,6.7,7.1409145224728166,-0.4409145224728164
P08155,7.5,8.658805710412437,-1.1588057104124374
P08156,5.5,7.089421388659407,-1.5894213886594066
P08157,7.4,6.774190136689136,0.625809863310864
P08158,8.2,8.481178784446241,-0.2811787844462419
P08161,3.9,5.701753453666598,-1.8017534536665978
P08162,8.0,6.169322402325039,1.8306775976749607
P08164,6.3,7.855561129257055,-1.5555611292570548
P08165,9.3,8.85607482717389,0.4439251728261109
P08166,6.8,6.365273659655025,0.4347263403449748
P08167,7.8,7.235678707451029,0.5643212925489705
P08168,6.9,7.848562688437865,-0.9485626884378648
P08169,7.6,6.382642022729276,1.2173579772707237
P08170,8.3,8.132170526341667,0.16782947365833323
P08171,6.3,5.303969690354419,0.9960303096455805
P08174,5.7,6.700771607326796,-1.0007716073267963
P08175,7.5,6.528483418383074,0.9715165816169256
P08177,8.5,8.484285288330843,0.0157147116691565
P08178,5.9,6.406584802804396,-0.5065848028043956
P08179,5.5,6.038985219520221,-0.5389852195202209
P08180,6.9,6.748571163019113,0.15142883698088738
P08181,5.5,6.763921298723647,-1.2639212987236466
P08182,7.3,7.324426403560091,-0.02442640356009118
P08184,7.4,6.94035615980846,0.45964384019154014
P08186,7.2,7.379579101228769,-0.17957910122876886
P08187,5.0,5.511112747111255,-0.5111127471112553
P08188,7.3,7.105459272728064,0.19454072727193594
P08189,8.6,7.580914422943901,1.0190855770560985
P08190,5.6,6.12515241009513,-0.5251524100951306
P08191,8.3,7.876556184400113,0.42344381559988786
P08192,7.1,7.878545652179749,-0.7785456521797496
P08193,7.1,7.505852360845692,-0.4058523608456923
P08195,6.3,5.975675501259233,0.32432449874076674
P08198,5.8,5.6445426124961,0.15545738750390026
P08199,8.2,7.386491943495457,0.813508056504542
P08201,7.0,6.503041908882556,0.4969580911174436
P08203,5.5,5.410283552485904,0.08971644751409613
P08205,6.0,5.842880228645164,0.1571197713548358
P08206,6.9,7.566699584904143,-0.6666995849041424
P08207,5.9,6.403413547441717,-0.503413547441717
P08208,7.2,7.177558682443213,0.0224413175567868
P08209,6.6,6.26125787808756,0.33874212191244
P08210,7.0,7.238485965598603,-0.2384859655986027
P08211,7.4,7.155471709531303,0.24452829046869695
P08212,8.0,7.760693346217813,0.23930665378218663
P08213,8.5,8.003258323884713,0.4967416761152865
P08214,7.1,6.386006496777693,0.7139935032223068
P08215,9.1,8.305570668926935,0.794429331073065
P08216,6.1,5.504163786924927,0.5958362130750725
P08217,6.9,7.174391169717633,-0.27439116971763244
P08218,4.6,4.528035669866446,0.07196433013355374
P08223,7.9,7.51146673882926,0.38853326117073994
P08224,7.3,7.497634134047814,-0.1976341340478145
P08225,6.8,6.824366199461717,-0.02436619946171703
P08227,6.8,7.325927724692008,-0.525927724692008
P08228,6.5,6.384037382059852,0.11596261794014762
P08229,8.7,9.42150212945632,-0.7215021294563204
P08230,7.6,7.643503377420809,-0.043503377420809564
P08231,6.1,5.869876953840038,0.23012304615996193
P08233,7.2,7.311785295823346,-0.11178529582334562
P08234,7.4,7.416550061123415,-0.016550061123414395
P08235,5.6,6.342777484611745,-0.7427774846117456
P08236,6.7,6.747563486437676,-0.04756348643767616
P08237,9.3,8.225894032647531,1.0741059673524695
P08238,6.7,7.059973967733368,-0.3599739677333682
P08239,7.0,7.855895186351432,-0.8558951863514324
P08241,8.4,7.70753776424116,0.6924622357588399
P08242,5.6,6.420608950919948,-0.8206089509199481
P08243,6.9,6.928395292958871,-0.028395292958870222
P08244,5.4,5.96784540650518,-0.5678454065051799
P08246,4.7,5.481482709676747,-0.7814827096767472
P08247,8.6,7.473767408738512,1.1262325912614877
P08248,6.7,6.570202805941855,0.1297971940581455
P08249,6.8,7.257960177292608,-0.4579601772926081
P08250,9.1,8.330199566535427,0.7698004334645727
P08251,4.9,5.987363129271214,-1.087363129271214
P08252,7.8,7.1878956626523145,0.6121043373476853
P08253,5.5,5.75173974823883,-0.2517397482388297
P08255,8.7,8.884009126159835,-0.184009126159836
P08256,6.2,6.5670365566110815,-0.36703655661108137
P08257,6.9,7.316637284688582,-0.41663728468858174
P08258,7.5,8.236167538888038,-0.7361675388880382
P08259,5.7,6.238551611165043,-0.538551611165043
P08261,6.7,6.410008092330385,0.2899919076696156
P08262,6.0,6.94050459303558,-0.9405045930355804
P08263,9.5,8.232996879125118,1.2670031208748824
P08264,8.7,8.225486525905252,0.4745134740947474
P08265,8.5,7.854941033619497,0.6450589663805033
P08266,6.9,6.488718516304008,0.4112814836959924
P08267,6.5,6.931323334259838,-0.4313233342598384
P08268,6.5,7.15985971764809,-0.6598597176480903
P08269,7.7,8.272917746637937,-0.5729177466379367
P08270,6.6,6.926518831526304,-0.3265188315263048
P08271,6.7,6.708993658551032,-0.008993658551031736
P08273,4.7,6.552107598256786,-1.8521075982567856
P08274,8.3,8.132983145311842,0.16701685468815874
P08275,6.2,5.781686136836498,0.41831386316350194
P08276,7.5,6.775504794478399,0.7244952055216007
P08277,7.2,6.4346654768851375,0.7653345231148627
P08278,6.3,7.32156996715982,-1.0215699671598202
P08279,6.8,6.62198219816522,0.17801780183477955
P08280,7.8,6.814446684918022,0.9855533150819777
P08281,10.0,9.430580061342756,0.5694199386572443
P08284,5.3,5.391600683540021,-0.0916006835400216
P08285,5.8,7.02055003709242,-1.22055003709242
P08286,4.9,5.321811007354629,-0.42181100735462884
P08287,7.8,7.63908001254539,0.16091998745460945
P08288,8.1,7.797723095534333,0.3022769044656668
P08289,7.0,6.783175109365993,0.21682489063400734
P08290,6.7,7.12066497724741,-0.4206649772474096
P08291,7.7,8.238663764298387,-0.5386637642983869
P08292,6.6,6.152328946760411,0.44767105323958845
P08293,5.4,6.2151284174947055,-0.8151284174947051
P08294,7.6,7.34242673407938,0.2575732659206196
P08295,5.2,6.344827900371544,-1.1448279003715438
P08296,6.8,7.735967128758415,-0.9359671287584153
P08298,9.1,8.01346229164505,1.0865377083549497
P08300,7.0,6.744874799504642,0.2551252004953577
P08302,7.8,7.502542614166484,0.2974573858335159
P08303,4.2,5.911842994286316,-1.7118429942863163
P08304,5.9,6.744928768909005,-0.8449287689090044
P08305,5.8,6.698343585372999,-0.8983435853729995
P08306,7.6,7.7495612850070845,-0.14956128500708488
P08307,4.7,5.74985726275981,-1.0498572627598097
P08308,7.0,6.664631726797672,0.3353682732023282
P08309,8.7,7.840973872343186,0.8590261276568132
P08310,8.3,7.787047458976911,0.5129525410230897
P08311,5.5,6.4089778494401735,-0.9089778494401735
P08312,7.3,6.510914853084143,0.7890851469158564
P08313,6.7,7.132998496751767,-0.4329984967517664
P08315,6.1,5.433118491695707,0.6668815083042929
P08316,8.0,7.629588627550276,0.3704113724497242
P08317,6.9,6.34065270319107,0.5593472968089301
P08318,6.5,6.793374866746782,-0.2933748667467819
P08320,6.6,6.47283965732318,0.1271603426768193
P08321,5.4,6.308154408481495,-0.9081544084814945
P08322,9.6,7.752843322969632,1.8471566770303678
P08323,8.9,7.793874097242231,1.1061259027577695
P08324,6.9,6.282894907541498,0.6171050924585026
P08325,6.7,6.983387542070433,-0.28338754207043326
P08326,8.3,7.498645916622427,0.8013540833775741
P08328,6.7,7.411704755698311,-0.7117047556983112
P08329,8.9,7.885362684133771,1.0146373158662296
P08331,7.2,6.770251827629745,0.429748172370255
P08332,7.4,6.519525649679182,0.8804743503208181
P08333,8.2,8.055558833966113,0.1444411660338858
P08334,6.9,7.790427031215383,-0.890427031215383
P08335,5.5,6.220386978070449,-0.720386978070449
P08336,6.2,6.007161701119417,0.19283829888058346
P08338,7.1,7.072220232449954,0.02777976755004552
P08340,7.3,7.288835136714439,0.01116486328556121
P08342,5.6,5.8927750356684365,-0.2927750356684369
P08343,8.3,7.445267132265188,0.8547328677348123
P08345,7.4,7.243389847888289,0.15661015211171136
P08347,6.3,6.649422159379644,-0.34942215937964427
P08350,6.5,6.7015930321848085,-0.2015930321848085
P08352,5.6,5.1652484623137305,0.4347515376862692
P08353,5.7,5.828817290542375,-0.12881729054237478
P08355,7.4,6.78804805835003,0.6119519416499708
P08356,8.3,7.655923254568413,0.6440767454315877
P08357,6.6,6.635928694005965,-0.03592869400596577
P08358,8.4,8.06704433271397,0.332955667286031
P08359,7.9,8.157731854169826,-0.25773185416982614
P08360,6.7,6.966770471234947,-0.26677047123494724
P08361,6.6,7.022218234040978,-0.4222182340409786
P08364,5.2,5.554546867240394,-0.3545468672403942
P08365,8.6,8.168772472894489,0.43122752710551104
P08366,6.2,7.252444247735987,-1.0524442477359868
P08367,7.2,6.878427512756084,0.32157248724391607
P08368,7.8,8.151028655484513,-0.35102865548451323
P08369,7.8,6.580007664786044,1.2199923352139557
P08370,6.3,6.110290035044677,0.18970996495532244
P08371,7.0,8.11616462964211,-1.1161646296421104
P08372,8.3,7.745752824329996,0.5542471756700049
P08373,6.5,7.122788749697229,-0.6227887496972286
P08374,5.8,6.350753893645838,-0.5507538936458385
P08375,7.2,7.47510305895686,-0.2751030589568595
P08376,7.8,8.515733194555816,-0.7157331945558161
P08377,8.4,8.781924948966994,-0.3819249489669936
P08378,8.9,6.925883362580556,1.9741166374194448
P08379,7.4,8.304497999610383,-0.904497999610383
P08381,6.1,6.360198058507112,-0.260198058507112
P08382,8.5,7.424383592997687,1.0756164070023129
P08383,6.1,5.5743157185993,0.5256842814006992
P08384,3.7,4.630277075069719,-0.9302770750697187
P08385,8.6,7.769008087538108,0.8309919124618919
P08386,6.0,5.857271259322772,0.14272874067722796
P08389,5.5,5.624772218279746,-0.12477221827974638
P08391,6.6,6.895728135156183,-0.29572813515618357
P08392,6.2,6.689967765326887,-0.48996776532688724
P08393,6.5,6.013406000994779,0.4865939990052208
P08394,7.4,7.144521748363928,0.2554782516360721
P08395,9.2,7.36946289021214,1.8305371097878593
P08396,7.8,6.6150247907289135,1.1849752092710863
P08397,7.7,6.499021920517648,1.2009780794823524
P08402,7.3,6.808851943557891,0.4911480564421087
P08403,6.3,5.946969849486007,0.3530301505139928
P08405,6.8,6.025169765640203,0.774830234359797
P08406,5.8,6.852176594192391,-1.0521765941923915
P08407,6.7,7.751276937346912,-1.0512769373469117
P08408,6.8,6.750382295294949,0.049617704705051224
P08409,7.4,7.651253506225763,-0.2512535062257628
P08412,6.5,5.948382192817503,0.5516178071824971
P08413,6.9,6.858888658749326,0.04111134125067473
P08414,5.1,5.167587712515654,-0.0675877125156541
P08415,6.0,7.777864614185787,-1.7778646141857868
P08416,6.7,7.994392054074729,-1.294392054074729
P08417,6.6,7.158168263083023,-0.5581682630830231
P08418,8.2,7.93831550133639,0.2616844986636089
P08419,5.6,6.152141258925129,-0.5521412589251291
P08420,7.1,6.952017057858701,0.14798294214129903
P08421,7.1,7.249791097652632,-0.1497910976526322
P08422,6.7,6.0453216853844856,0.6546783146155146
P08423,5.5,6.717317049392821,-1.217317049392821
P08424,5.6,7.422283900720716,-1.8222839007207163
P08426,5.2,6.612952055079573,-1.4129520550795727
P08427,7.8,8.146289307504013,-0.346289307504013
P08428,10.0,8.640027194225196,1.3599728057748042
P08429,8.3,8.002659400247987,0.29734059975201355
P08430,5.2,6.323675739055023,-1.123675739055023
P08431,5.0,6.209560869201201,-1.2095608692012014
P08432,7.6,6.686285312419021,0.9137146875809785
P08433,7.1,7.205430169942641,-0.10543016994264143
P08434,7.2,6.251758594159603,0.9482414058403972
P08435,6.8,6.427942408247134,0.3720575917528661
P08436,6.5,6.69887507364599,-0.19887507364598989
P08437,3.9,5.426705898176688,-1.526705898176688
P08438,5.9,5.318711621025578,0.5812883789744223
P08439,6.9,7.824313930155665,-0.9243139301556642
P08440,5.9,7.010659791137364,-1.1106597911373637
P08442,7.2,7.005739914101479,0.19426008589852106
P08443,6.9,7.012394495920795,-0.11239449592079431
P08444,6.8,7.1672660425938925,-0.3672660425938927
P08446,5.7,5.507839637180057,0.1921603628199433
P08448,5.9,6.456554810920378,-0.5565548109203773
P08449,10.0,8.379897212925037,1.6201027870749627
P08450,9.0,8.336933916036124,0.6630660839638765
P08451,7.7,8.318390650546974,-0.6183906505469734
P08452,6.5,5.801820739569103,0.698179260430897
P08454,7.7,6.958295288550366,0.7417047114496338
P08456,6.6,6.44219922803099,0.15780077196900955
P08458,6.4,7.0023070753409336,-0.6023070753409332
P08459,7.3,6.495748886866213,0.8042511131337866
P08460,8.3,8.20728002840948,0.0927199715905207
P08461,9.1,7.870080193580154,1.2299198064198453
P08462,6.8,7.454156938554216,-0.6541569385542161
P08463,5.0,5.166401045968696,-0.16640104596869598
P08464,8.4,7.342279304245376,1.0577206957546244
P08465,5.1,5.228659149946189,-0.12865914994618954
P08466,5.2,6.648486057434859,-1.4484860574348586
P08467,6.9,6.659580219861086,0.24041978013891452
P08468,7.4,7.303072371222592,0.09692762877740879
P08469,7.4,7.065201283028919,0.33479871697108177
P08470,7.2,6.873146558938083,0.3268534410619175
P08473,5.3,6.463240499456987,-1.163240499456987
P08474,7.5,7.248053187772199,0.2519468122278008
P08477,5.4,5.808172539354034,-0.40817253935403386
P08478,4.9,6.748808541600692,-1.8488085416006914
P08479,7.2,8.012015436873375,-0.8120154368733745
P08480,7.8,7.3695064422065615,0.43049355779343834
P08481,8.2,7.993667263787654,0.20633273621234505
P08483,7.0,7.606702137700098,-0.6067021377000978
P08484,5.9,7.257647187677144,-1.3576471876771432
P08485,6.1,6.386963570491058,-0.28696357049105803
P08486,8.1,8.42565905499712,-0.32565905499711967
P08487,7.5,7.510692494212472,-0.010692494212472425
P08488,8.7,7.889614023364155,0.8103859766358443
P08490,8.0,8.435687723394667,-0.43568772339466655
P08491,7.9,7.867256856001118,0.03274314399888212
P08492,6.7,7.365313209284408,-0.6653132092844078
P08493,7.0,7.164821836630399,-0.16482183663039862
P08495,5.7,6.9613799584974805,-1.2613799584974803
P08496,6.3,5.725090831262139,0.5749091687378609
P08497,7.1,6.581850207643167,0.5181497923568328
P08498,7.1,6.975090749992169,0.12490925000783104
P08499,5.6,6.113618955234912,-0.5136189552349126
P08500,7.9,7.312815635229663,0.5871843647703372
P08501,6.1,6.500720146037562,-0.40072014603756223
P08502,8.2,7.367887548677941,0.8321124513220584
P08503,7.7,7.320774487914038,0.379225512085962
P08504,7.1,6.936124408085611,0.1638755919143886
P08505,8.9,8.347394548714362,0.552605451285638
P08507,7.6,7.439293773243885,0.16070622675611457
P08508,6.5,6.652112578506905,-0.1521125785069053
P08509,6.1,6.12052518056068,-0.02052518056068031
P08510,7.1,7.848494444697219,-0.7484944446972195
P08511,5.7,6.790317008624619,-1.090317008624619
P08512,8.0,8.140351527959693,-0.14035152795969275
P08513,6.1,7.161810851123114,-1.0618108511231146
P08514,8.3,7.934575270850216,0.36542472914978497
P08517,5.5,5.91049529733664,-0.4104952973366398
P08518,7.3,7.430697555847901,-0.13069755584790155
P08519,5.3,6.204292833355495,-0.9042928333554956
P08520,6.7,6.934848777676655,-0.23484877767665502
P08521,5.5,6.567374399440031,-1.0673743994400313
P08522,7.7,7.1902580196629655,0.5097419803370347
P08523,7.9,8.806234420587614,-0.906234420587614
P08525,6.7,6.900432132941566,-0.20043213294156548
P08527,7.0,6.62626925413968,0.3737307458603203
P08528,8.5,6.902612682910428,1.5973873170895718
P08530,7.1,6.884732066322778,0.21526793367722163
P08531,7.7,7.772451248754462,-0.07245124875446152
P08532,7.7,6.8433088233858745,0.8566911766141256
P08534,5.1,6.622213311768283,-1.522213311768283
P08535,7.4,6.414300762071886,0.985699237928114
P08536,6.0,5.334695377912379,0.6653046220876213
P08537,7.4,7.213418810887282,0.1865811891127187
P08538,5.7,6.241674565450198,-0.5416745654501982
P08539,7.7,7.21275783305353,0.48724216694647016
P08540,6.3,7.150190391010498,-0.8501903910104982
P08541,6.3,7.409185468172607,-1.1091854681726074
P08542,7.2,6.812477245309911,0.3875227546900888
P08543,4.8,5.262520291822143,-0.46252029182214294
P08544,7.6,6.891537123838845,0.7084628761611542
P08545,5.7,5.618270889439119,0.0817291105608815
P08546,5.2,6.17258200976011,-0.9725820097601101
P08547,8.2,7.2936985390268285,0.9063014609731708
P08549,5.7,6.313996497116222,-0.6139964971162222
P08550,4.9,5.075220734149555,-0.17522073414955486
P08551,5.5,6.290461622509675,-0.7904616225096754
P08552,7.7,6.830872957763557,0.8691270422364434
P08553,9.4,8.675319538641062,0.7246804613589379
P08555,5.8,5.400299052723423,0.39970094727657646
P08556,7.2,7.211346675237591,-0.011346675237590809
P08557,5.0,5.925583705629931,-0.925583705629931
P08558,6.6,6.791690443911946,-0.19169044391194667
P08559,7.2,6.649726938093693,0.5502730619063074
P08560,7.5,6.950739671868346,0.5492603281316537
P08561,7.3,7.410855292251866,-0.11085529225186619
P08562,9.3,9.504079973255088,-0.2040799732550873
P08564,7.1,7.064372843385094,0.035627156614905786
P08566,8.6,7.867385724612563,0.7326142753874363
P08567,7.0,7.4156823427251135,-0.4156823427251135
P08568,8.0,7.869125012789247,0.13087498721075264
P08569,7.2,7.314896158202413,-0.11489615820241283
P08570,8.9,7.8907369472010815,1.0092630527989188
P08571,6.4,6.739037054779826,-0.3390370547798254
P08572,6.5,7.425195919138206,-0.925195919138206
P08573,5.4,6.17301672002492,-0.7730167200249198
P08574,6.9,6.451160709315881,0.448839290684119
P08576,7.4,7.608598985738389,-0.20859898573838898
P08577,9.4,7.4841468154187645,1.9158531845812359
P08578,6.2,6.255766107910052,-0.055766107910051765
P08580,6.8,7.820319049908859,-1.020319049908859
P08581,8.0,7.627707385488165,0.37229261451183504
P08582,9.5,8.66391062400665,0.8360893759933496
P08583,5.4,4.900705585345528,0.49929441465447244
P08585,7.8,7.944557954966212,-0.1445579549662126
P08586,6.1,6.425679683903003,-0.3256796839030036
P08588,6.6,7.244713489296531,-0.6447134892965316
P08589,5.2,5.767402489589638,-0.5674024895896377
P08590,7.9,6.638281877666537,1.2617181223334635
P08591,7.6,7.120480872431651,0.4795191275683486
P08592,6.6,6.9345626022539255,-0.33456260225392587
P08593,8.5,9.084497624884367,-0.5844976248843672
P08594,4.6,5.319132295812061,-0.7191322958120612
P08595,8.5,7.551454861777128,0.9485451382228716
P08596,8.0,7.602593827823775,0.3974061721762254
P08598,7.0,6.474891701990723,0.5251082980092772
P08599,6.7,7.653850667939581,-0.9538506679395811
P08600,6.6,7.105811857444432,-0.5058118574444324
P08602,4.1,5.608427304440822,-1.508427304440822
P08603,8.0,8.029075081249442,-0.02907508124944158
P08605,7.5,7.98504419880344,-0.48504419880343974
P08608,5.7,6.614062397943422,-0.9140623979434217
P08609,7.0,7.08373122666955,-0.08373122666955002
P08610,5.8,6.807988017901109,-1.0079880179011091
P08611,6.5,6.736011052601868,-0.23601105260186817
P08612,8.7,9.171875520099588,-0.471875520099589
P08613,8.8,7.300628572716359,1.4993714272836414
P08614,9.6,7.943232056648062,1.6567679433519373
P08615,8.2,6.60277657173974,1.5972234282602589
P08616,9.2,7.613777881428513,1.5862221185714862
P08617,6.4,5.834903038091478,0.5650969619085222
P08618,7.8,7.268357935798068,0.5316420642019315
P08619,7.5,7.332037860899978,0.16796213910002233
P08620,6.7,6.528760360226413,0.17123963977358692
P08621,5.8,6.737971565569278,-0.9379715655692777
P08622,7.4,7.285707212424613,0.11429278757538697
P08623,9.6,8.796808703945743,0.8031912960542567
P08625,5.5,6.0726347653004895,-0.5726347653004895
P08626,6.9,5.955594877687739,0.9444051223122614
P08627,6.8,7.1423361662212255,-0.34233616622122565
P08628,6.3,7.269071233856621,-0.9690712338566208
P08630,8.5,8.086408351476287,0.4135916485237132
P08631,5.4,7.151729693967368,-1.7517296939673672
P08633,8.7,8.777109686558815,-0.07710968655881523
P08634,8.8,8.256821974676445,0.5431780253235559
P08636,8.8,8.240606572042841,0.5593934279571595
P08637,9.0,8.271015540156151,0.7289844598438489
P08638,8.4,7.535760709685642,0.8642392903143588
P08640,7.5,6.600841245859017,0.8991587541409833
P08641,7.4,7.200615990129614,0.1993840098703865
P08642,6.2,6.2297431211507375,-0.029743121150737295
P08643,7.7,7.042162579214014,0.6578374207859863
P08644,7.6,7.912432934842704,-0.31243293484270396
P08645,7.9,7.573838471031534,0.3261615289684663
P08646,7.2,6.842564979929277,0.3574350200707235
P08647,6.4,5.597255097907633,0.8027449020923676
P08648,6.6,6.259005027186237,0.34099497281376223
P08649,7.5,6.154367022272719,1.3456329777272806
P08650,7.1,7.161533671409836,-0.06153367140983601
P08651,7.8,7.908678067090251,-0.10867806709025096
P08652,6.5,6.836008111365219,-0.3360081113652189
P08653,6.3,6.561599421258535,-0.2615994212585351
P08654,7.4,7.305535906543755,0.09446409345624573
P08655,8.6,7.135935817960465,1.464064182039535
P08656,6.8,6.911636132102541,-0.1116361321025412
P08657,6.3,6.596679534653086,-0.2966795346530864
P08658,8.3,7.0434965728606445,1.2565034271393563
P08660,6.8,7.638985110453218,-0.8389851104532182
P08662,6.3,6.483590423990994,-0.183590423990994
P08663,8.0,7.193476886178759,0.8065231138212408
P08664,8.1,7.283654470785968,0.8163455292140318
P08666,6.6,6.965406626865395,-0.36540662686539527
P08667,5.4,6.520732553969561,-1.1207325539695603
P08668,8.7,7.746690214836385,0.9533097851636141
P08670,7.1,7.297812654897345,-0.19781265489734512
P08671,5.6,6.511590442038243,-0.9115904420382437
P08673,6.8,6.723625494700972,0.0763745052990279
P08675,8.4,7.928318512349634,0.47168148765036655
P08676,8.1,7.892794528207783,0.20720547179221693
P08677,6.6,7.433657927572945,-0.8336579275729452
P08678,8.0,8.852242879117785,-0.8522428791177852
P08679,10.0,8.680058481511438,1.3199415184885623
P08680,8.4,7.748772495421518,0.6512275045784826
P08681,9.7,7.84006653697689,1.8599334630231095
P08684,4.0,4.975032931529599,-0.9750329315295989
P08685,9.1,9.500857020434658,-0.40085702043465865
P08686,5.8,6.0779323246787085,-0.27793232467870865
P08687,6.9,6.143541856924228,0.756458143075772
P08688,8.8,7.717577431761727,1.0824225682382735
P08690,9.1,8.328738651270836,0.7712613487291637
P08691,7.1,7.420268748290434,-0.3202687482904345
P08692,7.4,7.377125366964377,0.02287463303562376
P08693,6.9,6.87409510883659,0.025904891163410326
P08694,6.3,6.544536479397684,-0.2445364793976843
P08695,6.5,6.946690361838282,-0.44669036183828226
P08696,6.1,6.427254051652634,-0.3272540516526341
P08697,7.5,7.056922705431606,0.4430772945683943
P08698,7.0,8.121590229967733,-1.1215902299677332
P08700,7.4,7.84644145134245,-0.4464414513424497
P08701,7.1,7.008529617273116,0.09147038272688324
P08702,7.4,8.18694388899487,-0.7869438889948697
P08703,5.9,6.714121277147149,-0.8141212771471489
P08704,6.0,6.6944172731238805,-0.6944172731238805
P08705,8.2,8.034927881564606,0.16507211843539338
P08706,6.1,6.85794275904756,-0.7579427590475607
P08707,5.8,6.054912733848823,-0.2549127338488235
P08709,7.0,7.655399967478842,-0.655399967478842
P08710,6.9,6.228587460558696,0.6714125394413042
P08711,8.4,7.556330190714688,0.8436698092853128
P08713,8.0,8.624480402134555,-0.6244804021345551
P08715,8.2,8.112435664546528,0.08756433545347164
P08716,6.9,6.794989841502241,0.10501015849775897
P08717,7.3,6.371025856268597,0.928974143731403
P08718,8.8,7.521612081204616,1.278387918795385
P08719,6.7,7.179174664986648,-0.4791746649866475
P08720,6.7,6.61712710984098,0.08287289015902033
P08721,7.8,7.934446234499851,-0.13444623449985116
P08722,7.3,6.674605860467227,0.6253941395327729
P08723,8.2,8.338377332175286,-0.13837733217528658
P08725,6.8,6.846088012112896,-0.04608801211289659
P08726,6.4,6.754346833824923,-0.3543468338249225
P08727,5.8,6.458622135457914,-0.6586221354579145
P08730,7.5,7.817534043675122,-0.3175340436751224
P08731,7.9,7.892887906924676,0.007112093075324566
P08734,5.0,5.562885306444222,-0.5628853064442216
P08735,5.7,6.35860028612656,-0.6586002861265596
P08736,7.3,7.78690425629159,-0.4869042562915906
P08737,7.4,8.430899789416907,-1.0308997894169067
P08738,6.5,6.816587846048593,-0.31658784604859314
P08739,5.9,6.814588268034801,-0.9145882680348008
P08740,7.4,8.261454637209384,-0.8614546372093841
P08741,6.3,6.6918262147910665,-0.3918262147910667
P08742,7.7,7.4293647433198755,0.27063525668012467
P08743,6.2,6.08608333902103,0.11391666097896991
P08744,7.4,6.808817166360704,0.5911828336392961
P08747,6.0,5.3004132911191295,0.6995867088808705
P08748,5.8,6.133027469530788,-0.333027469530788
P08750,6.8,6.5097155532554005,0.2902844467445993
P08752,9.6,8.950434847000796,0.6495651529992035
P08754,7.1,7.046112520207833,0.05388747979216646
P08756,7.5,6.98798523931129,0.51201476068871
P08757,7.4,7.857352723167638,-0.457352723167638
P08758,7.9,8.078722056924382,-0.17872205692438214
P08759,6.1,6.412689940256265,-0.3126899402562655
P08760,7.7,6.51852095480344,1.1814790451965598
P08762,6.8,6.649426523868197,0.15057347613180294
P08763,6.9,6.777582686872026,0.12241731312797466
P08765,6.9,7.312641373709681,-0.4126413737096808
P08766,6.5,6.359189343709354,0.14081065629064593
P08767,7.3,7.538898915211687,-0.2388989152116876
P08768,6.8,6.128286804937772,0.6717131950622282
P08769,8.1,6.8904216557458735,1.2095783442541261
P08770,8.3,7.449081571209914,0.8509184287900871
P08771,6.9,6.578004584019429,0.32199541598057113
P08772,6.1,6.627306690959403,-0.5273066909594037
P08773,7.0,7.12884410517632,-0.12884410517632006
P08774,5.6,5.990089980560484,-0.39008998056048405
P08775,8.1,8.048694400572847,0.051305599427152515
P08776,6.5,6.655599057775963,-0.15559905777596317
P08777,6.2,5.97670815566342,0.2232918443365799
P08779,6.8,5.820399808899229,0.9796001911007712
P08780,5.2,5.924286818712537,-0.7242868187125371
P08781,7.6,7.365177468203274,0.23482253179672608
P08782,5.8,4.845097738407207,0.9549022615927925
P08783,8.7,7.924591379768875,0.7754086202311239
P08784,7.8,8.43341358907735,-0.6334135890773505
P08785,7.5,7.392420253241674,0.10757974675832571
P08786,6.9,6.150058330777039,0.7499416692229612
P08787,5.9,6.430133150480758,-0.5301331504807578
P08788,6.3,6.409103696587185,-0.10910369658718544
P08789,5.9,6.200984827544543,-0.3009848275445428
P08791,7.9,7.500407982419229,0.3995920175807717
P08792,5.7,6.63662187161694,-0.9366218716169401
P08793,6.8,6.027373413560852,0.7726265864391477
P08795,6.9,7.921935801059421,-1.0219358010594206
P08796,7.5,6.778471610170895,0.7215283898291052
P08797,5.9,7.0281976899207175,-1.1281976899207171
P08798,6.9,7.016262066793266,-0.1162620667932659
P08799,7.7,7.366720085873717,0.3332799141262832
P08800,3.6,4.771763623872565,-1.171763623872565
P08801,7.5,7.361783818246935,0.13821618175306494
P08803,6.3,6.865123321401871,-0.5651233214018712
P08804,5.2,5.63321580033609,-0.43321580033608953
P08806,8.2,8.325752289314986,-0.1257522893149865
P08807,5.9,5.702228255144565,0.19777174485543547
P08808,8.4,9.029159054542124,-0.6291590545421233
P08809,6.4,7.0786726060359255,-0.6786726060359252
P08811,6.7,7.961302323812559,-1.2613023238125587
P08814,6.3,7.627901114166589,-1.3279011141665888
P08815,6.7,7.330321756443773,-0.6303217564437729
P08816,8.8,7.575360741532754,1.2246392584672465
P08817,7.3,6.90126811559063,0.39873188440936946
P08818,8.1,8.0579984689853,0.04200153101469972
P08819,6.5,6.879838332564243,-0.37983833256424315
P08820,8.8,8.538856355211742,0.2611436447882589
P08821,6.4,7.119024293089495,-0.719024293089495
P08822,7.4,7.685657118916169,-0.28565711891616896
P08823,6.5,6.479096618461202,0.02090338153879756
P08824,7.0,6.0683118963121085,0.9316881036878915
P08825,4.9,6.568320128121473,-1.668320128121473
P08826,7.2,6.219276317683654,0.9807236823163459
P08827,8.0,6.79936804287632,1.2006319571236803
P08828,9.3,8.348594204728254,0.9514057952717465
P08830,6.0,6.405167107781432,-0.4051671077814323
P08831,7.1,7.075242710461158,0.02475728953884193
P08833,6.4,6.463658117891266,-0.06365811789126585
P08834,5.1,5.928458429477409,-0.8284584294774096
P08835,7.5,7.18537717783644,0.3146228221635603
P08836,7.3,7.137054823313483,0.16294517668651665
P08837,7.7,7.169206008448841,0.5307939915511595
P08838,7.5,7.173766701308959,0.326233298691041
P08839,8.3,8.052626289654066,0.24737371034593458
P08840,7.2,7.033203480386937,0.1667965196130634
P08841,7.9,7.632912620717075,0.26708737928292514
P08842,6.0,5.901923759986709,0.09807624001329085
P08843,9.5,8.119777780755507,1.3802222192444926
P08844,7.6,7.289621162901748,0.3103788370982512
P08845,7.3,6.876301137896926,0.42369886210307417
P08846,8.6,7.067243592073609,1.5327564079263905
P08848,5.1,5.530130050227058,-0.4301300502270582
P08850,6.6,7.655558664861225,-1.0555586648612252
P08851,7.6,7.496290905785543,0.10370909421445695
P08852,7.8,7.547107751849754,0.25289224815024625
P08854,9.0,8.378582578546267,0.6214174214537334
P08855,6.6,7.433702670857912,-0.833702670857912
P08857,7.4,7.724227831071699,-0.32422783107169906
P08858,7.3,6.678934611680779,0.621065388319221
P08859,5.9,5.9396026082287054,-0.039602608228705094
P08860,5.6,6.001453878698342,-0.4014538786983426
P08861,6.6,6.849025694962282,-0.249025694962282
P08862,6.7,6.191470478176356,0.5085295218236441
P08865,6.8,7.084098145755256,-0.28409814575525605
P08866,8.4,7.93526225611689,0.4647377438831102
P08869,6.0,6.984691524959296,-0.9846915249592962
P08870,6.7,6.969057438101318,-0.269057438101318
P08871,9.0,8.583133902113536,0.416866097886464
P08873,8.2,7.679761219463025,0.5202387805369746
P08874,7.3,7.121825187736935,0.17817481226306509
P08875,9.2,8.4657606134822,0.7342393865177996
P08876,8.0,7.396020170787982,0.603979829212018
P08877,5.4,5.775046074957381,-0.37504607495738096
P08880,7.4,7.599272164133531,-0.19927216413353044
P08882,7.2,7.895365503809362,-0.695365503809362
P08883,6.0,6.6706215405199165,-0.6706215405199165
P08884,5.9,6.268844719503229,-0.3688447195032287
P08886,6.7,6.690339181720389,0.009660818279611405
P08887,8.6,7.722008538169961,0.8779914618300388
P08888,6.8,6.196641846407098,0.603358153592902
P08889,7.3,7.296763153928667,0.0032368460713332325
P08891,7.1,7.215199959604527,-0.115199959604527
P08893,6.5,6.297692153345898,0.20230784665410173
P08894,5.6,6.916557624432368,-1.3165576244323685
P08895,8.3,7.785707211141115,0.514292788858886
P08896,6.7,7.216049583328188,-0.5160495833281882
P08897,7.3,7.695393784731593,-0.3953937847315929
P08898,8.8,8.326652808720869,0.4733471912791316
P08899,6.9,6.779927183139883,0.12007281686011773
P08900,9.4,8.332243151495108,1.0677568485048923
P08901,7.9,6.845284000982084,1.0547159990179162
P08902,8.5,8.039871044151132,0.4601289558488677
P08903,6.0,6.7788686511724965,-0.7788686511724965
P08904,6.2,5.18449231023225,1.01550768976775
P08905,6.1,6.4756971693389085,-0.37569716933890884
P08906,6.0,6.9275381418895625,-0.9275381418895625
P08907,7.0,7.2647247740114045,-0.2647247740114045
P08908,7.6,7.064330427773066,0.5356695722269338
P08909,5.8,5.834022070126296,-0.0340220701262961
P08910,7.3,6.74404674027698,0.5559532597230197
P08911,7.0,7.615902431534652,-0.6159024315346517
P08912,6.3,6.333281233688805,-0.03328123368880487
P08913,8.7,7.955206452513655,0.7447935474863439
P08914,8.8,8.91551231143102,-0.11551231143101859
P08915,6.5,6.430682812805339,0.0693171871946614
P08917,7.6,7.020819897125228,0.5791801028747718
P08918,4.5,5.057392790518668,-0.5573927905186684
P08919,7.8,7.677463366214603,0.12253663378539681
P08921,5.8,5.395712701676951,0.404287298323049
P08922,7.1,7.247166289179732,-0.14716628917973207
P08923,7.5,7.094943792769593,0.40505620723040714
P08924,6.9,6.60609000081418,0.2939099991858205
P08926,6.1,6.0265330301332565,0.07346696986674317
P08927,7.2,7.390144286191102,-0.19014428619110202
P08928,8.7,8.127968472801436,0.572031527198563
P08929,7.3,7.278138889025799,0.021861110974200848
P08932,8.0,8.440770242752421,-0.4407702427524214
P08934,6.5,7.116971188843017,-0.6169711888430172
P08935,6.6,7.210157942601577,-0.6101579426015773
P08936,6.6,6.250968228356513,0.349031771643487
P08937,9.4,9.248886338096074,0.15111366190392594
P08941,7.5,7.628941059816338,-0.12894105981633786
P08945,8.4,8.394032782237245,0.005967217762755439
P08946,6.8,6.9875143975126255,-0.18751439751262566
P08948,9.0,8.505222410948504,0.4947775890514965
P08949,7.8,7.4016720444248865,0.39832795557511336
P08950,6.0,7.147001003430406,-1.1470010034304057
P08951,7.2,6.684446239979319,0.5155537600206808
P08952,5.9,6.172899975038032,-0.27289997503803143
P08954,7.1,6.775681785305967,0.3243182146940322
P08955,6.8,6.821277322842766,-0.02127732284276629
P08956,6.5,7.884135773795723,-1.3841357737957232
P08957,7.1,6.283845579368197,0.8161544206318023
P08960,5.8,5.946785383378504,-0.14678538337850444
P08961,5.6,6.204725555229017,-0.6047255552290176
P08962,6.8,7.389829389745637,-0.5898293897456375
P08964,8.0,7.777386212824225,0.22261378717577518
P08965,7.1,7.942790596230415,-0.8427905962304152
P08966,9.1,8.378151529578307,0.7218484704216923
P08967,4.0,4.770778273900852,-0.7707782739008522
P08968,6.9,6.545276990582785,0.35472300941721535
P08969,8.9,7.546442688338375,1.3535573116616257
P08970,5.2,5.454134753872002,-0.2541347538720018
P08971,7.9,8.058336262787822,-0.15833626278782198
P08975,7.8,6.179136435152191,1.6208635648478085
P08978,8.8,8.459571038576687,0.3404289614233136
P08979,5.9,5.991252102612324,-0.09125210261232386
P08981,5.4,6.223596017552175,-0.823596017552175
P08982,6.0,6.693408434268915,-0.6934084342689149
P08983,7.6,8.146376885138283,-0.5463768851382831
P08984,5.9,6.979337407973177,-1.0793374079731768
P08985,9.0,8.165427482187603,0.834572517812397
P08986,7.6,7.306642719429157,0.2933572805708424
P08987,6.0,5.590309578087204,0.4096904219127957
P08988,7.1,7.3490110101858015,-0.24901101018580185
P08989,8.1,6.800855391451994,1.2991446085480058
P08990,6.7,7.14540530766311,-0.44540530766311015
P08991,7.3,7.88206448513265,-0.5820644851326504
P08992,8.4,7.470686255719359,0.9293137442806412
P08995,7.4,7.452811610473445,-0.052811610473444404
P08997,8.0,6.564163726584773,1.4358362734152266
P08998,5.8,6.13288615606476,-0.33288615606476046
P08999,8.9,8.860972708823077,0.039027291176923384
P09000,6.0,7.501474662092072,-1.5014746620920718
P09001,7.4,7.572444607772442,-0.17244460777244175
P09002,7.3,7.613851235250832,-0.3138512352508318
P09004,7.6,7.407738780069741,0.19226121993025824
P09005,7.0,7.022593544069026,-0.022593544069025917
P09006,6.9,7.367750009298802,-0.4677500092988014
P09007,7.2,7.616711396133761,-0.41671139613376074
P09008,7.1,7.695085214795077,-0.5950852147950769
P09009,7.6,6.898901070220478,0.7010989297795218
P09010,6.0,5.109793573877085,0.8902064261229148
P09011,7.4,7.294790912788351,0.10520908721164979
P09013,7.3,6.919918447978692,0.38008155202130744
P09014,6.8,6.70953461017008,0.09046538982991947
P09016,6.2,5.587249167126376,0.6127508328736244
P09017,7.4,6.428107194089902,0.9718928059100982
P09018,6.7,6.5512672484561305,0.14873275154386967
P09019,5.8,6.580316912989631,-0.7803169129896315
P09022,6.0,6.823392104591119,-0.823392104591119
P09023,4.8,5.159380535502001,-0.3593805355020008
P09025,6.4,7.024341125603304,-0.624341125603304
P09027,8.2,8.151740269880737,0.048259730119262656
P09030,6.8,7.700267160644906,-0.9002671606449058
P09031,4.3,5.400693533603784,-1.100693533603784
P09032,5.6,5.833429172097392,-0.23342917209739245
P09033,7.1,7.222561865745074,-0.122561865745074
P09034,7.3,6.971581472133802,0.32841852786619796
P09035,9.4,8.366259883177268,1.0337401168227327
P09036,5.8,6.143611790674212,-0.34361179067421244
P09037,5.2,6.401291887059936,-1.201291887059936
P09039,7.6,6.639453634610767,0.9605463653892325
P09041,7.2,7.204675959647154,-0.004675959647153505
P09045,6.3,6.651936335535774,-0.3519363355357745
P09049,7.5,7.718378573545047,-0.21837857354504742
P09050,5.9,6.151182308336837,-0.25118230833683697
P09052,8.4,7.457680844940829,0.9423191550591712
P09053,7.3,7.002645708510133,0.29735429148986725
P09054,6.6,6.816990850461023,-0.2169908504610234
P09055,8.4,6.65537789411066,1.7446221058893405
P09056,8.7,7.024683398167247,1.675316601832752
P09060,6.2,6.230057471475833,-0.03005747147583282
P09061,7.2,7.158549747284545,0.041450252715454994
P09062,7.1,7.169942563977257,-0.06994256397725707
P09063,9.2,8.325782489989509,0.8742175100104905
P09064,7.0,6.901141852500236,0.09885814749976429
P09065,7.1,7.41936809431807,-0.31936809431807056
P09066,7.6,7.235259022414759,0.3647409775852406
P09068,5.9,6.248801854010947,-0.3488018540109463
P09071,4.4,5.571212341685911,-1.1712123416859104
P09072,9.1,7.817811002440515,1.2821889975594845
P09074,8.7,7.445565551558379,1.2544344484416206
P09076,7.3,7.237721478211804,0.06227852178819582
P09077,6.7,7.050566017746967,-0.35056601774696716
P09078,7.3,6.86102950736467,0.43897049263533017
P09079,8.7,8.345687529268258,0.35431247073174177
P09081,8.5,7.724063001981818,0.7759369980181816
P09082,5.2,5.571600570987915,-0.37160057098791466
P09083,5.9,6.5958765779181645,-0.6958765779181642
P09085,7.6,7.267866865415583,0.3321331345844163
P09086,6.1,7.074816302879252,-0.974816302879252
P09088,6.1,7.797890652692809,-1.6978906526928093
P09089,6.9,8.209243038690888,-1.3092430386908873
P09090,9.5,7.933904266083425,1.5660957339165753
P09091,6.9,6.917337398987662,-0.017337398987661956
P09093,6.8,6.989414751063055,-0.1894147510630555
P09094,6.9,6.83476953305703,0.06523046694297019
P09095,7.0,7.93313723526577,-0.9331372352657699
P09097,8.8,8.57385454216628,0.2261454578337201
P09098,7.7,8.056229299658078,-0.3562292996580778
P09100,7.7,7.474540395508222,0.22545960449177826
P09101,7.7,6.790653603644853,0.9093463963551471
P09102,9.1,7.804265779110146,1.2957342208898535
P09103,7.1,7.380277439562562,-0.28027743956256224
P09104,6.8,6.562002691844554,0.23799730815544606
P09105,6.3,6.7341224243411135,-0.4341224243411137
P09107,8.4,7.775922001573015,0.6240779984269853
P09108,7.0,7.216163770670898,-0.21616377067089765
P09109,8.3,8.235793466986213,0.0642065330137882
P09110,6.4,6.713151970117255,-0.3131519701172545
P09112,5.3,5.70423762169911,-0.40423762169911015
P09113,6.3,6.615117559010432,-0.3151175590104325
P09114,5.8,6.364404317151593,-0.5644043171515936
P09115,7.4,7.196728977794367,0.20327102220563376
P09116,7.6,7.353896335490876,0.2461036645091239
P09117,5.5,6.362801845323195,-0.8628018453231947
P09118,8.0,8.12480595890284,-0.12480595890284008
P09119,5.6,5.706606432489981,-0.10660643248998092
P09120,9.5,9.38842730151356,0.11157269848643914
P09121,6.2,6.380538381395971,-0.18053838139597111
P09123,6.5,6.003720160927157,0.4962798390728427
P09124,5.5,5.710910071028035,-0.21091007102803516
P09125,8.3,8.53525685690461,-0.23525685690460918
P09126,6.6,6.272859651236081,0.32714034876391906
P09129,6.6,6.605271968218967,-0.005271968218967693
P09130,6.0,6.680651456145324,-0.6806514561453243
P09131,7.4,7.010829333424185,0.389170666575815
P09132,8.3,8.160800691927149,0.1391993080728522
P09134,8.2,8.521749292566993,-0.32174929256699336
P09136,8.5,7.460347487805141,1.0396525121948592
P09137,7.2,7.816943981849108,-0.6169439818491078
P09138,6.3,7.091241694405633,-0.7912416944056329
P09139,6.5,7.065256353397291,-0.5652563533972907
P09140,4.7,5.322463488811253,-0.6224634888112526
P09141,7.7,6.076181473649296,1.6238185263507043
P09142,7.1,6.262883562709617,0.8371164372903825
P09143,6.9,6.80747677493847,0.09252322506153021
P09144,7.4,6.929909190744652,0.47009080925534796
P09145,7.7,6.503242832453209,1.1967571675467914
P09146,7.9,7.524866129443826,0.37513387055617464
P09147,5.8,6.722969104295928,-0.9229691042959285
P09148,6.0,6.255702231074454,-0.2557022310744541
P09149,7.7,8.319491967166803,-0.6194919671668027
P09150,8.3,7.543882978671567,0.7561170213284338
P09152,7.2,6.702877448020592,0.497122551979408
P09153,8.9,7.845852700180308,1.0541472998196921
P09155,8.5,7.326989563833447,1.1730104361665532
P09158,6.5,6.173500417533189,0.3264995824668109
P09159,7.9,8.598897599349733,-0.6988975993497331
P09160,7.1,7.759062558241398,-0.6590625582413985
P09164,5.6,6.122256378069351,-0.5222563780693514
P09166,9.5,8.356882668994997,1.1431173310050031
P09167,7.0,7.5524546961379295,-0.5524546961379295
P09168,6.9,6.536547975629507,0.36345202437049373
P09171,6.0,5.520033233479312,0.4799667665206879
P09173,7.0,6.9271770115952656,0.07282298840473445
P09174,5.4,6.75518563479384,-1.3551856347938394
P09175,8.1,8.243102681768114,-0.1431026817681147
P09176,5.9,6.495752406359121,-0.5957524063591206
P09177,7.1,7.564398866228334,-0.4643988662283345
P09178,7.0,6.020202397680075,0.9797976023199251
P09180,5.3,5.783667528007961,-0.4836675280079614
P09181,7.4,7.05664525856392,0.34335474143608025
P09182,8.1,7.659838695000082,0.44016130499991757
P09183,9.1,8.047359526637752,1.0526404733622474
P09184,7.0,6.946398031934604,0.0536019680653963
P09185,7.9,8.375033746513068,-0.47503374651306807
P09186,7.6,7.4056983514826,0.19430164851740006
P09188,7.1,6.970613887158942,0.1293861128410576
P09189,6.0,6.362806062905039,-0.36280606290503936
P09190,7.0,7.163411212148884,-0.1634112121488842
P09191,5.7,6.096163345177144,-0.39616334517714424
P09193,6.2,6.613274892039673,-0.4132748920396727
P09194,7.6,6.222026728760294,1.3779732712397053
P09195,7.4,7.356260727511047,0.043739272488953596
P09196,4.6,4.84800537031481,-0.24800537031480996
P09197,7.1,7.47782279926321,-0.3778227992632104
P09198,8.1,7.693567942997186,0.4064320570028137
P09199,5.2,5.93763389860363,-0.7376338986036295
P09200,7.7,8.30728887920996,-0.6072888792099596
P09201,7.7,7.788789816863906,-0.08878981686390564
P09202,5.5,5.309842326121599,0.1901576738784012
P09203,6.2,7.270946926015749,-1.0709469260157487
P09204,5.9,6.223188926380787,-0.32318892638078633
P09205,6.5,7.340486198064551,-0.8404861980645508
P09206,6.0,6.6571145965015655,-0.6571145965015655
P09207,7.1,6.932605227983655,0.1673947720163449
P09208,5.7,6.426554028020343,-0.7265540280203426
P09209,6.4,6.569848895597325,-0.1698488955973243
P09210,6.5,6.930519477345065,-0.4305194773450651
P09211,6.0,6.1154359410958286,-0.11543594109582855
P09213,8.5,7.209256079042952,1.2907439209570484
P09214,7.4,7.618190037575273,-0.21819003757527256
P09216,6.3,6.249714672615585,0.05028532738441438
P09217,5.3,5.393191129332671,-0.09319112933267082
P09219,4.6,6.610187304872236,-2.010187304872236
P09220,6.9,7.296372215798834,-0.3963722157988334
P09221,9.2,8.443360705727786,0.7566392942722135
P09222,7.2,7.755332785147153,-0.5553327851471526
P09223,7.6,7.9600470940624,-0.3600470940624003
P09224,6.0,6.0298166209767965,-0.029816620976796493
P09227,8.3,7.36228396298068,0.9377160370193209
P09228,4.6,5.292456669485965,-0.6924566694859653
P09229,5.6,6.422483553707013,-0.8224835537070136
P09231,8.7,6.871120916068595,1.8288790839314046
P09235,7.0,6.741022818841068,0.2589771811589321
P09236,7.7,7.076247473530827,0.6237525264691728
P09237,6.3,6.521385507576645,-0.22138550757664532
P09239,6.1,6.389020177913419,-0.28902017791341894
P09240,6.3,7.045243735921149,-0.7452437359211492
P09241,8.4,7.7837821836632,0.6162178163368006
P09242,7.7,7.283233792292589,0.41676620770741124
P09243,7.5,7.788832014813226,-0.2888320148132264
P09244,8.7,8.201039526249419,0.4989604737505804
P09245,6.1,5.4920174610921055,0.6079825389078941
P09247,5.7,6.714331296739359,-1.0143312967393587
P09248,7.4,6.300047453257949,1.0999525467420517
P09249,7.4,7.286224310985133,0.11377568901486779
P09250,10.0,9.043606943892373,0.9563930561076273
P09251,8.2,8.585374737004468,-0.38537473700446867
P09252,7.0,6.88223311347514,0.11776688652486023
P09253,7.3,7.091090382220365,0.2089096177796348
P09256,6.4,5.920314441045412,0.4796855589545883
P09257,7.9,8.207468593507777,-0.30746859350777633
P09258,4.7,5.612184588422604,-0.9121845884226039
P09259,5.1,5.899857929737707,-0.7998579297377075
P09260,6.5,7.073522276413753,-0.5735222764137529
P09261,5.7,6.532225422939314,-0.832225422939314
P09264,6.6,6.651120277901233,-0.051120277901233635
P09265,6.9,6.650382660304388,0.24961733969561273
P09267,7.7,6.881666853697598,0.8183331463024022
P09268,5.9,6.361036687797861,-0.46103668779786044
P09269,6.3,5.888299842359771,0.4117001576402286
P09271,4.5,5.256265311031033,-0.7562653110310329
P09273,5.6,6.018443044107367,-0.41844304410736743
P09274,6.2,6.706338039331525,-0.5063380393315251
P09275,7.2,6.43063570650051,0.76936429349949
P09276,6.2,6.097132402294607,0.10286759770539344
P09277,4.8,5.205786981373302,-0.4057869813733026
P09278,6.3,7.497859817766399,-1.1978598177663988
P09279,7.7,6.548342030734232,1.1516579692657682
P09280,7.0,6.387738837503436,0.6122611624965639
P09281,7.3,8.273200673626244,-0.973200673626244
P09282,7.2,7.725619969874418,-0.525619969874418
P09283,6.1,5.90632249789649,0.19367750210350998
P09284,6.9,7.1055520263585255,-0.2055520263585251
P09285,5.5,6.033848141332539,-0.5338481413325393
P09286,6.7,6.753832983401297,-0.05383298340129716
P09288,7.8,8.164913438770544,-0.36491343877054394
P09289,4.5,5.428929417692556,-0.9289294176925562
P09290,6.0,6.34839890039995,-0.3483989003999497
P09291,7.6,7.411684224590791,0.18831577540920907
P09292,7.2,6.190860337133741,1.009139662866259
P09293,6.0,6.435646624518151,-0.43564662451815117
P09294,7.0,6.9282185828627405,0.0717814171372595
P09295,7.3,7.653586318482266,-0.3535863184822663
P09296,8.1,8.376189434897608,-0.27618943489760817
P09297,6.9,6.221324608542107,0.6786753914578938
P09298,6.3,6.771126886903011,-0.4711268869030114
P09299,7.7,7.797307510740561,-0.09730751074056077
P09300,6.9,7.112857225421101,-0.21285722542110097
P09301,8.1,7.958592474871191,0.14140752512880894
P09302,6.9,6.873726985665418,0.02627301433458218
P09303,6.3,6.5506079530117765,-0.25060795301177663
P09304,8.0,8.020162092455577,-0.02016209245557654
P09305,5.7,6.743310520317702,-1.0433105203177018
P09307,7.1,7.295804256906985,-0.19580425690698533
P09308,6.8,7.266735827714929,-0.4667358277149294
P09309,6.7,7.180620401297445,-0.4806204012974451
P09310,6.5,6.508965751779539,-0.008965751779538955
P09311,8.6,8.532291252067457,0.06770874793254222
P09312,6.5,5.96269710914649,0.5373028908535096
P09313,6.8,7.232021949550524,-0.4320219495505242
P09314,7.3,7.5000399535247935,-0.20003995352479365
P09315,6.1,6.272649345381556,-0.17264934538155607
P09318,8.7,8.20703997251442,0.4929600274855801
P09319,7.9,8.141179428009556,-0.2411794280095556
P09321,6.1,6.289275820522266,-0.18927582052226644
P09322,6.9,6.48883460057337,0.41116539942663
P09323,7.8,6.866535822105525,0.933464177894475
P09325,4.4,4.7326854944687735,-0.33268549446877316
P09326,7.5,7.24456518855228,0.25543481144771985
P09327,7.7,6.944089068897781,0.7559109311022194
P09328,5.3,6.2106746775787975,-0.9106746775787977
P09329,8.0,7.863005225242488,0.13699477475751198
P09330,7.8,8.112355844998692,-0.3123558449986925
P09331,6.3,7.523386851845226,-1.223386851845226
P09332,7.7,7.302966543415613,0.3970334565843876
P09333,8.9,7.81209429031453,1.0879057096854705
P09334,6.3,6.164520267071463,0.13547973292853666
P09335,5.3,5.119811948788555,0.1801880512114451
P09336,7.5,8.20372949633262,-0.7037294963326204
P09337,6.6,6.520839224400938,0.07916077559906132
P09338,8.6,7.8905241728336595,0.7094758271663402
P09339,6.5,6.825848176931419,-0.32584817693141943
P09341,8.5,8.29986567799384,0.20013432200616066
P09343,4.5,5.705074915302524,-1.2050749153025242
P09344,4.7,5.218276162372476,-0.5182761623724756
P09346,8.0,7.559627659355935,0.44037234064406494
P09348,7.6,7.419595418925725,0.18040458107427426
P09349,8.0,7.262078373180093,0.7379216268199071
P09350,7.8,7.913388639248135,-0.11338863924813491
P09352,6.8,6.06489513393506,0.7351048660649395
P09353,7.5,7.442373993780564,0.05762600621943559
P09354,5.7,6.336497545218319,-0.6364975452183188
P09355,7.1,7.213953316889531,-0.11395331688953103
P09356,7.1,7.109162327489672,-0.009162327489672606
P09357,6.2,6.723507271500337,-0.5235072715003364
P09359,3.9,4.660485867019699,-0.7604858670196992
P09360,6.0,6.656244871901348,-0.6562448719013476
P09361,8.0,7.54005224941517,0.4599477505848304
P09363,6.9,6.545958107218812,0.35404189278118814
P09365,7.2,6.420648626893137,0.7793513731068629
P09366,7.3,7.713135882658314,-0.413135882658314
P09367,7.0,7.305488584870391,-0.30548858487039077
P09368,7.5,6.724617367334521,0.7753826326654787
P09369,6.2,7.238366151800961,-1.038366151800961
P09370,8.2,7.429974990768756,0.7700250092312437
P09371,7.3,7.80102297539371,-0.5010229753937105
P09372,7.7,7.477452991837215,0.2225470081627856
P09373,7.5,7.847077382693255,-0.3470773826932554
P09374,5.4,6.042975538971309,-0.6429755389713083
P09375,7.9,7.208268715527506,0.6917312844724943
P09376,6.9,6.928933443440289,-0.028933443440288364
P09377,6.3,6.805411529016576,-0.5054115290165759
P09378,6.7,6.200793213069443,0.4992067869305572
P09381,8.4,7.989045744339704,0.41095425566029675
P09382,7.2,7.523950924081637,-0.32395092408163695
P09383,10.0,8.965937589875246,1.0340624101247542
P09385,9.1,8.48794868011492,0.6120513198850794
P09386,7.7,7.638961161736849,0.06103883826315126
P09387,7.8,6.979743190852278,0.8202568091477218
P09388,7.6,7.69976830227669,-0.09976830227668998
P09389,8.5,8.141212147767728,0.35878785223227183
P09390,7.0,6.632392658730453,0.3676073412695473
P09391,8.2,7.894966385601305,0.3050336143986945
P09392,7.0,6.930245340977583,0.06975465902241673
P09393,6.4,6.272758258301012,0.12724174169898816
P09394,7.0,7.147893671906935,-0.14789367190693525
P09395,5.6,5.658062601039599,-0.05806260103959904
P09396,8.3,7.760177736666197,0.5398222633338037
P09397,6.8,6.183426882784744,0.616573117215256
P09398,7.4,7.02352488446869,0.37647511553130997
P09400,7.5,7.918510750161328,-0.4185107501613281
P09401,7.9,8.354225039312478,-0.4542250393124778
P09402,7.0,6.953094648192027,0.04690535180797273
P09403,8.5,7.697139606977759,0.8028603930222413
P09405,7.9,6.92584445784765,0.9741555421523502
P09406,7.4,6.868290532735037,0.5317094672649629
P09407,6.5,6.919061326322191,-0.41906132632219073
P09408,9.2,8.043176528093896,1.1568234719061028
P09409,6.0,6.22431367624429,-0.22431367624429033
P09410,8.5,8.664292226065132,-0.1642922260651325
P09411,7.4,6.390906311232629,1.0090936887673712
P09412,5.5,6.171513181160108,-0.6715131811601083
P09413,6.3,6.086484240092819,0.21351575990718086
P09414,8.0,6.089358685620125,1.910641314379875
P09415,7.6,7.900335337376266,-0.30033533737626605
P09416,7.1,7.692503393313525,-0.5925033933135255
P09417,7.8,7.185997083686478,0.6140029163135221
P09418,6.5,6.614476680940602,-0.11447668094060237
P09419,7.9,7.636493903876207,0.26350609612379294
P09420,10.0,8.863342399518153,1.136657600481847
P09421,6.4,7.234642178729432,-0.8346421787294318
P09422,6.6,7.26145242011507,-0.6614524201150704
P09423,8.1,7.697052351062308,0.4029476489376913
P09424,8.2,6.938131714924589,1.2618682850754102
P09425,6.9,7.234454768342153,-0.3344547683421526
P09426,6.2,6.291652325812997,-0.09165232581299687
P09427,6.0,6.062852750928935,-0.06285275092893539
P09429,8.3,8.034067476253316,0.2659325237466845
P09431,7.3,6.990755033232523,0.30924496676747726
P09432,8.1,7.64115060573681,0.45884939426318994
P09433,8.5,7.971624961136287,0.5283750388637127
P09434,4.7,5.515392988295813,-0.8153929882958124
P09435,8.1,7.190216046264114,0.9097839537358858
P09436,6.1,7.6112470369970495,-1.5112470369970499
P09437,7.2,7.262200371932772,-0.0622003719327715
P09438,6.1,6.139700911827863,-0.03970091182786373
P09440,5.4,6.306798447630669,-0.9067984476306687
P09441,6.1,6.90231757988756,-0.8023175798875606
P09442,7.9,6.841743463182996,1.0582565368170043
P09444,6.1,5.909200770041199,0.1907992299588006
P09446,5.2,7.427056597142,-2.227056597142
P09447,4.6,6.404444734281618,-1.8044447342816188
P09448,6.3,6.016093120513109,0.2839068794868904
P09449,6.7,5.111931521736777,1.5880684782632235
P09450,5.1,5.974778058003048,-0.8747780580030486
P09452,7.3,6.822393457247189,0.47760654275281045
P09453,7.8,7.2379923391656815,0.5620076608343183
P09454,6.6,6.005215189005068,0.5947848109949314
P09455,6.8,6.897419701245549,-0.0974197012455491
P09457,7.8,7.153877152315032,0.6461228476849676
P09458,4.3,6.016032202243834,-1.7160322022438343
P09459,8.2,8.46620262976689,-0.2662026297668909
P09460,6.4,6.919951768881911,-0.5199517688819109
P09461,6.4,5.874100551228803,0.525899448771197
P09462,6.7,7.900074260332685,-1.200074260332685
P09463,5.5,6.935440211858438,-1.4354402118584382
P09464,8.1,9.121723682085427,-1.0217236820854279
P09465,7.1,6.641419531465921,0.45858046853407863
P09466,6.5,6.378736381715075,0.12126361828492538
P09467,5.5,5.711449656279587,-0.21144965627958712
P09468,6.7,7.275491224444909,-0.5754912244449084
P09469,5.8,6.56761996183605,-0.7676199618360497
P09471,6.4,7.401241332971198,-1.0012413329711976
P09472,6.4,6.121333020550293,0.2786669794497074
P09473,6.8,6.540998052051955,0.259001947948045
P09476,6.3,7.652142796639162,-1.3521427966391624
P09477,8.0,8.14159703256281,-0.1415970325628102
P09479,6.2,5.74522305455373,0.45477694544627045
P09480,5.5,6.077129112722152,-0.5771291127221518
P09481,6.4,6.842305371671963,-0.4423053716719627
P09482,7.5,7.553472057381133,-0.05347205738113292
P09483,7.0,6.668756794560454,0.331243205439546
P09484,7.5,7.988911111681667,-0.48891111168166734
P09485,6.9,7.896099454231566,-0.9960994542315653
P09486,6.7,7.0878021230337,-0.38780212303369943
P09488,6.2,8.21145562491935,-2.0114556249193507
P09489,7.7,7.625079953762521,0.07492004623747928
P09491,6.3,5.743930726271088,0.5560692737289115
P09492,7.2,6.577917270749847,0.6220827292501534
P09493,7.2,6.953271721599309,0.246728278400691
P09494,6.3,6.576626597807913,-0.27662659780791277
P09497,4.9,6.982241460997111,-2.0822414609971105
P09498,8.0,7.922267198014779,0.07773280198522059
P09500,6.7,6.887354823118916,-0.18735482311891616
P09503,8.8,9.308093700448,-0.5080937004479988
P09504,8.7,7.988262960449631,0.7117370395503686
P09505,6.7,6.984940517880178,-0.2849405178801776
P09508,6.2,5.953454196247924,0.2465458037520758
P09509,6.2,6.826752006058584,-0.6267520060585836
P09510,7.7,7.279881306681784,0.4201186933182166
P09511,6.1,6.99999808932954,-0.8999980893295403
P09513,5.9,6.395072977827312,-0.49507297782731197
P09514,8.5,8.520018963512694,-0.020018963512693944
P09515,7.2,6.785505027794373,0.4144949722056275
P09516,8.6,8.982019622068282,-0.38201962206828277
P09517,4.8,6.008144579606025,-1.2081445796060253
P09518,6.9,7.09562257286997,-0.19562257286996942
P09519,5.1,5.006689236420246,0.09331076357975387
P09520,5.8,6.0591238030638,-0.2591238030638001
P09521,8.1,7.243055670925967,0.8569443290740324
P09522,9.0,9.078303113725974,-0.07830311372597443
P09524,8.2,7.500653926076901,0.6993460739230981
P09525,6.2,8.002110407602117,-1.8021104076021173
P09526,7.6,7.477409461529093,0.12259053847090673
P09527,6.1,6.298656765516848,-0.19865676551684874
P09530,7.2,7.041865891213012,0.15813410878698786
P09531,5.2,5.796079284150815,-0.5960792841508145
P09532,6.7,7.221254271510888,-0.5212542715108874
P09534,6.8,6.494348161720948,0.3056518382790516
P09537,8.1,8.062546238796598,0.037453761203401825
P09538,7.9,6.937615904356346,0.962384095643654
P09539,8.3,7.969998163293159,0.3300018367068418
P09540,8.4,7.833498290789953,0.5665017092100477
P09541,6.5,6.842320487476595,-0.34232048747659505
P09542,8.1,7.359680836495741,0.7403191635042585
P09543,8.0,7.019304963010782,0.9806950369892178
P09544,5.9,6.725407962216156,-0.8254079622161559
P09545,7.1,7.67858775241497,-0.5785877524149701
P09546,5.5,6.938856365940399,-1.4388563659403992
P09547,6.2,7.08871141879408,-0.8887114187940801
P09548,7.1,7.668135200733984,-0.5681352007339839
P09549,7.4,7.666068026186431,-0.26606802618643055
P09550,7.1,7.015817949860201,0.08418205013979829
P09551,7.3,7.244193625914745,0.055806374085254795
P09552,6.6,6.680386390249225,-0.08038639024922567
P09553,5.9,6.650687228968792,-0.7506872289687916
P09554,8.5,8.27481691880876,0.22518308119123986
P09555,8.4,7.395475960326308,1.0045240396736927
P09556,6.7,6.907447229248239,-0.20744722924823922
P09557,6.4,6.898862529721429,-0.4988625297214284
P09558,7.1,6.503448629529053,0.5965513704709471
P09559,7.2,7.208911291184813,-0.008911291184812598
P09561,9.3,8.954465624081498,0.34553437591850233
P09564,7.5,6.958248575419208,0.5417514245807924
P09565,7.4,7.513921435825023,-0.11392143582502268
P09566,6.5,6.270169759153068,0.22983024084693238
P09567,4.9,5.511256974023647,-0.6112569740236466
P09568,8.3,7.870386119196373,0.42961388080362806
P09570,7.4,7.290741281481583,0.10925871851841773
P09571,6.1,6.076217737379963,0.023782262620036576
P09573,5.0,5.239148533174188,-0.2391485331741876
P09574,8.0,7.04945248861057,0.9505475113894297
P09576,7.9,6.6233895179885485,1.2766104820114519
P09577,6.4,6.766208363804712,-0.366208363804712
P09578,8.7,8.178471239658618,0.521528760341381
P09579,7.7,8.340591625488374,-0.6405916254883737
P09580,7.1,7.4557123041391185,-0.3557123041391188
P09581,8.5,7.629281390500378,0.8707186094996224
P09582,6.4,7.207918415951814,-0.8079184159518134
P09583,5.4,5.598666961249419,-0.19866696124941896
P09585,6.7,6.729166613402217,-0.029166613402217045
P09586,8.7,7.969504692197547,0.7304953078024523
P09588,6.9,6.528272838997255,0.3717271610027453
P09589,8.1,6.955384102287632,1.1446158977123675
P09591,6.5,5.647071512385346,0.8529284876146539
P09592,4.4,5.572136324860722,-1.1721363248607215
P09594,8.4,6.7544115630188735,1.645588436981127
P09595,6.8,6.915629973064188,-0.11562997306418854
P09596,7.7,7.9143409338428095,-0.21434093384280928
P09597,7.3,5.444619122867996,1.8553808771320037
P09598,4.8,4.954116856552375,-0.15411685655237495
P09599,8.2,7.433570190795481,0.7664298092045181
P09600,8.5,7.842715375614566,0.6572846243854338
P09601,8.1,7.597162685905467,0.502837314094533
P09602,7.2,6.81302279421656,0.38697720578343997
P09603,7.2,7.281876632636332,-0.08187663263633205
P09604,5.0,5.466083811985026,-0.46608381198502613
P09605,8.0,6.95342573384522,1.0465742661547797
P09606,7.3,6.923249142932046,0.37675085706795386
P09607,7.8,7.523824547933494,0.2761754520665054
P09608,7.1,6.858965292237843,0.2410347077621564
P09610,9.0,9.456883295988543,-0.4568832959885434
P09611,7.3,6.744350055014888,0.5556499449851122
P09612,6.6,6.543424855899657,0.05657514410034281
P09613,5.6,7.236979410361008,-1.6369794103610085
P09614,8.8,8.568034669903232,0.23196533009676834
P09615,7.7,6.762399640952959,0.9376003590470408
P09617,7.0,6.366550820188262,0.6334491798117377
P09618,6.4,6.223889315442991,0.17611068455700973
P09619,6.1,5.941091411681722,0.15890858831827792
P09620,5.5,5.650355385538971,-0.15035538553897076
P09621,5.3,5.6029097836924375,-0.3029097836924377
P09622,7.8,8.116431178766868,-0.31643117876686855
P09623,7.5,7.824301142896573,-0.32430114289657297
P09624,6.3,6.4418082206854494,-0.14180822068544963
P09625,6.6,7.794855607453481,-1.1948556074534817
P09626,8.0,6.895674069993222,1.1043259300067776
P09627,7.7,7.426976192301795,0.27302380769820545
P09629,7.0,6.280840341581429,0.7191596584185707
P09630,8.0,8.625263248923355,-0.6252632489233552
P09631,7.7,7.600054569266898,0.09994543073310247
P09632,5.7,7.010884483053276,-1.3108844830532762
P09634,6.8,6.810152974575521,-0.010152974575521334
P09635,8.6,8.379939216823642,0.2200607831763577
P09636,7.1,7.1826893663435225,-0.08268936634352286
P09637,7.0,7.911991529910048,-0.9119915299100478
P09638,5.2,7.010762138000425,-1.8107621380004248
P09639,6.3,6.239272321211408,0.06072767878859153
P09640,6.2,6.147582075270598,0.05241792472940254
P09641,6.6,6.683908007298178,-0.08390800729817816
P09642,6.7,7.098707056790619,-0.39870705679061924
P09643,6.9,6.049299531474638,0.8507004685253623
P09645,6.7,6.436468428077157,0.2635315719228428
P09646,5.1,6.346438982957308,-1.246438982957308
P09648,7.4,6.073346136322648,1.3266538636773522
P09649,6.5,6.104708471583112,0.3952915284168883
P09650,5.4,5.1429311916233535,0.2570688083766468
P09652,8.9,7.623897961812644,1.2761020381873562
P09653,7.5,7.471818445272499,0.02818155472750128
P09655,7.8,7.2687110251884866,0.5312889748115133
P09656,7.7,8.601778411237433,-0.9017784112374327
P09657,5.8,6.49801503142109,-0.6980150314210904
P09658,5.2,6.748141231102645,-1.5481412311026448
P09659,8.2,8.151911078269347,0.0480889217306526
P09660,5.6,6.989051581464014,-1.389051581464014
P09661,7.8,8.092752975399925,-0.2927529753999254
P09662,7.0,6.364723595220389,0.6352764047796109
P09663,6.0,6.687469539752153,-0.6874695397521533
P09664,5.9,5.663082068183151,0.2369179318168495
P09665,6.1,6.330635274684993,-0.23063527468499334
P09666,6.6,6.305009447705761,0.2949905522942382
P09667,6.5,7.268194833624947,-0.7681948336249471
P09668,4.9,5.353459945124504,-0.4534599451245036
P09669,7.6,7.4428741988710865,0.15712580112891317
P09670,6.9,6.418283946427147,0.4817160535728533
P09671,6.8,7.135530710876208,-0.335530710876208
P09672,8.1,7.654706979159846,0.445293020840154
P09673,5.8,7.348168874313514,-1.5481688743135145
P09674,7.1,7.7285304186137616,-0.6285304186137619
P09675,7.6,7.322054041962417,0.2779459580375825
P09676,6.7,5.796982704378672,0.9030172956213285
P09677,5.6,6.15992973642712,-0.5599297364271205
P09678,6.9,7.1709719517705865,-0.2709719517705862
P09679,8.7,8.694982040607558,0.00501795939244154
P09680,8.5,8.669088506662249,-0.1690885066622485
P09681,6.3,6.627862566952787,-0.3278625669527875
P09682,5.6,5.26974187022397,0.33025812977602964
P09683,7.3,6.605402614258823,0.6945973857411767
P09684,5.6,5.452955771066856,0.14704422893314373
P09685,7.8,7.681192272263448,0.11880772773655224
P09687,7.7,6.547741455625767,1.1522585443742335
P09688,7.9,7.068108617903548,0.831891382096452
P09689,7.1,7.531020533018687,-0.43102053301868715
P09692,6.6,5.864556547714329,0.7354434522856703
P09693,9.7,9.04065563387782,0.6593443661221787
P09695,4.6,5.494147398481457,-0.894147398481457
P09696,6.4,7.0435913193825535,-0.6435913193825531
P09697,6.2,6.098071894342469,0.10192810565753074
P09699,6.4,6.272791808708599,0.12720819129140093
P09700,9.1,8.57441442571509,0.5255855742849089
P09701,7.6,7.120618126135906,0.47938187386409403
P09704,8.3,8.687756682623501,-0.3877566826235004
P09705,7.9,7.419978363348973,0.4800216366510277
P09706,8.3,7.595575008006589,0.7044249919934114
P09707,7.6,6.630252165647756,0.9697478343522432
P09708,5.6,6.33642656686865,-0.7364265668686505
P09709,6.7,7.120603603207973,-0.4206036032079732
P09710,5.3,6.102093106973895,-0.8020931069738948
P09711,6.3,6.299251915842163,0.0007480841578368924
P09712,7.7,7.633454806356948,0.06654519364305234
P09714,6.6,6.446823731622287,0.15317626837771225
P09715,7.6,7.076143699241555,0.5238563007584442
P09716,8.6,7.764049559549598,0.8359504404504019
P09718,4.6,5.945414398666704,-1.345414398666704
P09719,6.8,6.268073316740939,0.5319266832590612
P09721,8.8,8.13718463826936,0.6628153617306403
P09722,6.4,7.029136930635255,-0.629136930635255
P09723,6.5,5.96023219942489,0.5397678005751096
P09725,5.4,5.980596927371803,-0.5805969273718024
P09726,5.8,6.090479050954066,-0.29047905095406623
P09727,6.8,7.259196563909257,-0.45919656390925745
P09729,6.8,6.54845519572123,0.2515448042787698
P09730,7.3,6.483995573072637,0.8160044269273632
P09731,6.9,6.5366018277766695,0.3633981722233308
P09732,5.5,6.821637838557468,-1.3216378385574679
P09733,7.2,8.23805130519077,-1.038051305190769
P09734,8.3,8.000835718761445,0.2991642812385553
P09735,5.0,5.871059929790657,-0.8710599297906567
P09736,7.8,8.362193866231172,-0.5621938662311718
P09737,6.5,6.724626590076785,-0.22462659007678543
P09738,6.3,5.961820756056362,0.33817924394363796
P09739,7.2,7.144288597040804,0.0557114029591963
P09740,6.4,6.300650431427987,0.0993495685720136
P09742,8.0,7.232097822332803,0.7679021776671968
P09743,8.8,8.535953574596443,0.26404642540355816
P09744,5.2,6.465254195658422,-1.2652541956584216
P09745,6.9,6.631429904829786,0.26857009517021435
P09746,7.5,7.471569923877023,0.028430076122977432
P09747,8.5,7.876533069812162,0.6234669301878384
P09748,6.9,6.777713679168506,0.1222863208314946
P09750,9.0,8.890495040667428,0.10950495933257187
P09751,8.0,7.877283674522518,0.1227163254774819
P09752,6.3,6.182922474074783,0.11707752592521725
P09753,9.6,8.449776722614079,1.150223277385921
P09754,7.1,6.581901445646455,0.5180985543535446
P09755,5.4,6.081168830668364,-0.6811688306683639
P09756,7.9,8.42359662543642,-0.5235966254364204
P09757,7.2,7.074257191893156,0.12574280810684435
P09760,8.5,7.517495908982905,0.9825040910170948
P09761,6.2,6.32020825479437,-0.12020825479436947
P09762,6.4,5.755740133272242,0.6442598667277579
P09764,5.0,5.775530464467266,-0.7755304644672663
P09765,4.8,5.715675653825999,-0.9156756538259989
P09767,5.3,6.326432009578575,-1.026432009578575
P09769,5.1,6.265494739167629,-1.1654947391676291
P09770,7.5,6.950591142709574,0.5494088572904259
P09771,6.4,6.0402095274983525,0.35979047250164786
P09773,5.3,6.072496037894367,-0.772496037894367
P09774,5.8,6.08570358583476,-0.2857035858347601
P09775,5.7,6.316738231066679,-0.6167382310666785
P09776,5.6,6.179769768774283,-0.5797697687742831
P09777,6.8,6.997986126319712,-0.19798612631971224
P09780,4.2,5.53720149692556,-1.3372014969255597
P09781,8.1,8.507329081170408,-0.407329081170408
P09782,6.3,6.832236078561694,-0.5322360785616942
P09783,8.1,7.4679272781234545,0.6320727218765452
P09784,9.4,8.243741526513157,1.1562584734868437
P09785,7.8,7.854278761244139,-0.054278761244138884
P09786,7.7,7.219228740220601,0.4807712597793996
P09787,7.6,7.8724318530761614,-0.2724318530761618
P09788,6.9,7.316538981337765,-0.4165389813377649
P09790,8.9,8.440555809810652,0.45944419018934823
P09791,7.6,8.472830832078813,-0.8728308320788134
P09792,7.6,7.114914632161546,0.4850853678384537
P09793,6.1,7.061485020602168,-0.9614850206021686
P09794,6.5,7.642675472169503,-1.1426754721695032
P09795,7.3,6.7776026616014775,0.5223973383985223
P09797,6.9,6.387448064500935,0.5125519354990651
P09799,5.5,6.513201938738253,-1.013201938738253
P09800,6.3,6.314318607577351,-0.014318607577351372
P09801,5.1,5.707342414640564,-0.6073424146405646
P09802,5.9,6.160106285969496,-0.2601062859694956
P09803,6.0,5.707908320083952,0.292091679916048
P09804,6.5,6.709580910957167,-0.20958091095716735
P09806,5.8,6.937576111369354,-1.1375761113693539
P09807,7.4,7.993818953119305,-0.593818953119305
P09808,5.8,5.884703918064395,-0.08470391806439537
P09811,5.9,6.590430417104837,-0.690430417104837
P09813,7.6,6.394487916278504,1.2055120837214952
P09814,6.3,6.484817436935566,-0.18481743693556574
P09815,7.2,6.831569070719777,0.3684309292802235
P09818,5.6,5.702201966732532,-0.10220196673253223
P09819,6.4,6.960724693910024,-0.5607246939100232
P09821,8.1,7.606362271433706,0.49363772856629407
P09822,7.6,7.487792084130564,0.11220791586943601
P09824,7.3,6.241848394641962,1.058151605358038
P09825,6.9,7.621721109187392,-0.7217211091873921
P09826,7.8,8.20268824095953,-0.40268824095953004
P09828,6.7,6.01687724615581,0.6831227538441897
P09829,8.1,7.383414430570722,0.7165855694292773
P09831,7.8,8.027193656046652,-0.22719365604665231
P09832,6.0,6.678792261884045,-0.6787922618840447
P09833,5.8,6.0804618646461055,-0.2804618646461057
P09834,7.7,7.4968373474246865,0.20316265257531363
P09835,7.2,6.788252095005713,0.4117479049942876
P09836,8.8,7.6367674998985215,1.1632325001014792
P09837,6.2,6.261504037644576,-0.06150403764457568
P09838,7.8,7.932199864583856,-0.13219986458385602
P09839,6.9,7.211309099767994,-0.3113090997679935
P09841,5.9,6.6936188367276594,-0.7936188367276591
P09843,5.8,5.974544970358546,-0.17454497035854644
P09845,6.4,7.063254304510177,-0.6632543045101764
P09846,8.3,7.768135315860548,0.5318646841394523
P09848,7.3,6.785098109724738,0.5149018902752616
P09849,9.4,9.020363461964005,0.37963653803599584
P09850,8.7,8.990543788006688,-0.2905437880066888
P09851,6.5,6.778643425266697,-0.27864342526669716
P09852,7.9,7.716349919597707,0.18365008040229291
P09853,6.1,6.471540366001721,-0.3715403660017209
P09854,6.7,6.893592465163189,-0.19359246516318862
P09855,8.3,7.918548513127069,0.3814514868729315
P09856,6.9,6.728784807128861,0.17121519287113962
P09857,6.6,6.7828479140743,-0.18284791407430045
P09859,7.3,6.900169203191249,0.3998307968087511
P09860,5.3,5.102156082455584,0.19784391754441621
P09861,8.9,8.271982675490584,0.6280173245094165
P09862,9.3,8.62806732865999,0.6719326713400111
P09863,6.9,7.007209209024572,-0.10720920902457198
P09864,6.1,6.622900731255293,-0.5229007312552936
P09865,8.9,8.703882911162442,0.19611708883755874
P09866,6.6,6.361880944657211,0.23811905534278832
P09868,8.9,8.104648004597431,0.7953519954025694
P09869,6.6,6.865701494275593,-0.26570149427559375
P09871,8.4,8.131148467280749,0.26885153271925155
P09872,8.7,8.696232204724886,0.0037677952751131727
P09875,3.1,4.483233423016134,-1.3832334230161343
P09876,8.1,7.269761178845647,0.830238821154353
P09877,8.4,8.030046618192973,0.3699533818070275
P09879,5.8,5.029871204195659,0.7701287958043412
P09880,8.7,7.662318696936515,1.0376813030634846
P09882,5.5,5.918804086930253,-0.41880408693025295
P09883,5.5,5.983512730881296,-0.4835127308812961
P09884,8.1,7.863345061551518,0.2366549384484813
P09885,7.6,8.477149990351077,-0.8771499903510769
P09886,6.5,7.307370114032498,-0.8073701140324978
P09887,7.6,6.847682576225155,0.7523174237748442
P09889,5.7,5.5240795320871365,0.17592046791286364
P09890,7.6,7.276278149336529,0.32372185066347026
P09891,7.3,7.424774114141401,-0.1247741141414016
P09892,8.1,7.862390886487431,0.23760911351256908
P09893,6.8,6.421294019143261,0.378705980856739
P09895,7.7,6.70449517104145,0.9955048289585502
P09896,6.6,7.467952269162818,-0.8679522691628181
P09897,7.3,8.499401256354789,-1.199401256354789
P09898,6.5,6.7661202882046645,-0.2661202882046645
P09901,6.8,5.832834646545717,0.9671653534542832
P09902,8.8,8.61796470212375,0.18203529787625072
P09903,8.1,7.421676608007536,0.678323391992464
P09904,5.5,7.950811221413808,-2.450811221413808
P09905,7.9,7.415612389168667,0.48438761083133297
P09906,4.4,5.916131969227247,-1.5161319692272466
P09907,8.1,7.50011164467624,0.5998883553237597
P09909,7.2,7.157834746344595,0.04216525365540491
P09910,6.4,6.85704314807269,-0.45704314807268975
P09911,8.0,7.438886707352574,0.561113292647426
P09912,5.9,5.6820017866501695,0.21799821334983083
P09913,7.2,7.367937579378875,-0.16793757937887488
P09914,7.6,7.034440779116648,0.565559220883352
P09915,7.9,8.15840678006318,-0.2584067800631793
P09916,6.9,7.11956735451512,-0.21956735451512
P09917,8.4,8.03292632073466,0.3670736792653404
P09918,6.6,6.340791333669668,0.25920866633033146
P09920,7.0,7.69919763813001,-0.69919763813001
P09921,5.0,5.188850514596188,-0.1888505145961883
P09922,6.6,6.365995114358552,0.23400488564144784
P09924,5.9,6.407852056376286,-0.5078520563762856
P09926,6.7,7.257795624690812,-0.5577956246908116
P09927,8.5,7.756593505517028,0.7434064944829721
P09928,8.2,8.402783374693831,-0.20278337469383168
P09929,6.2,7.124087833154755,-0.9240878331547551
P09930,8.1,7.049733574638468,1.0502664253615315
P09931,7.4,7.988387219446913,-0.5883872194469131
P09932,5.6,6.284274169818248,-0.6842741698182486
P09934,8.2,8.436802970414242,-0.23680297041424225
P09935,6.8,5.037909896974165,1.7620901030258347
P09936,8.0,8.482185234587002,-0.4821852345870017
P09937,7.5,7.314342776532287,0.18565722346771274
P09938,7.9,9.041113887139714,-1.1411138871397135
P09939,9.4,8.664464164004295,0.7355358359957052
P09940,6.4,6.360233300336668,0.039766699663332794
P09941,7.5,7.594827923987029,-0.09482792398702866
P09944,6.9,6.864943614847172,0.03505638515282872
P09945,5.7,6.570705590757394,-0.8707055907573942
P09946,7.7,7.273129545154728,0.42687045484527175
P09947,5.9,6.928209599642583,-1.028209599642583
P09948,8.5,8.630554284970257,-0.13055428497025723
P09949,6.0,6.2124527169433295,-0.21245271694332946
P09950,6.8,6.95700534839443,-0.15700534839443048
P09951,9.1,9.191505078857912,-0.09150507885791193
P09952,5.1,6.302579461017009,-1.2025794610170095
P09953,8.8,8.367574094357789,0.43242590564221217
P09954,7.7,6.9100023328876405,0.7899976671123596
P09955,5.2,5.792409852089149,-0.5924098520891485
P09956,7.9,7.404671004381729,0.49532899561827115
P09957,8.2,6.7994961792868445,1.4005038207131548
P09959,7.3,6.026636873696964,1.2733631263030354
P09960,8.1,7.57522589567786,0.5247741043221392
P09961,8.3,7.4289998918231825,0.8710001081768182
P09962,7.9,8.023395048924225,-0.12339504892422504
P09963,6.7,6.589490454989337,0.11050954501066279
P09964,9.2,8.369829863228777,0.8301701367712226
P09965,5.6,6.195965792235143,-0.5959657922351438
P09970,5.7,6.070042093957964,-0.37004209395796384
P09971,7.7,7.4296985666302255,0.27030143336977464
P09972,6.5,7.263581183215268,-0.7635811832152681
P09973,8.4,8.203175596185064,0.1968244038149365
P09974,6.8,6.496785031766958,0.30321496823304184
P09976,7.8,7.515143741036218,0.28485625896378153
P09977,5.9,5.677931366425601,0.22206863357439932
P09978,7.5,7.454289066667879,0.04571093333212062
P09979,5.4,5.173559862393288,0.226440137606712
P09980,8.2,7.897794041972503,0.3022059580274963
P09981,8.6,8.873718311479067,-0.2737183114790671
P09982,6.9,7.1521131102411255,-0.25211311024112515
P09983,8.1,7.933984051028993,0.16601594897100647
P09984,5.3,6.5308498935447385,-1.2308498935447387
P09985,6.8,6.567320933153188,0.23267906684681172
P09986,5.8,5.472258087740912,0.32774191225908744
P09987,7.9,7.932301296204635,-0.03230129620463451
P09988,8.6,7.846528707069253,0.7534712929307466
P09990,4.6,4.8850326565579385,-0.28503265655793886
P09992,6.8,6.8807034463439525,-0.08070344634395266
P09994,8.5,8.1708689478823,0.32913105211770066
P09996,7.5,6.808806151292896,0.6911938487071039
P09998,4.7,5.375098765797492,-0.6750987657974914
P09999,6.8,6.291338342069431,0.5086616579305687
P10000,8.0,8.338153936643055,-0.3381539366430548
